{"type":"FeatureCollection","features":[{"type":"Feature","properties":{},"geometry":{"type":"MultiLineString","coordinates":[[[-112.35555,41.48377],[-112.35603,41.48787]],[[-112.35603,41.48787],[-112.35682,41.49126]],[[-112.35682,41.49126],[-112.35802,41.49559]],[[-112.35835,41.50012],[-112.35842,41.50321]],[[-112.36446,41.53452],[-112.36724,41.53748]],[[-112.36899,41.53957],[-112.3709,41.54206]],[[-112.37568,41.54721],[-112.3782,41.55062]],[[-112.07072,41.42728],[-112.07411,41.42758]],[[-110.72712,42.54881],[-110.72773,42.552]],[[-110.80729,42.21638],[-110.8071,42.21312]],[[-110.79961,42.07101],[-110.7971,42.06916]],[[-110.79362,42.09743],[-110.79494,42.09473]],[[-111.03891,42.51198],[-111.03635,42.50991]],[[-111.67058,41.13625],[-111.66691,41.13582],[-111.66239,41.13198],[-111.65609,41.13118],[-111.65286,41.12941],[-111.64919,41.1288]],[[-111.84432,41.05928],[-111.8392,41.05936],[-111.83861,41.06104],[-111.83682,41.06184],[-111.83388,41.06162],[-111.82607,41.05864],[-111.822,41.05853],[-111.81459,41.06097],[-111.81157,41.06126],[-111.8063,41.0591],[-111.79529,41.05872],[-111.7893,41.05964],[-111.78653,41.05929],[-111.77993,41.06145],[-111.77252,41.06492],[-111.77051,41.06891],[-111.7672,41.07091],[-111.76695,41.07227],[-111.76409,41.07338],[-111.76153,41.0732],[-111.75308,41.07774],[-111.75038,41.08284],[-111.7477,41.085],[-111.74702,41.08703],[-111.72835,41.09092],[-111.72775,41.09233],[-111.72418,41.09593],[-111.72255,41.09887],[-111.72079,41.10041],[-111.72006,41.10297],[-111.71929,41.10362],[-111.71253,41.1063],[-111.70306,41.11112],[-111.70025,41.11133],[-111.69716,41.11284],[-111.69316,41.1135],[-111.68947,41.1131],[-111.68489,41.11607],[-111.68261,41.11682],[-111.6816,41.11923],[-111.68198,41.12355],[-111.67843,41.12585],[-111.6769,41.12608],[-111.67574,41.12724],[-111.67466,41.12998],[-111.67202,41.1319],[-111.67058,41.13625]],[[-111.99603,41.21423],[-111.99556,41.21922],[-111.99601,41.22098],[-112.00261,41.22573],[-112.00351,41.22735],[-112.00367,41.23178],[-112.00241,41.2348]],[[-111.31298,41.012],[-111.3163,41.01476],[-111.31782,41.015],[-111.32235,41.01779],[-111.32425,41.02172],[-111.32629,41.02214],[-111.32856,41.02426],[-111.33069,41.02426],[-111.33169,41.02549],[-111.33692,41.02801],[-111.33753,41.02904],[-111.33673,41.03081]],[[-111.28033,40.77829],[-111.27846,40.77851],[-111.27752,40.77981],[-111.27524,40.78047],[-111.2728,40.78332],[-111.26987,40.78498],[-111.2674,40.7884],[-111.26563,40.78957],[-111.26456,40.7924],[-111.25937,40.79319],[-111.25931,40.79547]],[[-111.25822,40.80695],[-111.26122,40.80932],[-111.26125,40.8114],[-111.26285,40.81696],[-111.26657,40.81764],[-111.26995,40.81617],[-111.27836,40.81525],[-111.28329,40.81835],[-111.28493,40.81851]],[[-111.31254,40.77185],[-111.3079,40.77084],[-111.30449,40.77287],[-111.30235,40.77505],[-111.29859,40.77619],[-111.2913,40.77792],[-111.28673,40.77635],[-111.28033,40.77829]],[[-111.85188,41.08231],[-111.85091,41.08806],[-111.85314,41.08938],[-111.85509,41.09245],[-111.85432,41.09434],[-111.85147,41.09747]],[[-112.07476,41.28305],[-112.07878,41.28257],[-112.08304,41.28111],[-112.08404,41.28614],[-112.0817,41.28893],[-112.08143,41.29073],[-112.08314,41.29499],[-112.08336,41.29719]],[[-111.25931,40.79547],[-111.25986,40.79644],[-111.25965,40.7981],[-111.25884,40.79982],[-111.25744,40.80088],[-111.25844,40.80469],[-111.25822,40.80695]],[[-111.4821,41.19976],[-111.48198,41.20174],[-111.48352,41.20354],[-111.48278,41.2065],[-111.48417,41.21042],[-111.48293,41.21207],[-111.48614,41.21608],[-111.48717,41.21875],[-111.49074,41.2198],[-111.4959,41.2227],[-111.49698,41.22477],[-111.49714,41.2273]],[[-111.41696,41.07405],[-111.41286,41.07393],[-111.41088,41.07508],[-111.4083,41.07497],[-111.40624,41.0763],[-111.40489,41.07862],[-111.40294,41.07875],[-111.40036,41.08136],[-111.3973,41.08005],[-111.39597,41.08015],[-111.39405,41.08146],[-111.39239,41.08147],[-111.39224,41.08328],[-111.3909,41.08472],[-111.38877,41.08549],[-111.38678,41.08483],[-111.38454,41.08631],[-111.38077,41.08696]],[[-111.28493,40.81851],[-111.28616,40.81904],[-111.2877,40.82303],[-111.2895,40.82554],[-111.28859,40.83025],[-111.2871,40.83184],[-111.28699,40.83516],[-111.29328,40.83728],[-111.29408,40.83825],[-111.29631,40.83818],[-111.29907,40.84041],[-111.29823,40.84604],[-111.29967,40.84747],[-111.29998,40.84873],[-111.2974,40.854],[-111.29811,40.85757],[-111.30113,40.85967],[-111.302,40.86234],[-111.30339,40.86423],[-111.30299,40.86619],[-111.30564,40.8691],[-111.30561,40.87167],[-111.30698,40.87571],[-111.30694,40.87739],[-111.30816,40.88105],[-111.3104,40.88266],[-111.31092,40.8852],[-111.31002,40.88743],[-111.31016,40.88873],[-111.312,40.89196]],[[-111.25367,41.01594],[-111.25082,41.01754],[-111.25022,41.01962],[-111.24816,41.02039],[-111.24623,41.02055],[-111.24206,41.01829],[-111.23781,41.0187],[-111.23618,41.02131],[-111.23379,41.02244],[-111.23,41.02327],[-111.22848,41.02266],[-111.22346,41.02685],[-111.22249,41.02887],[-111.21834,41.03235],[-111.21682,41.03578],[-111.21295,41.03732],[-111.21228,41.0406],[-111.20911,41.04333],[-111.2072,41.04411],[-111.20673,41.04585],[-111.20182,41.04777],[-111.19775,41.05046],[-111.19163,41.05257]],[[-111.31254,40.77185],[-111.32496,40.77297],[-111.32863,40.77428],[-111.33004,40.77584],[-111.33909,40.77343],[-111.3443,40.7732],[-111.35304,40.77113],[-111.35478,40.77122],[-111.3811,40.76432],[-111.3839,40.76454],[-111.38459,40.76549],[-111.38333,40.76699],[-111.3835,40.76827],[-111.38176,40.76922],[-111.38208,40.77241],[-111.38158,40.77348],[-111.37842,40.77426],[-111.3773,40.77502],[-111.37704,40.77613],[-111.37268,40.77766],[-111.37235,40.78025],[-111.37102,40.78157],[-111.37006,40.78409],[-111.3681,40.78362],[-111.36637,40.78403],[-111.3642,40.78697],[-111.35761,40.78724],[-111.35627,40.78966],[-111.35294,40.79068],[-111.34884,40.79361],[-111.34728,40.79354],[-111.34347,40.79495],[-111.3404,40.79335],[-111.33923,40.7942],[-111.33884,40.7967],[-111.33722,40.79819],[-111.33381,40.79877],[-111.33097,40.79786],[-111.32971,40.79825],[-111.32809,40.79926],[-111.32828,40.80159],[-111.32689,40.80461],[-111.32048,40.80855],[-111.3175,40.81161]],[[-111.44785,41.27484],[-111.4469,41.27727],[-111.44535,41.2779],[-111.44641,41.28195],[-111.44625,41.28483],[-111.44456,41.28727],[-111.44009,41.28994],[-111.443,41.29231],[-111.43942,41.29523],[-111.44244,41.29779],[-111.44298,41.3012],[-111.44485,41.30338],[-111.44443,41.30696],[-111.4469,41.31008],[-111.4485,41.31047],[-111.44782,41.31347],[-111.44942,41.31491]],[[-111.39954,40.81617],[-111.40008,40.81441],[-111.404,40.81001],[-111.4066,40.80868],[-111.41101,40.80825],[-111.40993,40.80734],[-111.41061,40.80463],[-111.41909,40.7999],[-111.42401,40.80345],[-111.42968,40.79998],[-111.4359,40.79895],[-111.44176,40.79359],[-111.44222,40.7911],[-111.44133,40.78882],[-111.4436,40.78746],[-111.44548,40.7835],[-111.44504,40.78196],[-111.44193,40.78216],[-111.43985,40.78122],[-111.44176,40.779],[-111.43922,40.77773],[-111.43896,40.77657],[-111.44361,40.77447],[-111.44337,40.77243],[-111.44566,40.76977],[-111.44704,40.76527],[-111.44666,40.76117],[-111.4458,40.76054],[-111.44468,40.75795],[-111.44128,40.75551],[-111.44125,40.75408],[-111.44182,40.75055],[-111.44439,40.74815],[-111.44443,40.74653],[-111.44375,40.74543],[-111.44424,40.74007],[-111.44202,40.73882],[-111.44363,40.73624],[-111.44347,40.7346],[-111.44414,40.73334],[-111.44909,40.7268],[-111.44898,40.7226],[-111.44787,40.72162],[-111.45036,40.71825],[-111.44948,40.71406],[-111.45087,40.70894],[-111.44838,40.70745],[-111.44884,40.70306],[-111.44639,40.70049],[-111.44778,40.69916],[-111.44875,40.69547],[-111.45005,40.69322],[-111.44962,40.69106],[-111.45053,40.68836],[-111.4495,40.68706],[-111.44415,40.68795],[-111.4421,40.68546],[-111.43663,40.68591]],[[-111.59541,41.32607],[-111.59434,41.32815],[-111.59522,41.32933],[-111.59188,41.33075],[-111.59115,41.3343],[-111.58918,41.33576],[-111.58826,41.33753],[-111.5846,41.33903],[-111.57936,41.34267],[-111.58001,41.34588],[-111.57955,41.3471],[-111.577,41.34816],[-111.57548,41.35155],[-111.57346,41.35409],[-111.56955,41.35676],[-111.56871,41.35853],[-111.56569,41.36027],[-111.56616,41.36324],[-111.56451,41.36574],[-111.56165,41.36893],[-111.56013,41.36964],[-111.55876,41.37178],[-111.55627,41.37146],[-111.55264,41.37448],[-111.55559,41.37815],[-111.55278,41.38026],[-111.54862,41.37954],[-111.54704,41.37972],[-111.5459,41.38084],[-111.54826,41.38802],[-111.54533,41.39515],[-111.54786,41.39816],[-111.54661,41.40129],[-111.54434,41.40388],[-111.54399,41.40728]],[[-111.56828,41.29498],[-111.56725,41.29607],[-111.56827,41.2979],[-111.56661,41.30466],[-111.56434,41.30627],[-111.56359,41.31053]],[[-111.55981,41.23993],[-111.55784,41.24188],[-111.55641,41.24669],[-111.55751,41.2553],[-111.55853,41.25764],[-111.55836,41.25919],[-111.55994,41.26108],[-111.55714,41.26791],[-111.5585,41.26882],[-111.55967,41.27135],[-111.56093,41.27099],[-111.56255,41.27146],[-111.56729,41.27445],[-111.5686,41.27738],[-111.56966,41.27768],[-111.57273,41.28071],[-111.5729,41.28221],[-111.57594,41.28708],[-111.57591,41.28804],[-111.57111,41.29229],[-111.57046,41.29418],[-111.56828,41.29498]],[[-111.56359,41.31053],[-111.5691,41.31],[-111.57136,41.30796],[-111.57639,41.30586],[-111.57847,41.30321],[-111.58203,41.30222],[-111.58573,41.29896],[-111.58765,41.29864],[-111.58958,41.30256],[-111.59189,41.30334],[-111.59262,41.30448],[-111.59157,41.31088],[-111.59281,41.31224],[-111.59341,41.31716],[-111.59172,41.31909],[-111.59116,41.32087],[-111.59262,41.32174],[-111.59541,41.32607]],[[-111.39954,40.81617],[-111.39769,40.817],[-111.3947,40.81718],[-111.3925,40.81539],[-111.38824,40.81334],[-111.38238,40.81481],[-111.37335,40.81582],[-111.3703,40.8146],[-111.36749,40.81454],[-111.36581,40.81632],[-111.36432,40.81645],[-111.36327,40.81819],[-111.36057,40.81956],[-111.35266,40.81814],[-111.34973,40.81669],[-111.34737,40.81776],[-111.34097,40.81796],[-111.33442,40.81648],[-111.33231,40.81702],[-111.32469,40.81403],[-111.32305,40.81278],[-111.3175,40.81161]],[[-111.312,40.89196],[-111.31896,40.89179],[-111.32167,40.89457],[-111.32254,40.89344],[-111.3238,40.89342],[-111.32716,40.89169],[-111.33206,40.89252],[-111.33408,40.89358],[-111.33482,40.89606],[-111.33684,40.89773],[-111.33772,40.89971],[-111.34216,40.9029],[-111.34591,40.90369],[-111.34613,40.90653],[-111.34839,40.90677],[-111.35119,40.90892],[-111.35438,40.9079],[-111.35575,40.90616],[-111.35902,40.90624],[-111.36007,40.90546],[-111.36755,40.90423],[-111.36863,40.90328],[-111.36939,40.90392],[-111.37307,40.90423],[-111.37858,40.90891],[-111.38298,40.90761],[-111.3848,40.90792]],[[-111.3175,40.81161],[-111.31578,40.81257],[-111.31435,40.81223],[-111.30964,40.81381],[-111.30844,40.81554],[-111.30691,40.81644],[-111.30684,40.81768],[-111.30373,40.81781],[-111.30268,40.81872],[-111.29936,40.81755],[-111.29589,40.82021],[-111.29169,40.81999],[-111.29149,40.81854],[-111.29213,40.81728],[-111.28493,40.81851]],[[-111.48174,40.85415],[-111.47349,40.84227],[-111.47015,40.84162],[-111.46632,40.83939],[-111.45786,40.83681],[-111.45498,40.83415],[-111.45196,40.83296],[-111.44994,40.83102],[-111.44798,40.83017],[-111.44567,40.82683],[-111.44283,40.82636],[-111.43934,40.82677],[-111.43554,40.82522],[-111.43072,40.82448],[-111.42693,40.82068],[-111.42419,40.81974],[-111.42161,40.81767],[-111.42031,40.81796],[-111.41879,40.81983],[-111.41367,40.81981],[-111.41236,40.819],[-111.41292,40.81686],[-111.41119,40.81694],[-111.4084,40.81598],[-111.4062,40.81378],[-111.40416,40.81287],[-111.40321,40.81302],[-111.4021,40.81568],[-111.39954,40.81617]],[[-111.19163,41.05257],[-111.18187,41.04816],[-111.17772,41.04996],[-111.17576,41.05],[-111.17286,41.04886],[-111.17104,41.04684],[-111.17041,41.04486],[-111.16826,41.04441],[-111.16357,41.04167],[-111.15704,41.04766],[-111.15447,41.04677],[-111.1485,41.04705],[-111.14792,41.04535],[-111.14588,41.04503],[-111.14356,41.04349],[-111.14196,41.03966],[-111.13992,41.03811],[-111.13795,41.03819],[-111.13677,41.03749],[-111.13412,41.03446],[-111.13147,41.03303],[-111.13074,41.03166],[-111.13098,41.02827],[-111.13181,41.02617],[-111.1286,41.02131],[-111.12263,41.01983],[-111.11926,41.02014],[-111.11651,41.01839],[-111.11059,41.01847]],[[-111.11059,41.01847],[-111.11233,41.01561],[-111.11258,41.01221],[-111.11479,41.01011],[-111.11618,41.0074],[-111.1177,41.0066],[-111.11833,41.00535],[-111.11829,41.00266],[-111.11932,41.00178],[-111.11767,40.99906],[-111.11713,40.99453],[-111.11521,40.99351],[-111.11488,40.9926],[-111.11584,40.99142],[-111.12007,40.98899],[-111.12129,40.98739]],[[-111.59541,41.32607],[-111.60308,41.32326],[-111.60404,41.31831],[-111.60519,41.31781],[-111.60615,41.31575],[-111.60721,41.31494],[-111.60697,41.31173],[-111.60761,41.31011],[-111.60985,41.30896],[-111.61359,41.30424],[-111.61404,41.30123],[-111.61525,41.30022],[-111.61513,41.29716],[-111.61798,41.29244],[-111.61978,41.2947],[-111.62062,41.29735],[-111.6227,41.29865],[-111.63283,41.30121],[-111.63973,41.30121],[-111.64501,41.3041],[-111.64744,41.30498],[-111.64871,41.30472],[-111.65153,41.30808],[-111.65498,41.31043],[-111.65561,41.31341],[-111.65825,41.31544],[-111.65877,41.31773],[-111.66297,41.32211],[-111.6698,41.32134],[-111.67204,41.32226],[-111.67508,41.32253],[-111.67833,41.32499]],[[-111.19321,41.11446],[-111.19308,41.11648],[-111.19371,41.11694],[-111.1968,41.11608],[-111.19818,41.11669],[-111.19734,41.11954],[-111.1958,41.12073],[-111.19578,41.12137],[-111.19752,41.12475],[-111.19761,41.127],[-111.19829,41.12808],[-111.20038,41.12875],[-111.20361,41.12822],[-111.20444,41.12946],[-111.2071,41.13099],[-111.21251,41.13166],[-111.21415,41.13436],[-111.21311,41.13671],[-111.21326,41.13902],[-111.2139,41.13998],[-111.21306,41.14048],[-111.2125,41.14234],[-111.21339,41.14435],[-111.2203,41.143],[-111.22089,41.14201]],[[-111.19321,41.11446],[-111.19092,41.11629],[-111.18972,41.11864],[-111.18583,41.12113],[-111.18365,41.11855],[-111.18424,41.11649],[-111.18344,41.11504],[-111.17964,41.11548],[-111.17617,41.11347],[-111.16987,41.11136],[-111.16661,41.10712],[-111.16598,41.10501],[-111.16379,41.10427],[-111.16385,41.10305],[-111.16258,41.10167],[-111.16268,41.09965],[-111.16182,41.09835],[-111.15856,41.09731],[-111.15523,41.09943],[-111.15294,41.09961],[-111.14981,41.09822],[-111.14486,41.09983],[-111.14199,41.09986],[-111.14332,41.09786],[-111.14353,41.09482],[-111.14202,41.09425],[-111.14043,41.09234],[-111.14216,41.0846],[-111.13854,41.08405],[-111.13559,41.0806],[-111.13271,41.07949],[-111.1302,41.08014],[-111.1273,41.07901],[-111.12324,41.07992]],[[-111.22089,41.14201],[-111.22394,41.14303],[-111.22514,41.1426],[-111.22678,41.14368],[-111.22912,41.14412],[-111.22963,41.14488]],[[-111.19163,41.05257],[-111.19116,41.05484],[-111.18975,41.0571],[-111.1898,41.05932],[-111.18723,41.06214],[-111.18984,41.06537],[-111.18782,41.06751],[-111.18735,41.06988],[-111.18591,41.07157],[-111.18732,41.07817],[-111.18852,41.0797],[-111.18853,41.08342],[-111.19096,41.0863],[-111.1906,41.08923],[-111.18941,41.09083],[-111.18875,41.09603],[-111.19184,41.0979],[-111.19461,41.10216],[-111.19502,41.10646],[-111.19405,41.10898],[-111.19525,41.11217],[-111.19321,41.11446]],[[-111.33673,41.03081],[-111.33812,41.03332],[-111.34211,41.03372],[-111.34567,41.03683],[-111.3479,41.03696],[-111.35285,41.04078],[-111.35252,41.04248],[-111.3569,41.04626],[-111.3572,41.04858],[-111.36088,41.05198],[-111.36359,41.05682],[-111.36508,41.05689],[-111.36558,41.05756],[-111.36592,41.05864],[-111.36505,41.06015],[-111.36712,41.06591],[-111.36582,41.06647],[-111.36497,41.0677],[-111.36431,41.07129],[-111.36624,41.07189],[-111.36673,41.07404],[-111.36902,41.07557],[-111.3693,41.07768],[-111.3712,41.08001],[-111.37151,41.08141],[-111.37332,41.08313],[-111.37757,41.08569],[-111.37989,41.08566],[-111.38077,41.08696]],[[-111.3666,41.12996],[-111.36349,41.12808],[-111.35955,41.1293],[-111.35586,41.12883],[-111.35387,41.12932],[-111.35267,41.13038],[-111.34884,41.13006],[-111.34744,41.12884],[-111.34481,41.12898],[-111.34057,41.13274],[-111.33801,41.13296],[-111.33548,41.13449],[-111.33475,41.13623],[-111.33238,41.13829],[-111.32705,41.13691],[-111.32369,41.13729],[-111.31875,41.13249],[-111.31575,41.13112],[-111.31489,41.1323],[-111.31391,41.1323],[-111.30954,41.13039],[-111.30655,41.13118],[-111.30463,41.13344],[-111.30171,41.13433],[-111.30006,41.13714],[-111.294,41.13925],[-111.29193,41.14262],[-111.29115,41.14294],[-111.27498,41.14248],[-111.27153,41.14369],[-111.26787,41.14352],[-111.26491,41.14412]],[[-111.22089,41.14201],[-111.22169,41.14005],[-111.22453,41.13936],[-111.22802,41.13668],[-111.22784,41.13353],[-111.22895,41.13165],[-111.23574,41.12788],[-111.2368,41.12663],[-111.23717,41.12526],[-111.23319,41.12406],[-111.23487,41.12341],[-111.23533,41.12116],[-111.23785,41.11764],[-111.23855,41.11463],[-111.24133,41.11246],[-111.24322,41.10994],[-111.24327,41.10893],[-111.25121,41.10614],[-111.24825,41.10325],[-111.24695,41.09926],[-111.24829,41.09846],[-111.24919,41.09691],[-111.26134,41.09048],[-111.26384,41.08995],[-111.26668,41.08793],[-111.26952,41.08814],[-111.27441,41.08651],[-111.27609,41.08476],[-111.28006,41.08346],[-111.28576,41.07751],[-111.28764,41.07733],[-111.29312,41.07473],[-111.29642,41.07076],[-111.29629,41.07014],[-111.2977,41.06939],[-111.30075,41.06568],[-111.30184,41.06135],[-111.30117,41.05988],[-111.30181,41.06031],[-111.30834,41.05873],[-111.30978,41.05744],[-111.31107,41.05451],[-111.31835,41.04957],[-111.32083,41.04696],[-111.32588,41.04466],[-111.33036,41.0415],[-111.33248,41.03924],[-111.33383,41.03664],[-111.33397,41.03251],[-111.3351,41.03133],[-111.33673,41.03081]],[[-111.2229,40.74932],[-111.21891,40.74997],[-111.20857,40.75334],[-111.20699,40.75422],[-111.20657,40.75571],[-111.20434,40.75691],[-111.20134,40.75814],[-111.19985,40.75709],[-111.19079,40.76077],[-111.18863,40.76237],[-111.1857,40.76251],[-111.18267,40.76534],[-111.18021,40.76531],[-111.175,40.76796],[-111.17217,40.76761],[-111.17114,40.76871],[-111.16099,40.77128],[-111.15771,40.77068],[-111.15686,40.76933]],[[-111.37819,41.10501],[-111.37713,41.10544],[-111.37786,41.1077],[-111.37568,41.10924],[-111.37543,41.11206],[-111.37021,41.11561],[-111.37038,41.11759],[-111.36785,41.1193],[-111.36869,41.12218],[-111.36777,41.12324],[-111.36783,41.12613],[-111.3666,41.12996]],[[-111.43571,41.2585],[-111.43659,41.26085],[-111.43834,41.26152],[-111.43936,41.26349],[-111.43984,41.26727],[-111.44091,41.26814],[-111.43973,41.26944],[-111.44082,41.27092],[-111.44184,41.27163],[-111.44579,41.27213],[-111.44785,41.27484]],[[-111.3666,41.12996],[-111.37013,41.13406],[-111.36897,41.13681],[-111.37112,41.13928],[-111.3701,41.14512],[-111.37124,41.14644],[-111.37142,41.14833],[-111.37214,41.14915],[-111.37092,41.1503],[-111.37122,41.15164],[-111.37019,41.15332],[-111.37232,41.15497],[-111.37108,41.15735],[-111.37393,41.15942],[-111.37365,41.16084],[-111.37411,41.16144],[-111.37737,41.16284],[-111.37898,41.166],[-111.38176,41.16816],[-111.38172,41.1699],[-111.38638,41.17242],[-111.38841,41.17456],[-111.39057,41.1806]],[[-111.39057,41.1806],[-111.38982,41.18367],[-111.39058,41.18806],[-111.38992,41.19172],[-111.38575,41.19148],[-111.38122,41.1931],[-111.37783,41.19265],[-111.37481,41.19389],[-111.37057,41.19314],[-111.36822,41.19412],[-111.36315,41.19865],[-111.35596,41.19883],[-111.35208,41.19672],[-111.35019,41.1969],[-111.34831,41.19858],[-111.34806,41.20053],[-111.34537,41.20101],[-111.3423,41.20361],[-111.3395,41.20877],[-111.33549,41.21],[-111.32839,41.21347],[-111.32816,41.21834],[-111.32427,41.219],[-111.32085,41.22129],[-111.31683,41.22009],[-111.31486,41.22102],[-111.31163,41.22096],[-111.30661,41.22246],[-111.30573,41.22227],[-111.30474,41.22075],[-111.30077,41.21977],[-111.29543,41.22247],[-111.29139,41.22339],[-111.28432,41.22297],[-111.28142,41.22502]],[[-111.42397,41.22775],[-111.42333,41.23106],[-111.42441,41.23348],[-111.42194,41.23521],[-111.42027,41.23824],[-111.42187,41.23936],[-111.42432,41.23995],[-111.42672,41.24406],[-111.42673,41.24821],[-111.43248,41.25179],[-111.43626,41.25685],[-111.43571,41.2585]],[[-111.39057,41.1806],[-111.39125,41.18149],[-111.40068,41.1847],[-111.40615,41.18551],[-111.41223,41.18973],[-111.41665,41.19956],[-111.41667,41.20168],[-111.41533,41.20539],[-111.41748,41.20743],[-111.41647,41.20871],[-111.41754,41.21003],[-111.41707,41.21189],[-111.41817,41.21344],[-111.41856,41.21716],[-111.42025,41.21886],[-111.41966,41.22214],[-111.41893,41.22304],[-111.41889,41.2263],[-111.42031,41.22715],[-111.42159,41.22687],[-111.42397,41.22775]],[[-111.12129,40.98739],[-111.11885,40.98397],[-111.12268,40.97791],[-111.12595,40.97624],[-111.12631,40.97234],[-111.12448,40.97095],[-111.12258,40.96686],[-111.12145,40.95984],[-111.12033,40.95885]],[[-111.42413,41.346],[-111.42086,41.34359],[-111.41568,41.34249],[-111.41363,41.34143],[-111.41099,41.3413],[-111.40562,41.33856],[-111.4012,41.33769],[-111.39817,41.33792],[-111.39739,41.33559],[-111.39514,41.33352],[-111.39731,41.33172],[-111.39935,41.32587],[-111.39415,41.32291],[-111.3878,41.3217],[-111.38593,41.32027],[-111.38338,41.32023],[-111.38187,41.31837],[-111.38128,41.31651],[-111.37802,41.31636],[-111.37717,41.31548],[-111.37654,41.31305],[-111.37333,41.31129],[-111.37464,41.30774],[-111.37432,41.30668],[-111.37545,41.3055],[-111.37608,41.30341],[-111.37511,41.29992],[-111.37242,41.29791],[-111.37178,41.29665],[-111.37013,41.2966],[-111.36831,41.29565],[-111.36546,41.29182],[-111.36586,41.28871],[-111.36125,41.28384],[-111.3618,41.28252],[-111.36156,41.28034],[-111.35914,41.27834],[-111.35966,41.27741],[-111.35723,41.27698],[-111.3558,41.27596],[-111.35505,41.27266],[-111.35253,41.26987],[-111.35297,41.26539],[-111.34974,41.26303],[-111.34907,41.25712],[-111.35047,41.25516],[-111.35049,41.25263],[-111.35183,41.24806],[-111.35131,41.24687],[-111.35136,41.24236],[-111.34905,41.23562],[-111.35232,41.23513],[-111.35386,41.23389],[-111.35874,41.23338],[-111.36831,41.23437],[-111.37387,41.23998],[-111.37703,41.24043],[-111.37859,41.2413],[-111.38215,41.24548],[-111.3869,41.24801],[-111.38895,41.24837],[-111.39037,41.25071],[-111.39201,41.25167],[-111.39815,41.2523],[-111.40092,41.25425],[-111.41463,41.2555],[-111.41718,41.25662],[-111.4217,41.25666],[-111.42308,41.25747],[-111.43113,41.25865],[-111.4331,41.25971],[-111.43571,41.2585]],[[-111.42397,41.22775],[-111.42637,41.22484],[-111.42939,41.22326],[-111.42685,41.21681],[-111.42708,41.21357],[-111.42861,41.21143],[-111.42798,41.20811],[-111.42904,41.20342],[-111.42804,41.19757],[-111.42984,41.19523],[-111.43092,41.19492],[-111.42876,41.1919],[-111.42742,41.18834],[-111.42709,41.18401],[-111.4242,41.18221],[-111.42192,41.17974],[-111.4206,41.17563],[-111.41791,41.17301],[-111.41734,41.17024],[-111.41757,41.16746],[-111.41589,41.16001],[-111.42078,41.16021],[-111.42287,41.16183],[-111.42845,41.16353],[-111.42989,41.16472],[-111.43542,41.16615],[-111.43842,41.16954],[-111.44094,41.17009],[-111.44241,41.17221],[-111.44544,41.17257],[-111.44919,41.17637],[-111.451,41.17629],[-111.45289,41.17704],[-111.45644,41.18035],[-111.45917,41.17991],[-111.46265,41.18157],[-111.46453,41.18319],[-111.46611,41.18622],[-111.47088,41.18828],[-111.47365,41.19205],[-111.47369,41.19391],[-111.4749,41.19492],[-111.47556,41.19755],[-111.47896,41.20022],[-111.4821,41.19976]],[[-111.4821,41.19976],[-111.4822,41.19787],[-111.48024,41.19484],[-111.48012,41.19332],[-111.47854,41.19189],[-111.47862,41.18885],[-111.47992,41.18782],[-111.4791,41.18326],[-111.47958,41.18229],[-111.47856,41.17989],[-111.47675,41.17809],[-111.4768,41.17423],[-111.475,41.17243],[-111.47498,41.16976],[-111.47241,41.16897],[-111.47104,41.1671],[-111.47196,41.16245],[-111.47124,41.16098],[-111.46764,41.15857],[-111.46855,41.15653],[-111.46767,41.15158],[-111.46845,41.14989],[-111.46975,41.14919],[-111.47008,41.14635],[-111.46703,41.14232],[-111.46677,41.13918],[-111.46447,41.13676],[-111.46364,41.12793],[-111.46445,41.12684]],[[-111.38077,41.08696],[-111.37991,41.08975],[-111.38154,41.0921],[-111.38035,41.09464],[-111.38144,41.09548],[-111.38173,41.09674],[-111.38106,41.09789],[-111.3783,41.09877],[-111.37819,41.10501]],[[-111.37819,41.10501],[-111.38645,41.10532],[-111.38865,41.108],[-111.39349,41.1105],[-111.39803,41.11054],[-111.40004,41.11177],[-111.40136,41.11518],[-111.40456,41.11578],[-111.40749,41.11749],[-111.41164,41.11856],[-111.41281,41.12023],[-111.4142,41.12096],[-111.42058,41.121],[-111.42211,41.12243],[-111.42462,41.12175],[-111.42807,41.11924],[-111.43326,41.11973],[-111.44204,41.11689],[-111.44803,41.11769],[-111.45023,41.11905],[-111.45615,41.11931],[-111.45996,41.11805],[-111.46154,41.1187],[-111.46337,41.12119],[-111.46342,41.1244],[-111.46445,41.12684]],[[-111.25769,41.00715],[-111.25561,41.00831],[-111.25477,41.00983],[-111.25361,41.01263],[-111.25367,41.01594]],[[-111.46445,41.12684],[-111.46609,41.12753],[-111.46749,41.13007],[-111.46981,41.13197],[-111.47999,41.13395],[-111.48917,41.13865],[-111.49103,41.14087],[-111.49267,41.14108],[-111.49576,41.14022],[-111.50276,41.14482],[-111.50397,41.14676],[-111.50358,41.15013],[-111.50765,41.15337],[-111.50819,41.15554],[-111.50778,41.15695],[-111.50902,41.15832],[-111.50913,41.16122],[-111.51041,41.16429],[-111.50981,41.16594],[-111.5101,41.16741],[-111.51962,41.17381],[-111.51983,41.17524],[-111.52146,41.17652],[-111.52217,41.17842],[-111.52374,41.1795],[-111.52485,41.18236],[-111.5274,41.18397],[-111.52955,41.18853],[-111.53474,41.19247],[-111.53726,41.19736],[-111.54007,41.1991],[-111.54134,41.20067],[-111.54931,41.20122]],[[-111.25367,41.01594],[-111.25706,41.01621],[-111.26094,41.01823],[-111.26602,41.01673],[-111.26986,41.01815],[-111.27159,41.01763],[-111.27464,41.0184],[-111.27575,41.01829],[-111.27785,41.01576],[-111.28145,41.01469],[-111.28497,41.01466],[-111.28854,41.0128],[-111.29179,41.01312],[-111.29501,41.01258],[-111.29719,41.01078],[-111.29878,41.01199],[-111.3044,41.01415],[-111.30729,41.01239],[-111.3085,41.01346],[-111.31057,41.01381],[-111.3115,41.01261],[-111.31298,41.012]],[[-111.35961,40.94962],[-111.35714,40.95083],[-111.35529,40.95288],[-111.351,40.95456],[-111.34841,40.95418],[-111.34501,40.95627],[-111.33975,40.95722],[-111.33697,40.95619],[-111.3337,40.95751],[-111.3316,40.95715],[-111.33013,40.95584],[-111.32707,40.95647],[-111.32237,40.95858],[-111.31749,40.95692],[-111.31555,40.95932],[-111.30679,40.96197],[-111.30481,40.96493],[-111.30522,40.96765],[-111.30454,40.96914],[-111.3024,40.97034],[-111.30221,40.9715],[-111.30048,40.97124],[-111.29997,40.97248],[-111.29748,40.97443],[-111.29735,40.97638],[-111.29625,40.97712],[-111.29043,40.97818],[-111.28635,40.98294],[-111.2839,40.98424],[-111.28051,40.9846],[-111.28062,40.98569],[-111.27609,40.98751],[-111.2757,40.99045],[-111.27326,40.99365],[-111.26963,40.99507],[-111.27061,40.99654],[-111.27503,40.99825],[-111.27384,40.99947],[-111.27373,41.0009],[-111.27176,41.00173],[-111.26988,41.00156],[-111.26784,41.00273],[-111.26632,41.00527],[-111.26276,41.00704],[-111.25769,41.00715]],[[-111.52466,40.95364],[-111.52788,40.95451],[-111.53309,40.95839],[-111.53474,40.95823],[-111.5378,40.95599],[-111.54217,40.95487],[-111.54684,40.95518],[-111.55076,40.95413],[-111.55215,40.95441],[-111.55749,40.95761],[-111.55867,40.95893],[-111.56147,40.96008],[-111.56648,40.95942],[-111.56841,40.96044],[-111.57373,40.96103],[-111.57759,40.95821],[-111.5806,40.96111],[-111.58379,40.96126],[-111.58563,40.9641],[-111.58796,40.96628]],[[-111.31298,41.012],[-111.31548,41.00846],[-111.31562,41.00711],[-111.31933,41.00443],[-111.32414,41.00291],[-111.32544,41.00178],[-111.33125,41.00106],[-111.33268,40.99945],[-111.33529,40.99923],[-111.33677,40.99728],[-111.33879,40.99842],[-111.34171,40.99851],[-111.34366,40.99656],[-111.34589,40.99575],[-111.3457,40.99293],[-111.34678,40.9914],[-111.34939,40.99105],[-111.35675,40.99202],[-111.36131,40.98956],[-111.36499,40.98631],[-111.36798,40.98525],[-111.36966,40.98363],[-111.37414,40.98409],[-111.38063,40.98306],[-111.3834,40.98448],[-111.3881,40.98347],[-111.39068,40.98125],[-111.3936,40.98093],[-111.39559,40.9792]],[[-111.3848,40.90792],[-111.38484,40.9089],[-111.38891,40.90868],[-111.39149,40.90982],[-111.39615,40.91616],[-111.40172,40.91823],[-111.40384,40.92042],[-111.4005,40.92186],[-111.39618,40.92499],[-111.39084,40.93153],[-111.39101,40.93352],[-111.38411,40.93853],[-111.38204,40.94103],[-111.37992,40.94201],[-111.37848,40.94188],[-111.3755,40.93928],[-111.37395,40.93882],[-111.37126,40.94104],[-111.36419,40.94452],[-111.35961,40.94962]],[[-111.47966,40.85791],[-111.46958,40.85984],[-111.46634,40.85968],[-111.4643,40.85866],[-111.46197,40.85985],[-111.45888,40.85997],[-111.4575,40.8607],[-111.45877,40.86245],[-111.45858,40.86398],[-111.45361,40.86774],[-111.45159,40.87026],[-111.44702,40.87114],[-111.4427,40.87339],[-111.44238,40.8788],[-111.44048,40.88264],[-111.4404,40.88477],[-111.43726,40.88613],[-111.43558,40.88834],[-111.42493,40.89621],[-111.42275,40.8954],[-111.42283,40.89902],[-111.42183,40.90073],[-111.42084,40.90556],[-111.41828,40.9083],[-111.4182,40.91065],[-111.41754,40.91141],[-111.4115,40.9108],[-111.40549,40.912],[-111.40057,40.90732],[-111.3939,40.90586],[-111.39096,40.90641],[-111.38904,40.90761],[-111.3848,40.90792]],[[-111.39559,40.9792],[-111.39921,40.97622],[-111.3995,40.97449],[-111.40015,40.97409],[-111.40322,40.97419],[-111.40658,40.973],[-111.40918,40.97369],[-111.41181,40.97145],[-111.41846,40.96977],[-111.42051,40.97081],[-111.42405,40.97091],[-111.42565,40.97178],[-111.43294,40.97113],[-111.43479,40.97034],[-111.43833,40.97133]],[[-111.35961,40.94962],[-111.36732,40.95521],[-111.37417,40.95482],[-111.37823,40.95178],[-111.38164,40.95164],[-111.38669,40.94913],[-111.39353,40.9502],[-111.39774,40.94854],[-111.39954,40.94879],[-111.40079,40.95051],[-111.40063,40.95145],[-111.39358,40.95829],[-111.39005,40.96063],[-111.38896,40.96256],[-111.38927,40.9637],[-111.39149,40.96557],[-111.39102,40.96613],[-111.39305,40.97018],[-111.39321,40.97403],[-111.39559,40.9792]],[[-111.52466,40.95364],[-111.52394,40.95395],[-111.52374,40.95495],[-111.52477,40.95859],[-111.52598,40.96034],[-111.52428,40.96238],[-111.52419,40.96532],[-111.52079,40.96803],[-111.51711,40.96842],[-111.51365,40.97059]],[[-111.48415,40.87044],[-111.48251,40.87153],[-111.48032,40.8747],[-111.48033,40.87818],[-111.48124,40.88063],[-111.48082,40.8845],[-111.47907,40.88611],[-111.47813,40.88969],[-111.4764,40.89208],[-111.47734,40.89526],[-111.47551,40.89651],[-111.47439,40.89855],[-111.47471,40.89972],[-111.47719,40.90063],[-111.47642,40.90185],[-111.47349,40.90353],[-111.47287,40.90472],[-111.47087,40.90615],[-111.4743,40.90946],[-111.4733,40.9109],[-111.47467,40.91221],[-111.47369,40.91462],[-111.47436,40.91725],[-111.47247,40.91987],[-111.47133,40.92536],[-111.47031,40.92663],[-111.47129,40.92765]],[[-111.43833,40.97133],[-111.43919,40.97471],[-111.43629,40.97782],[-111.43451,40.97877],[-111.43455,40.98067],[-111.43369,40.98131],[-111.43323,40.98346],[-111.43093,40.98734],[-111.42873,40.99406],[-111.42761,40.99513],[-111.42751,40.99681],[-111.4281,40.99777],[-111.42772,40.9988],[-111.42871,41.00107],[-111.42866,41.00381],[-111.42764,41.00635],[-111.42811,41.00872],[-111.42649,41.01011],[-111.42652,41.01175],[-111.42372,41.01346],[-111.4224,41.01581],[-111.4225,41.01729],[-111.41902,41.01997],[-111.41757,41.02339],[-111.4172,41.02596],[-111.41911,41.02816],[-111.41904,41.03102],[-111.41745,41.03401],[-111.41789,41.03492],[-111.41749,41.03586],[-111.41842,41.03659],[-111.41859,41.03814],[-111.41634,41.04094],[-111.41726,41.04261],[-111.41598,41.04411],[-111.41635,41.04515],[-111.41572,41.04671],[-111.41659,41.05207],[-111.41535,41.05674],[-111.41829,41.05795]],[[-111.51151,41.03501],[-111.51373,41.03192],[-111.51352,41.02544],[-111.51276,41.02227],[-111.51153,41.02033],[-111.51065,41.0159],[-111.51072,41.0134],[-111.51209,41.01236],[-111.51273,41.01014],[-111.5095,41.00765],[-111.50917,41.00715],[-111.50971,41.00623],[-111.50911,41.00514],[-111.50979,40.99854],[-111.51036,40.99763],[-111.50996,40.99548],[-111.51108,40.99366],[-111.50982,40.99026],[-111.51104,40.98704],[-111.51307,40.9858],[-111.51341,40.98273],[-111.51269,40.98036],[-111.51423,40.97766],[-111.51331,40.97315],[-111.5139,40.97218],[-111.51365,40.97059]],[[-111.47129,40.92765],[-111.46753,40.93016],[-111.46573,40.93322],[-111.46181,40.93562],[-111.46044,40.93952],[-111.4576,40.94033],[-111.45659,40.94302],[-111.45514,40.94344],[-111.45106,40.94788],[-111.44838,40.94725],[-111.44744,40.94637],[-111.44342,40.94691],[-111.44258,40.95053],[-111.44187,40.95114],[-111.43951,40.95085],[-111.43751,40.95277],[-111.4345,40.95309],[-111.43193,40.95451],[-111.43405,40.95593],[-111.44407,40.95981],[-111.44539,40.9623],[-111.44481,40.9647],[-111.44592,40.96785],[-111.44102,40.96835],[-111.43833,40.97133]],[[-111.58796,40.96628],[-111.5872,40.96792],[-111.58824,40.96911],[-111.58768,40.97179],[-111.5883,40.9761],[-111.58757,40.97866],[-111.59024,40.9815],[-111.59113,40.98408],[-111.59358,40.98617],[-111.59371,40.98806],[-111.59312,40.99293],[-111.58859,40.9956]],[[-111.41829,41.05795],[-111.41867,41.06202],[-111.42029,41.06376],[-111.42105,41.06592],[-111.41895,41.07006],[-111.41695,41.07233],[-111.41696,41.07405]],[[-111.01753,40.69388],[-111.02036,40.70007],[-111.02147,40.70119],[-111.02682,40.7039],[-111.02797,40.70539],[-111.0251,40.71072],[-111.02474,40.71567],[-111.02598,40.71732],[-111.02802,40.71854],[-111.02919,40.72443],[-111.03073,40.72564],[-111.04025,40.72833],[-111.04424,40.73087],[-111.0453,40.73234],[-111.04622,40.73716],[-111.0471,40.7386],[-111.04966,40.74049],[-111.04752,40.74791],[-111.04365,40.75192],[-111.03702,40.757],[-111.04224,40.76193],[-111.04232,40.76424],[-111.04397,40.76481],[-111.04722,40.76746],[-111.04475,40.772]],[[-111.04475,40.772],[-111.04093,40.77066],[-111.03747,40.77131],[-111.03445,40.77286],[-111.03271,40.77465],[-111.02246,40.77875],[-111.01955,40.77934],[-111.01872,40.78003],[-111.01809,40.78214],[-111.0162,40.78318],[-111.01309,40.78448],[-111.00771,40.7847],[-111.0017,40.78959],[-110.99976,40.78946],[-110.99834,40.79067],[-110.99495,40.79168],[-110.99469,40.79314],[-110.99015,40.79385],[-110.98761,40.79494],[-110.98531,40.79734],[-110.98233,40.79895],[-110.9801,40.80435],[-110.97262,40.80435],[-110.96729,40.80629],[-110.96317,40.80447],[-110.95969,40.80396],[-110.95726,40.80472],[-110.95518,40.80633]],[[-111.15931,40.78604],[-111.15139,40.78601],[-111.14489,40.78489],[-111.13041,40.78668],[-111.12522,40.78918],[-111.11356,40.78819],[-111.10798,40.78909],[-111.10292,40.7882],[-111.10066,40.78732],[-111.0997,40.7859],[-111.09414,40.78402],[-111.09238,40.78122],[-111.08762,40.77979],[-111.08586,40.77749],[-111.0822,40.77613],[-111.07961,40.77411],[-111.07563,40.77559],[-111.07191,40.77332],[-111.0685,40.77274],[-111.06595,40.77345],[-111.06298,40.77529],[-111.06053,40.77351],[-111.05575,40.774],[-111.05327,40.77191],[-111.04475,40.772]],[[-111.34773,40.70685],[-111.34217,40.70484],[-111.33362,40.70469],[-111.33079,40.70524],[-111.32818,40.70321],[-111.31902,40.70572],[-111.31508,40.70537],[-111.30516,40.70591],[-111.30068,40.70808],[-111.29754,40.70838],[-111.29509,40.70776],[-111.27663,40.71324],[-111.26989,40.71448],[-111.26388,40.71804],[-111.26304,40.71974],[-111.26118,40.721],[-111.25484,40.72343],[-111.2518,40.72352],[-111.25004,40.72445],[-111.24463,40.72196],[-111.24247,40.71735],[-111.23322,40.7096],[-111.2314,40.70769],[-111.2299,40.70474],[-111.22552,40.70093],[-111.2174,40.69707],[-111.21093,40.69287],[-111.20268,40.69172],[-111.19836,40.69181]],[[-111.51365,40.97059],[-111.51194,40.96897],[-111.50731,40.96911],[-111.50461,40.97294],[-111.50126,40.97557],[-111.50005,40.97776],[-111.49677,40.97848],[-111.49474,40.98006],[-111.49306,40.98288],[-111.48978,40.98584],[-111.489,40.98826],[-111.48462,40.99153],[-111.48226,40.99245],[-111.47989,40.99533],[-111.47401,40.99545],[-111.4689,40.99652],[-111.47071,40.99141],[-111.47219,40.99048],[-111.4726,40.98907],[-111.47228,40.98748],[-111.46973,40.98551],[-111.46966,40.98424],[-111.47084,40.98268],[-111.47077,40.97912],[-111.46993,40.97775],[-111.4701,40.97542],[-111.46826,40.97099],[-111.46524,40.96747],[-111.46578,40.96599],[-111.46792,40.96468],[-111.46947,40.96276],[-111.46845,40.95982],[-111.47058,40.95936],[-111.47246,40.95639],[-111.47408,40.95526],[-111.47446,40.95394],[-111.4724,40.95102],[-111.47421,40.94882],[-111.47145,40.94668],[-111.47186,40.94586],[-111.47065,40.94502],[-111.47092,40.94229],[-111.46904,40.94029],[-111.46869,40.93881],[-111.47051,40.9365],[-111.47147,40.93396],[-111.47271,40.93293],[-111.47184,40.93185],[-111.47264,40.92808],[-111.47129,40.92765]],[[-111.55546,41.03202],[-111.55055,41.03577],[-111.53682,41.03864],[-111.53152,41.03608],[-111.52453,41.03556],[-111.51996,41.03597],[-111.5148,41.03773],[-111.51309,41.03694],[-111.51151,41.03501]],[[-111.41696,41.07405],[-111.42277,41.07643],[-111.4236,41.07928],[-111.42474,41.08025],[-111.43019,41.08101],[-111.43401,41.08036],[-111.43631,41.08129],[-111.44042,41.08078],[-111.44676,41.08215],[-111.45092,41.0793],[-111.4553,41.07401],[-111.46031,41.07218],[-111.46299,41.07257],[-111.46656,41.07093],[-111.47076,41.06545],[-111.47409,41.06426],[-111.47565,41.06459],[-111.48106,41.06333],[-111.48385,41.0616],[-111.49052,41.0611],[-111.49409,41.06404],[-111.49711,41.06335],[-111.4999,41.0613],[-111.50181,41.0628],[-111.50828,41.06307],[-111.50984,41.06112],[-111.51279,41.05919],[-111.51321,41.05682],[-111.51401,41.05641],[-111.51677,41.05654],[-111.51878,41.05762],[-111.52365,41.05638],[-111.52522,41.05889],[-111.52664,41.05975],[-111.53452,41.05973],[-111.53743,41.059],[-111.53915,41.06019]],[[-111.19431,40.93249],[-111.19382,40.93317],[-111.19458,40.93534],[-111.19844,40.93679],[-111.20183,40.93722],[-111.2044,40.93966],[-111.20649,40.94061],[-111.21656,40.9363],[-111.22185,40.93835],[-111.22525,40.93847],[-111.22603,40.9404],[-111.22994,40.94272],[-111.23707,40.94263]],[[-111.13419,40.68024],[-111.13372,40.6853],[-111.13172,40.68905],[-111.1309,40.69274],[-111.13434,40.69286],[-111.13569,40.69419],[-111.13728,40.69427],[-111.13934,40.696],[-111.14357,40.69707],[-111.14227,40.69944],[-111.14181,40.70194],[-111.14383,40.70555],[-111.14569,40.70624],[-111.14371,40.71222],[-111.14493,40.71536],[-111.14339,40.71865],[-111.1402,40.7216],[-111.14038,40.72286],[-111.14163,40.72412],[-111.13978,40.72414],[-111.13716,40.72622],[-111.13244,40.72527],[-111.12792,40.72549],[-111.12668,40.72832],[-111.12433,40.7296],[-111.12368,40.73175],[-111.12223,40.73199],[-111.11995,40.73366],[-111.11931,40.73573],[-111.11794,40.73733],[-111.1194,40.73992],[-111.12252,40.74077],[-111.12832,40.74377],[-111.13708,40.73811],[-111.13811,40.73823],[-111.13849,40.74614],[-111.13589,40.74845],[-111.13773,40.75142],[-111.13839,40.75749],[-111.14088,40.75937],[-111.14389,40.76044],[-111.14697,40.7606],[-111.15064,40.76224],[-111.15305,40.76466],[-111.15712,40.76696],[-111.15686,40.76933]],[[-111.15686,40.76933],[-111.15724,40.77112],[-111.15962,40.773],[-111.16032,40.77526],[-111.15996,40.77721],[-111.15866,40.77909],[-111.15945,40.78108],[-111.15894,40.78403],[-111.15931,40.78604]],[[-111.15931,40.78604],[-111.1555,40.78976],[-111.15499,40.79229],[-111.15588,40.79689],[-111.15567,40.79902],[-111.15728,40.80112],[-111.158,40.80349],[-111.15769,40.80771],[-111.15916,40.8102],[-111.15833,40.814],[-111.15298,40.81596],[-111.14902,40.81635],[-111.14668,40.81749],[-111.14489,40.81736],[-111.14299,40.81867],[-111.13967,40.81918],[-111.13635,40.81855],[-111.13609,40.82265],[-111.13374,40.82562]],[[-111.51151,41.03501],[-111.50747,41.03472],[-111.50335,41.03747],[-111.49623,41.03663],[-111.49323,41.03859],[-111.48995,41.03879],[-111.48534,41.04146],[-111.48343,41.04181],[-111.482,41.04355],[-111.47904,41.04477],[-111.47761,41.04489],[-111.47652,41.04399],[-111.47569,41.04409],[-111.47149,41.04607],[-111.47062,41.04739],[-111.46545,41.04642],[-111.46314,41.04731],[-111.4579,41.04664],[-111.45577,41.04791],[-111.45379,41.04655],[-111.45065,41.04736],[-111.4452,41.04606],[-111.44185,41.049],[-111.43413,41.0523],[-111.42824,41.0524],[-111.42428,41.05491],[-111.42251,41.055],[-111.42112,41.05691],[-111.41877,41.05711],[-111.41829,41.05795]],[[-111.50221,40.70941],[-111.50163,40.71107],[-111.4999,40.71162],[-111.49834,40.7138],[-111.49687,40.71896],[-111.49418,40.72017],[-111.49193,40.72212],[-111.49113,40.72493],[-111.48994,40.72657],[-111.49108,40.72876],[-111.48949,40.73283],[-111.48646,40.73404],[-111.48429,40.7364],[-111.4838,40.74052],[-111.48646,40.74509],[-111.48698,40.74854],[-111.4852,40.75236],[-111.48251,40.75468],[-111.48209,40.75972],[-111.48064,40.76144],[-111.47663,40.76389],[-111.4759,40.76721],[-111.48082,40.77088],[-111.48975,40.77091],[-111.49146,40.77259],[-111.49122,40.77421],[-111.4937,40.77505],[-111.50077,40.77442],[-111.50015,40.77597],[-111.50045,40.77714],[-111.50432,40.7805],[-111.50423,40.78564],[-111.5066,40.79313],[-111.50979,40.79558],[-111.50979,40.79821],[-111.51072,40.79947],[-111.51381,40.80088]],[[-111.6016,40.68013],[-111.59873,40.68027],[-111.59473,40.68151],[-111.58894,40.68124],[-111.58084,40.68201],[-111.57349,40.68362],[-111.56911,40.68197],[-111.56512,40.67773],[-111.56115,40.67817],[-111.55506,40.68027],[-111.55106,40.68381],[-111.54288,40.6885],[-111.5328,40.69872],[-111.5295,40.70487],[-111.52385,40.70851],[-111.52293,40.7143],[-111.51875,40.72385],[-111.51656,40.72299],[-111.51345,40.7233],[-111.51257,40.72171],[-111.51278,40.71914],[-111.51153,40.71846],[-111.5065,40.71788],[-111.50564,40.71442],[-111.50698,40.7097],[-111.50221,40.70941]],[[-111.19763,40.69195],[-111.19935,40.69625],[-111.19793,40.70097],[-111.20104,40.70354],[-111.20129,40.70578],[-111.19886,40.71024],[-111.19579,40.71336],[-111.19505,40.71726],[-111.19345,40.72073],[-111.19317,40.72265],[-111.19456,40.72768],[-111.19726,40.73189],[-111.19751,40.73358],[-111.19934,40.73575],[-111.19964,40.73811],[-111.20189,40.74079],[-111.21274,40.73952],[-111.21543,40.74007],[-111.21817,40.745],[-111.21938,40.7461],[-111.22355,40.74703],[-111.2229,40.74932]],[[-111.2229,40.74932],[-111.22718,40.7525],[-111.23124,40.75339],[-111.23109,40.75599],[-111.23323,40.75725],[-111.23415,40.75986],[-111.23712,40.76124],[-111.23684,40.76324],[-111.23474,40.76713],[-111.23548,40.76898],[-111.23567,40.77252],[-111.23769,40.77386],[-111.2427,40.77429],[-111.2448,40.77785],[-111.24744,40.77838],[-111.24993,40.78017],[-111.24835,40.78153],[-111.24717,40.78733],[-111.24657,40.78768],[-111.2466,40.7904],[-111.25366,40.79228],[-111.25712,40.79374],[-111.25931,40.79547]],[[-111.10714,40.83011],[-111.10304,40.82741],[-111.09955,40.8272],[-111.09258,40.82965],[-111.08892,40.83305],[-111.08088,40.83405],[-111.07506,40.83359],[-111.06989,40.83878],[-111.07002,40.84387],[-111.06824,40.84658],[-111.06259,40.84596],[-111.06056,40.84538],[-111.05913,40.84417],[-111.05724,40.84443],[-111.05478,40.84379],[-111.04873,40.84688],[-111.04692,40.84661],[-111.0419,40.84797],[-111.03843,40.84782],[-111.03148,40.84551],[-111.02476,40.84638],[-111.02128,40.84389],[-111.01928,40.84513]],[[-111.10506,40.86772],[-111.10568,40.86997],[-111.10692,40.8711],[-111.10529,40.87287],[-111.10604,40.87344],[-111.10637,40.87496],[-111.10535,40.8809],[-111.10624,40.8835],[-111.10414,40.88709],[-111.10418,40.89325],[-111.10087,40.89969],[-111.09647,40.90406],[-111.09685,40.90495],[-111.09631,40.90679],[-111.09839,40.90941],[-111.09742,40.91205],[-111.09849,40.91438],[-111.09866,40.91709],[-111.09971,40.91858],[-111.09862,40.9207],[-111.09946,40.9243],[-111.10539,40.9357],[-111.10539,40.93805],[-111.10619,40.93954],[-111.10855,40.94132],[-111.10869,40.94315],[-111.1112,40.9467],[-111.11251,40.94709],[-111.11293,40.94872],[-111.11246,40.9498],[-111.11788,40.94914],[-111.12206,40.95149],[-111.12067,40.9537],[-111.1207,40.9567],[-111.11988,40.95769],[-111.12033,40.95885]],[[-111.51381,40.80088],[-111.51458,40.80575],[-111.51146,40.80829],[-111.51099,40.81037],[-111.51339,40.81058],[-111.51472,40.81239],[-111.51652,40.81308],[-111.51614,40.81621],[-111.51693,40.81946],[-111.51024,40.82089],[-111.50566,40.82525],[-111.50119,40.82186],[-111.50014,40.82218],[-111.50005,40.8245],[-111.50145,40.83123],[-111.49955,40.83239],[-111.50007,40.83373],[-111.49863,40.8354],[-111.49714,40.84052],[-111.49496,40.84198],[-111.49528,40.84403],[-111.49264,40.84597],[-111.49331,40.84727],[-111.49173,40.84813],[-111.49165,40.85019],[-111.48806,40.85431]],[[-111.6212,40.75825],[-111.61415,40.75824],[-111.60315,40.76157],[-111.59985,40.76374],[-111.59474,40.76373],[-111.59166,40.76049],[-111.58585,40.76159],[-111.56784,40.75682],[-111.56307,40.75656],[-111.56231,40.75601],[-111.56191,40.75436],[-111.5602,40.75324],[-111.54639,40.75247],[-111.54335,40.75124],[-111.54055,40.7515],[-111.53928,40.75407],[-111.54003,40.75622],[-111.5399,40.7601],[-111.54241,40.76363],[-111.54379,40.76686],[-111.54326,40.77074],[-111.54064,40.77469],[-111.53811,40.77592],[-111.5359,40.77874],[-111.53549,40.78344],[-111.53394,40.78453],[-111.52804,40.78551],[-111.52701,40.78769],[-111.52429,40.79011],[-111.51965,40.79193],[-111.51762,40.79673],[-111.51754,40.79829],[-111.51381,40.80088]],[[-111.48806,40.85431],[-111.48373,40.85344],[-111.48174,40.85415]],[[-111.48174,40.85415],[-111.48029,40.85517],[-111.48061,40.85648],[-111.47966,40.85791]],[[-111.47966,40.85791],[-111.48011,40.86064],[-111.48121,40.86218],[-111.48193,40.86543],[-111.48415,40.87044]],[[-111.48415,40.87044],[-111.48552,40.87148],[-111.48632,40.87326],[-111.48859,40.87392],[-111.48998,40.87615],[-111.49496,40.87964],[-111.49485,40.88046],[-111.4962,40.88269],[-111.49858,40.88446],[-111.49927,40.88571],[-111.49923,40.88958],[-111.50107,40.89071],[-111.50115,40.89199],[-111.50249,40.89363],[-111.50575,40.89432],[-111.50645,40.89706],[-111.50937,40.89755],[-111.51044,40.89854],[-111.5107,40.90028],[-111.50957,40.90269],[-111.51029,40.90572],[-111.5084,40.90923],[-111.5103,40.91232],[-111.51342,40.91329],[-111.51476,40.9168],[-111.51737,40.91792],[-111.51952,40.91859],[-111.52151,40.91841],[-111.52319,40.91931],[-111.52701,40.91863],[-111.52875,40.919],[-111.52832,40.92229],[-111.52716,40.9236],[-111.52734,40.92675],[-111.52619,40.93038],[-111.52703,40.93378],[-111.52593,40.93651],[-111.52648,40.93826],[-111.52354,40.94589],[-111.52522,40.95008],[-111.52466,40.95364]],[[-111.24332,40.81316],[-111.2401,40.81484],[-111.23598,40.81494],[-111.23453,40.81395],[-111.23156,40.81385],[-111.22902,40.81173],[-111.22017,40.81251],[-111.21699,40.81189],[-111.21537,40.81001],[-111.21348,40.80939],[-111.2097,40.81172],[-111.20696,40.812],[-111.20558,40.81153],[-111.19852,40.8125],[-111.19743,40.81105],[-111.19478,40.8103],[-111.19377,40.80878],[-111.19195,40.80824],[-111.18926,40.80633],[-111.18938,40.80481],[-111.18846,40.80436],[-111.18344,40.80698],[-111.1791,40.81305],[-111.17608,40.81345],[-111.1724,40.81596],[-111.17132,40.81811],[-111.16929,40.81908],[-111.16841,40.82028],[-111.16775,40.82395],[-111.16401,40.82592],[-111.16296,40.82588],[-111.16172,40.82474],[-111.15448,40.82428],[-111.15107,40.82493],[-111.14853,40.8238],[-111.14468,40.82382],[-111.14244,40.8245],[-111.13888,40.82388],[-111.13647,40.8252],[-111.13374,40.82562]],[[-111.12129,40.98739],[-111.12844,40.98571],[-111.13463,40.98654],[-111.13639,40.98619],[-111.14365,40.98262],[-111.14994,40.9804],[-111.15012,40.97875],[-111.15236,40.97671],[-111.15409,40.97627],[-111.16054,40.97718],[-111.16806,40.97632],[-111.17226,40.97804],[-111.17804,40.97906],[-111.18642,40.98215],[-111.1896,40.98245],[-111.19165,40.98107],[-111.19727,40.97398],[-111.1987,40.97377],[-111.19975,40.97168],[-111.20352,40.97014],[-111.2042,40.96914],[-111.20506,40.96921],[-111.20632,40.96756],[-111.20863,40.96705],[-111.21049,40.9655],[-111.21239,40.96495],[-111.21323,40.96561],[-111.21505,40.96503],[-111.2225,40.96552],[-111.22393,40.96456],[-111.22538,40.96462],[-111.22704,40.96575],[-111.23033,40.96516],[-111.2321,40.96167],[-111.23675,40.95864]],[[-111.13374,40.82562],[-111.12962,40.82827],[-111.12842,40.82822],[-111.12668,40.827],[-111.12309,40.82709],[-111.11344,40.83079],[-111.11019,40.83],[-111.10714,40.83011]],[[-111.10714,40.83011],[-111.10396,40.83151],[-111.10449,40.8326],[-111.10907,40.83606],[-111.10972,40.84347],[-111.11121,40.84556],[-111.10974,40.84772],[-111.10522,40.85034],[-111.10336,40.85078],[-111.10171,40.85242],[-111.10314,40.8624],[-111.10184,40.86483],[-111.102,40.8665],[-111.10237,40.86716],[-111.10506,40.86772]],[[-111.66064,40.84521],[-111.65958,40.84417],[-111.65688,40.8432],[-111.65186,40.84255],[-111.65057,40.84112],[-111.64833,40.8403],[-111.64488,40.84075],[-111.64348,40.84192],[-111.63822,40.84368],[-111.63207,40.84371],[-111.62971,40.84295],[-111.62563,40.84343],[-111.62214,40.84644],[-111.613,40.8461],[-111.61037,40.84655],[-111.6085,40.84761],[-111.60063,40.84774],[-111.59649,40.84668],[-111.59208,40.8493],[-111.5926,40.85109],[-111.5919,40.85325],[-111.58904,40.85614],[-111.58695,40.855],[-111.57729,40.85659],[-111.57087,40.85452],[-111.56475,40.85381],[-111.56281,40.85433],[-111.5569,40.85812],[-111.55407,40.85815],[-111.55165,40.85986],[-111.54759,40.8593],[-111.54338,40.86101],[-111.54038,40.86114],[-111.53526,40.8652],[-111.53128,40.86543],[-111.5278,40.86487],[-111.52501,40.86671],[-111.51772,40.8629],[-111.51566,40.86286],[-111.51259,40.86394],[-111.51084,40.86346],[-111.50415,40.85914],[-111.49677,40.85697],[-111.49662,40.85638],[-111.49209,40.85603],[-111.49111,40.855],[-111.48806,40.85431]],[[-111.10506,40.86772],[-111.10821,40.86876],[-111.10908,40.86978],[-111.1113,40.87535],[-111.11041,40.87765],[-111.11098,40.88038],[-111.11477,40.88166],[-111.11556,40.88468],[-111.11703,40.88538],[-111.11726,40.88645],[-111.11885,40.8877],[-111.11934,40.88909],[-111.11879,40.89051],[-111.12025,40.89134],[-111.12196,40.89518],[-111.12259,40.90141],[-111.125,40.90221],[-111.12952,40.90561],[-111.12757,40.90957],[-111.12621,40.91045],[-111.12649,40.91219],[-111.13101,40.91387],[-111.13504,40.91186],[-111.13831,40.91129],[-111.13917,40.91184],[-111.13963,40.91341],[-111.15117,40.91331],[-111.15361,40.9147],[-111.15765,40.91578],[-111.16004,40.91848],[-111.16278,40.91651],[-111.16533,40.91704],[-111.17168,40.91692],[-111.17537,40.91989],[-111.17674,40.91953],[-111.18142,40.92115],[-111.18625,40.92112],[-111.18819,40.92207],[-111.18995,40.92149],[-111.19102,40.92238],[-111.18834,40.92862],[-111.19431,40.93249]],[[-111.25822,40.80695],[-111.2556,40.80821],[-111.25331,40.80804],[-111.25067,40.81081],[-111.24491,40.81154],[-111.24332,40.81316]],[[-111.24332,40.81316],[-111.24429,40.81487],[-111.24293,40.81735],[-111.24279,40.81926],[-111.24379,40.82061],[-111.24336,40.82389],[-111.24459,40.82705],[-111.2439,40.82962],[-111.24304,40.8306],[-111.2432,40.83197],[-111.24639,40.83399],[-111.24861,40.83649],[-111.24853,40.84137],[-111.25107,40.84612],[-111.24828,40.85246],[-111.24783,40.85686],[-111.24541,40.85961],[-111.24426,40.8601],[-111.24373,40.86154],[-111.24145,40.86259],[-111.23707,40.86288],[-111.23636,40.8645],[-111.22777,40.86559],[-111.22681,40.86896],[-111.22711,40.87156],[-111.22804,40.87324],[-111.22642,40.87493],[-111.22538,40.87786],[-111.22517,40.88739],[-111.22765,40.89333],[-111.23293,40.89557],[-111.23339,40.89663],[-111.23276,40.89822],[-111.23189,40.90016],[-111.22899,40.90293],[-111.22868,40.90459],[-111.22615,40.90618],[-111.22391,40.9088],[-111.21994,40.91627],[-111.21769,40.91869],[-111.21374,40.91983],[-111.20396,40.926],[-111.20039,40.92727],[-111.19776,40.93044],[-111.19431,40.93249]],[[-111.664,40.85002],[-111.66143,40.85155],[-111.65882,40.85188],[-111.65767,40.85267],[-111.65725,40.85697],[-111.65497,40.85991],[-111.64864,40.86334],[-111.64715,40.86575],[-111.64253,40.8676],[-111.63923,40.87203],[-111.64121,40.87395],[-111.64101,40.87472],[-111.63745,40.87805],[-111.63376,40.88037],[-111.63256,40.88358],[-111.635,40.88717],[-111.63465,40.89011],[-111.63585,40.89158],[-111.63571,40.8933],[-111.6341,40.89545],[-111.63051,40.89705],[-111.6276,40.90003],[-111.62547,40.90381],[-111.62233,40.90509],[-111.6175,40.90522],[-111.6164,40.90734],[-111.61739,40.91069],[-111.61661,40.91225],[-111.61343,40.91308],[-111.61009,40.91281],[-111.607,40.91388],[-111.60438,40.91538],[-111.60226,40.9176],[-111.60029,40.92136],[-111.59963,40.92482],[-111.59993,40.92655],[-111.5968,40.93208],[-111.59654,40.93511],[-111.59671,40.93695],[-111.59917,40.93966],[-111.59912,40.94127],[-111.60023,40.94273],[-111.60037,40.94404],[-111.59737,40.94853],[-111.59355,40.95202],[-111.59406,40.95625],[-111.5887,40.95766],[-111.58851,40.96021],[-111.58774,40.96119],[-111.58871,40.96466],[-111.58796,40.96628]],[[-111.23675,40.95864],[-111.23811,40.95974],[-111.23805,40.96309],[-111.23868,40.9645],[-111.24384,40.96596],[-111.24827,40.96589],[-111.25273,40.96936],[-111.25299,40.97122],[-111.2523,40.97332],[-111.25491,40.97627],[-111.2534,40.97794],[-111.25318,40.97912],[-111.2514,40.97981],[-111.25037,40.98175],[-111.25319,40.98892],[-111.25296,40.99061],[-111.25372,40.99319],[-111.2558,40.99563],[-111.25495,40.99694],[-111.25536,40.99827],[-111.2548,40.99995],[-111.25696,41.00329],[-111.25769,41.00715]],[[-111.23707,40.94263],[-111.23846,40.946],[-111.23759,40.94743],[-111.23741,40.95296],[-111.23579,40.95554],[-111.23584,40.95738],[-111.23675,40.95864]],[[-111.312,40.89196],[-111.30995,40.89667],[-111.3085,40.89792],[-111.30786,40.89958],[-111.30663,40.90014],[-111.30657,40.90372],[-111.30595,40.90517],[-111.30406,40.90481],[-111.30138,40.90717],[-111.29972,40.90698],[-111.29684,40.90811],[-111.29306,40.90692],[-111.29041,40.9088],[-111.29071,40.91047],[-111.2895,40.91377],[-111.28655,40.91836],[-111.28857,40.9199],[-111.28755,40.92162],[-111.28836,40.92339],[-111.29289,40.92671],[-111.29326,40.92855],[-111.29442,40.93006],[-111.28237,40.93181],[-111.27676,40.93119],[-111.27526,40.93177],[-111.26847,40.93148],[-111.26194,40.93315],[-111.26074,40.93565],[-111.25898,40.93699],[-111.25371,40.93786],[-111.25319,40.93956],[-111.25148,40.93935],[-111.24844,40.94109],[-111.24665,40.94074],[-111.24635,40.94152],[-111.24311,40.9412],[-111.23707,40.94263]],[[-111.34773,40.70685],[-111.34715,40.70741],[-111.34408,40.70748],[-111.33861,40.7064],[-111.33325,40.70674],[-111.32697,40.70538],[-111.3233,40.7063],[-111.32063,40.70615],[-111.31384,40.70826],[-111.3077,40.70858],[-111.30236,40.71184],[-111.30243,40.71659],[-111.30023,40.71997],[-111.2985,40.72109],[-111.29237,40.72194],[-111.29032,40.72304],[-111.28722,40.72656],[-111.286,40.72899],[-111.28608,40.73508],[-111.2855,40.73677],[-111.28364,40.73818],[-111.28123,40.73753],[-111.28028,40.73981],[-111.27754,40.74219],[-111.2782,40.74574],[-111.27989,40.7473],[-111.28037,40.74874],[-111.27996,40.75097],[-111.27877,40.75261],[-111.28065,40.75467],[-111.28056,40.75556],[-111.27987,40.75719],[-111.2778,40.75862],[-111.27899,40.76148],[-111.27833,40.76407],[-111.2792,40.76615],[-111.27741,40.76667],[-111.27709,40.76785],[-111.27507,40.7691],[-111.27203,40.76912],[-111.27234,40.77034],[-111.27427,40.7706],[-111.27813,40.77312],[-111.27907,40.77676],[-111.28033,40.77829]],[[-111.72818,40.98241],[-111.72415,40.9821],[-111.7218,40.98089],[-111.71818,40.98119],[-111.71542,40.97912],[-111.71451,40.97737],[-111.71493,40.97579],[-111.71453,40.97476],[-111.70905,40.9654],[-111.7024,40.96757],[-111.69296,40.96779],[-111.68697,40.96955],[-111.68142,40.97234],[-111.67926,40.97434],[-111.6787,40.97625],[-111.67371,40.97719],[-111.67403,40.97426],[-111.67591,40.97266],[-111.67882,40.96847],[-111.67854,40.96631],[-111.6764,40.96568],[-111.67481,40.9643],[-111.67403,40.96181],[-111.67605,40.96075],[-111.67884,40.95636],[-111.68179,40.9543],[-111.682,40.95292],[-111.68593,40.95284],[-111.68848,40.95115],[-111.69131,40.95037],[-111.69679,40.93985],[-111.69882,40.93788],[-111.69931,40.93639],[-111.70119,40.93495],[-111.70102,40.93226],[-111.69933,40.93097],[-111.69982,40.92862],[-111.70107,40.9268],[-111.69912,40.92169],[-111.69766,40.91982],[-111.70078,40.91543],[-111.70042,40.91115],[-111.70225,40.90889],[-111.70247,40.90762],[-111.70182,40.90597],[-111.70422,40.90159],[-111.70463,40.8996],[-111.70327,40.8965],[-111.69842,40.89253],[-111.6968,40.88577],[-111.69536,40.885],[-111.69391,40.88136],[-111.69192,40.87936],[-111.69157,40.87513],[-111.6934,40.871],[-111.69218,40.86761],[-111.69259,40.86631],[-111.69467,40.86457],[-111.69574,40.86176]],[[-111.44942,41.31491],[-111.44921,41.31598],[-111.44488,41.31854],[-111.44341,41.32047],[-111.44313,41.32218],[-111.43794,41.32301],[-111.43671,41.32744],[-111.43717,41.32962],[-111.4367,41.33152],[-111.4379,41.33409],[-111.4365,41.33605],[-111.43811,41.33792],[-111.4359,41.33978],[-111.43565,41.3412],[-111.43417,41.34233],[-111.43012,41.34159],[-111.42819,41.34199],[-111.42553,41.34373],[-111.42413,41.346]],[[-111.42413,41.346],[-111.42408,41.34933],[-111.4231,41.35185],[-111.42413,41.35615],[-111.42147,41.35888],[-111.42062,41.36131]],[[-111.40586,40.68567],[-111.40567,40.68787],[-111.40898,40.6887],[-111.41071,40.6898],[-111.41254,40.68983],[-111.41735,40.69315],[-111.41719,40.6955],[-111.41422,40.69782],[-111.41069,40.69898],[-111.40694,40.70417],[-111.40708,40.7047],[-111.40264,40.70771],[-111.4003,40.7134],[-111.39869,40.71293],[-111.39596,40.71326],[-111.39081,40.71915],[-111.38685,40.72757],[-111.38682,40.73201],[-111.38452,40.73296],[-111.38319,40.73542],[-111.37968,40.73744],[-111.37737,40.74231],[-111.37603,40.74245],[-111.3769,40.74609],[-111.37844,40.7489],[-111.37748,40.75089],[-111.37539,40.75266],[-111.37165,40.75366],[-111.36921,40.75527],[-111.36521,40.75635],[-111.36264,40.75581],[-111.361,40.75711],[-111.35877,40.75723],[-111.35234,40.76055],[-111.34751,40.76188],[-111.34543,40.76377],[-111.34153,40.76501],[-111.33832,40.76473],[-111.33663,40.76346],[-111.33422,40.76369],[-111.33118,40.76267],[-111.32945,40.76266],[-111.32843,40.76331],[-111.32692,40.76288],[-111.3209,40.76346],[-111.3203,40.76385],[-111.32113,40.76812],[-111.31254,40.77185]],[[-111.81243,41.26635],[-111.82171,41.26799],[-111.82479,41.27104],[-111.82751,41.27184],[-111.83239,41.2723],[-111.84158,41.26968],[-111.84305,41.27338],[-111.85066,41.27794],[-111.85756,41.27663]],[[-111.49714,41.2273],[-111.49656,41.23104],[-111.49488,41.23224],[-111.49103,41.23764],[-111.49142,41.23848],[-111.494,41.23963],[-111.49431,41.24107],[-111.49103,41.24175],[-111.48751,41.24354],[-111.4848,41.24327],[-111.4826,41.24541],[-111.47718,41.24521],[-111.47829,41.25042],[-111.47161,41.25153],[-111.4706,41.25313],[-111.47111,41.2557],[-111.46852,41.25729],[-111.46692,41.25724],[-111.46424,41.25832],[-111.46448,41.25947],[-111.46642,41.26098],[-111.46675,41.26193],[-111.46349,41.2645],[-111.46228,41.26651],[-111.45974,41.26745],[-111.45742,41.26728],[-111.45766,41.27355],[-111.45536,41.27466],[-111.45247,41.27457],[-111.45052,41.27572],[-111.44886,41.27573],[-111.44785,41.27484]],[[-111.52927,41.22988],[-111.52583,41.22872],[-111.52224,41.23006],[-111.51645,41.22962],[-111.51271,41.2286],[-111.5105,41.23069],[-111.50646,41.23091],[-111.50415,41.22901],[-111.49714,41.2273]],[[-111.85756,41.27663],[-111.85966,41.27818],[-111.85989,41.28145],[-111.85922,41.28257],[-111.86007,41.28354],[-111.86174,41.284],[-111.86434,41.28261],[-111.86966,41.28227],[-111.8739,41.28518],[-111.87559,41.28819],[-111.87963,41.29069],[-111.88567,41.292],[-111.89114,41.29235]],[[-111.44942,41.31491],[-111.45133,41.31377],[-111.45434,41.31367],[-111.4551,41.3124],[-111.45784,41.31078],[-111.45838,41.30981],[-111.45748,41.30837],[-111.45777,41.30727],[-111.46198,41.30469],[-111.46293,41.3018],[-111.46654,41.30031],[-111.46788,41.29898],[-111.47211,41.29951],[-111.47858,41.29461],[-111.48293,41.29389],[-111.49429,41.28786],[-111.50057,41.28819],[-111.50423,41.28607],[-111.51081,41.28564],[-111.51345,41.28375],[-111.51894,41.28421],[-111.52028,41.28373],[-111.5238,41.28556],[-111.52443,41.28693],[-111.52751,41.28703],[-111.52893,41.28889],[-111.53174,41.2897],[-111.53409,41.29136],[-111.53504,41.29334],[-111.53756,41.29339],[-111.53935,41.29432],[-111.5473,41.29279],[-111.55156,41.29357],[-111.56369,41.29224],[-111.5674,41.29362],[-111.56828,41.29498]],[[-111.56359,41.31053],[-111.56205,41.31158],[-111.55375,41.31196],[-111.54958,41.31121],[-111.54776,41.31316],[-111.54537,41.31398],[-111.54362,41.31646],[-111.54114,41.31821],[-111.53677,41.31878],[-111.52929,41.32245],[-111.52515,41.32222],[-111.51994,41.32587],[-111.5222,41.32712],[-111.52253,41.32861],[-111.51541,41.33774],[-111.51399,41.34239],[-111.51016,41.34431],[-111.50631,41.34446],[-111.50666,41.34583],[-111.50561,41.34923],[-111.50658,41.35214],[-111.49934,41.35467],[-111.49739,41.35753],[-111.49208,41.35843],[-111.48913,41.36267],[-111.48821,41.36503],[-111.48975,41.36834],[-111.4896,41.37039],[-111.49207,41.37341],[-111.49053,41.37566],[-111.47774,41.38448]],[[-111.78322,40.73463],[-111.78052,40.73706],[-111.77742,40.73859],[-111.77517,40.74138],[-111.77159,40.74334],[-111.76998,40.74522]],[[-111.67648,41.34157],[-111.67349,41.34428],[-111.66974,41.34428],[-111.66587,41.34649],[-111.66108,41.34613],[-111.65708,41.34963],[-111.65601,41.35512],[-111.65293,41.35518],[-111.65146,41.3573],[-111.64967,41.35807],[-111.64552,41.35755],[-111.6386,41.35922],[-111.63703,41.36204],[-111.63301,41.36593],[-111.63279,41.36868],[-111.63815,41.37069],[-111.63933,41.37157],[-111.6398,41.37287],[-111.63602,41.37583],[-111.63624,41.37943],[-111.62961,41.38331],[-111.62734,41.38791],[-111.62926,41.38938],[-111.63231,41.38928],[-111.63656,41.3916],[-111.64169,41.39179],[-111.64619,41.39337],[-111.64528,41.39632],[-111.64539,41.39928],[-111.64268,41.401],[-111.64443,41.40576]],[[-112.08336,41.29719],[-112.05723,41.30076],[-112.05449,41.30167],[-112.05365,41.30269],[-112.05355,41.30454],[-112.05713,41.30955],[-112.05796,41.31185],[-112.05774,41.31301],[-112.05587,41.31506],[-112.03935,41.31914],[-112.03608,41.32118],[-112.03582,41.32396],[-112.03423,41.32519],[-112.02408,41.32394],[-112.02086,41.32426],[-112.01568,41.32799],[-112.01009,41.33376],[-112.00838,41.33741],[-112.00955,41.34048],[-112.0086,41.34173],[-112.00895,41.34361],[-112.0074,41.34479],[-112.00477,41.34556],[-112.00366,41.34928],[-112.00057,41.34993],[-111.99576,41.34969],[-111.99319,41.35282],[-111.98712,41.35451],[-111.98389,41.35677],[-111.97808,41.35843],[-111.97021,41.36358],[-111.96294,41.36519]],[[-111.67833,41.32499],[-111.67729,41.32795],[-111.67454,41.33093],[-111.6732,41.33395],[-111.67446,41.33809],[-111.67648,41.34157]],[[-111.76081,41.25355],[-111.7572,41.25274],[-111.74531,41.25362],[-111.73757,41.25284],[-111.72109,41.25353],[-111.70941,41.25631],[-111.70347,41.26039],[-111.7025,41.26155],[-111.70155,41.26911],[-111.69991,41.27302],[-111.69661,41.27636],[-111.69775,41.28017],[-111.69733,41.28101],[-111.70012,41.28656],[-111.69898,41.28738],[-111.69647,41.28777],[-111.69757,41.29089],[-111.69911,41.29276],[-111.70363,41.29418],[-111.70499,41.29539],[-111.70533,41.29773],[-111.70661,41.29872],[-111.70577,41.30047],[-111.70607,41.30269],[-111.70419,41.3036],[-111.70241,41.3067],[-111.69722,41.30638],[-111.6901,41.31279],[-111.68833,41.31339],[-111.68945,41.31626],[-111.68949,41.31971],[-111.6867,41.32064],[-111.68684,41.32243],[-111.68143,41.32286],[-111.67833,41.32499]],[[-112.10532,41.27563],[-112.10396,41.27775],[-112.10205,41.27918],[-112.09174,41.28382],[-112.09345,41.29194],[-112.09123,41.29502],[-112.08336,41.29719]],[[-112.13315,41.36903],[-112.13508,41.34435],[-112.12842,41.33831],[-112.11726,41.33574],[-112.11868,41.33259],[-112.11358,41.3277],[-112.11483,41.32425],[-112.11756,41.32117],[-112.11916,41.31502],[-112.12198,41.30988],[-112.12422,41.30771],[-112.12347,41.30627],[-112.12186,41.30536],[-112.11623,41.30485],[-112.11264,41.30096],[-112.11483,41.29538],[-112.11664,41.29314],[-112.1155,41.28843],[-112.11805,41.28751],[-112.11909,41.2859]],[[-111.96294,41.36519],[-111.97135,41.37444],[-111.9751,41.37761],[-111.9742,41.38225],[-111.97576,41.38459],[-111.97341,41.38591],[-111.9729,41.38788],[-111.97111,41.38892],[-111.96822,41.39231],[-111.96728,41.39555],[-111.96704,41.40438],[-111.96759,41.40962],[-111.97128,41.4142],[-111.97246,41.42005],[-111.97204,41.42068]],[[-112.15554,41.24703],[-112.15217,41.24468],[-112.15036,41.24415],[-112.13769,41.24445],[-112.13557,41.24545],[-112.13169,41.24893],[-112.12945,41.24971],[-112.12793,41.24981],[-112.12374,41.24837],[-112.12155,41.24881],[-112.12016,41.25015],[-112.11912,41.25492],[-112.11791,41.25714],[-112.10734,41.26179],[-112.10795,41.26425],[-112.10586,41.26737],[-112.10641,41.26992],[-112.10532,41.27563]],[[-111.67648,41.34157],[-111.68019,41.34142],[-111.68385,41.34327],[-111.68457,41.34414],[-111.68461,41.3482],[-111.69201,41.34896],[-111.69982,41.35278],[-111.70456,41.35644],[-111.70637,41.35968],[-111.70809,41.36042],[-111.70982,41.36262],[-111.71513,41.36478],[-111.72067,41.37014],[-111.72523,41.37114],[-111.72676,41.37314],[-111.72962,41.37518]],[[-111.80783,41.38889],[-111.80784,41.38315],[-111.80907,41.38078],[-111.81428,41.37729],[-111.81498,41.37595],[-111.82037,41.37355],[-111.82183,41.37043],[-111.82369,41.36866],[-111.8227,41.36645],[-111.82375,41.36247],[-111.82141,41.35699],[-111.82183,41.35503],[-111.82395,41.35181],[-111.82679,41.35114],[-111.82935,41.3478],[-111.8338,41.34613],[-111.83711,41.3428],[-111.84355,41.33992],[-111.84496,41.33844],[-111.8469,41.33759],[-111.85265,41.33597],[-111.85725,41.3367],[-111.86004,41.33856],[-111.86505,41.34454],[-111.87118,41.34777],[-111.87293,41.35082],[-111.88003,41.35296],[-111.88434,41.35228],[-111.88541,41.35123],[-111.88751,41.35089],[-111.89335,41.35123],[-111.89652,41.34655],[-111.89728,41.34434],[-111.8996,41.34341],[-111.90662,41.34389],[-111.91121,41.34328],[-111.9137,41.34427],[-111.92321,41.34339]],[[-111.81243,41.26635],[-111.8114,41.27188],[-111.80943,41.27361],[-111.80692,41.28209],[-111.80646,41.2892],[-111.80863,41.29243],[-111.81582,41.29786],[-111.82246,41.30579],[-111.8246,41.31001],[-111.82703,41.31212],[-111.82701,41.31421],[-111.82514,41.31899],[-111.82107,41.323],[-111.82004,41.32558],[-111.81438,41.33227],[-111.80794,41.33757],[-111.80703,41.34054],[-111.8024,41.34461],[-111.79898,41.34622],[-111.79262,41.34741],[-111.77914,41.34716],[-111.77054,41.35256],[-111.768,41.35553],[-111.76352,41.35599],[-111.75718,41.35511],[-111.74631,41.35913],[-111.743,41.36179],[-111.74389,41.36348],[-111.74381,41.36537],[-111.74604,41.36714],[-111.74619,41.36987]],[[-112.24942,41.22],[-112.23476,41.2323],[-112.23065,41.23511],[-112.22721,41.23653],[-112.22473,41.23997],[-112.22437,41.2434],[-112.22325,41.24488],[-112.22423,41.24692],[-112.22962,41.25193],[-112.2342,41.25426],[-112.22944,41.2548],[-112.22345,41.25416],[-112.21752,41.25133],[-112.21535,41.25167],[-112.2149,41.25373],[-112.21289,41.25395],[-112.20835,41.2519],[-112.20161,41.2528],[-112.1999,41.25365],[-112.19916,41.25691],[-112.19801,41.2567],[-112.19787,41.25917],[-112.19489,41.25881],[-112.19315,41.2608],[-112.1922,41.2607],[-112.19059,41.2592],[-112.18645,41.26009],[-112.1848,41.26492],[-112.18472,41.268],[-112.1825,41.27012],[-112.17929,41.27052],[-112.16691,41.26941],[-112.16178,41.26723],[-112.16049,41.26549],[-112.15981,41.26261],[-112.15949,41.25146],[-112.15554,41.24703]],[[-112.11909,41.2859],[-112.12229,41.28578],[-112.12717,41.28661],[-112.12917,41.28847],[-112.1329,41.28927],[-112.13721,41.29129],[-112.13772,41.29218],[-112.1376,41.29481],[-112.13937,41.29716],[-112.1415,41.29707],[-112.14389,41.29606],[-112.15148,41.29807],[-112.15484,41.29656],[-112.16005,41.29713],[-112.16144,41.29807],[-112.16203,41.30036],[-112.17121,41.30194],[-112.18327,41.30716],[-112.18351,41.30817],[-112.1823,41.31004],[-112.18279,41.31125],[-112.19138,41.31579],[-112.19198,41.31662],[-112.19153,41.31829],[-112.19502,41.32072],[-112.19568,41.32335],[-112.20052,41.32576],[-112.20941,41.3327]],[[-112.10532,41.27563],[-112.11245,41.27565],[-112.1145,41.27646],[-112.11928,41.2767],[-112.11909,41.2859]],[[-111.76081,41.25355],[-111.76336,41.25684],[-111.76686,41.25932],[-111.77718,41.26069],[-111.78444,41.26328],[-111.79024,41.26457],[-111.79567,41.26396],[-111.80021,41.26443],[-111.80697,41.26253],[-111.81243,41.26635]],[[-111.80643,41.21595],[-111.80753,41.21659],[-111.80783,41.21839],[-111.81091,41.22076],[-111.81076,41.22744],[-111.81007,41.22875],[-111.81081,41.23181],[-111.81299,41.23252],[-111.8144,41.23604],[-111.8183,41.24032],[-111.82306,41.24227],[-111.82706,41.2448],[-111.82799,41.24702],[-111.83048,41.24889],[-111.83281,41.24933],[-111.83543,41.25157],[-111.84015,41.25269],[-111.843,41.25536],[-111.84378,41.25849],[-111.84771,41.25936],[-111.85145,41.26099],[-111.85354,41.2631],[-111.85622,41.26343],[-111.85782,41.26529],[-111.86046,41.26575],[-111.86098,41.26844],[-111.85907,41.27122],[-111.85929,41.27255],[-111.8574,41.27419],[-111.85756,41.27663]],[[-111.53915,41.06019],[-111.53874,41.06487],[-111.53441,41.06954],[-111.53348,41.07223],[-111.53684,41.07572],[-111.53943,41.07672],[-111.54105,41.0782],[-111.5394,41.08023],[-111.53923,41.08327],[-111.5362,41.0876],[-111.53828,41.08889],[-111.53877,41.08986],[-111.53983,41.08999],[-111.54125,41.09317],[-111.54041,41.09683],[-111.53871,41.09922],[-111.54016,41.10012],[-111.5407,41.10177],[-111.54321,41.10393],[-111.54363,41.10985],[-111.54543,41.11202],[-111.54578,41.11784],[-111.54529,41.11916],[-111.54927,41.12198],[-111.54986,41.12386],[-111.55127,41.12389],[-111.55503,41.13209],[-111.55541,41.13606],[-111.55432,41.13782],[-111.55298,41.13828],[-111.55344,41.13891],[-111.55283,41.14065],[-111.55355,41.14285],[-111.5568,41.14463],[-111.55976,41.1494],[-111.56098,41.15289],[-111.55993,41.15428],[-111.56342,41.15819],[-111.56638,41.16491],[-111.57051,41.16722],[-111.57238,41.16694],[-111.5739,41.1685]],[[-111.58859,40.9956],[-111.58676,40.99659],[-111.57947,40.99599],[-111.57407,40.99924],[-111.57283,41.00072],[-111.57125,41.00098],[-111.56839,41.0002],[-111.56665,41.00062],[-111.56866,41.00273],[-111.56857,41.0033],[-111.56451,41.00756],[-111.56287,41.00761],[-111.56244,41.00916],[-111.56057,41.01072],[-111.55877,41.01102],[-111.55842,41.01216],[-111.55625,41.01381],[-111.55567,41.01573],[-111.55444,41.01679],[-111.55326,41.02062],[-111.55367,41.0215],[-111.55431,41.02204],[-111.55639,41.02172],[-111.5575,41.02291],[-111.55736,41.02427],[-111.55638,41.02486],[-111.55625,41.02735],[-111.55436,41.02791],[-111.55343,41.0296],[-111.55546,41.03202]],[[-111.55546,41.03202],[-111.55925,41.03356],[-111.56157,41.03568],[-111.56066,41.03731],[-111.56044,41.03943],[-111.56323,41.04288],[-111.56325,41.04494],[-111.56006,41.04864],[-111.55922,41.05055],[-111.55807,41.05117],[-111.55472,41.05678],[-111.55307,41.05821],[-111.55103,41.05879],[-111.54784,41.05833],[-111.54194,41.06028],[-111.53915,41.06019]],[[-111.71293,41.05635],[-111.71219,41.05441],[-111.70951,41.05174],[-111.70591,41.05],[-111.70573,41.04567],[-111.70303,41.04381],[-111.68978,41.03855],[-111.67871,41.03697],[-111.67279,41.03275],[-111.66776,41.03225],[-111.66263,41.02931],[-111.65863,41.02871],[-111.65749,41.02585],[-111.65276,41.02191],[-111.64635,41.02055],[-111.64449,41.02102],[-111.64312,41.02237],[-111.64055,41.02217],[-111.63676,41.01869],[-111.63363,41.01692],[-111.62993,41.01657],[-111.62704,41.01706],[-111.62338,41.0157],[-111.62152,41.01367],[-111.61967,41.01375],[-111.61609,41.01194],[-111.61025,41.01205],[-111.60787,41.01056],[-111.60404,41.00608],[-111.60014,41.00396],[-111.59757,41.00418],[-111.59321,41.00048],[-111.58955,40.99862],[-111.58849,40.9967],[-111.58859,40.9956]],[[-111.77497,40.95986],[-111.7748,40.95824],[-111.77298,40.95743],[-111.7686,40.96014],[-111.76591,40.96035],[-111.76282,40.96193],[-111.76129,40.96371],[-111.76023,40.96344],[-111.75698,40.96516],[-111.7549,40.96546],[-111.75419,40.9666],[-111.75242,40.96759],[-111.75164,40.96974],[-111.74784,40.97023],[-111.74478,40.97176],[-111.74547,40.97464],[-111.7424,40.97447],[-111.74075,40.97545],[-111.7369,40.97556],[-111.73617,40.97643],[-111.73465,40.9768],[-111.73289,40.97918],[-111.72856,40.98059],[-111.72818,40.98241]],[[-111.72818,40.98241],[-111.73011,40.98551],[-111.73243,40.99288],[-111.7283,40.99797],[-111.72394,40.99816],[-111.72277,40.99954],[-111.7195,41.00065],[-111.72027,41.00469],[-111.72148,41.00624],[-111.72156,41.00819],[-111.72365,41.00842],[-111.72447,41.0091],[-111.72544,41.01034],[-111.7252,41.01279],[-111.72298,41.0143],[-111.72088,41.01786],[-111.71774,41.02026],[-111.71383,41.02531],[-111.71348,41.02815],[-111.7115,41.02899],[-111.71207,41.03192],[-111.71127,41.03283],[-111.71118,41.03485],[-111.71488,41.0365],[-111.7163,41.03799],[-111.7153,41.04338],[-111.71583,41.04709],[-111.7148,41.05012]],[[-111.7148,41.05012],[-111.71583,41.05417],[-111.71293,41.05635]],[[-111.52927,41.22988],[-111.53057,41.2331],[-111.53596,41.23628],[-111.55454,41.23794],[-111.55734,41.23849],[-111.55981,41.23993]],[[-111.5739,41.1685],[-111.57341,41.16958],[-111.56893,41.17161],[-111.56706,41.17429],[-111.56522,41.17445],[-111.56334,41.17575],[-111.56063,41.18052],[-111.56206,41.18184],[-111.56391,41.18595],[-111.56067,41.19135],[-111.55786,41.19227],[-111.55594,41.1961],[-111.55327,41.19682],[-111.55255,41.19785],[-111.55101,41.19801],[-111.54931,41.20122]],[[-111.71293,41.05635],[-111.71102,41.05718],[-111.7062,41.05593],[-111.68988,41.05462],[-111.68853,41.05549],[-111.68786,41.05842],[-111.68427,41.06335],[-111.67943,41.06893],[-111.67564,41.07117],[-111.67371,41.07366],[-111.66586,41.0746],[-111.66393,41.07608],[-111.66334,41.07869],[-111.6586,41.07983],[-111.65754,41.08082],[-111.65436,41.08176],[-111.65207,41.08458],[-111.65159,41.08622],[-111.64834,41.08738],[-111.64649,41.08932],[-111.64335,41.0912],[-111.64304,41.09466],[-111.64611,41.0982],[-111.64372,41.10224],[-111.64164,41.1037],[-111.64031,41.10612],[-111.64147,41.1077],[-111.64174,41.11025],[-111.6442,41.11532],[-111.6438,41.11722],[-111.64566,41.12228],[-111.64612,41.12654],[-111.64919,41.1288]],[[-111.81097,40.94954],[-111.81218,40.95078],[-111.81328,40.95404],[-111.81529,40.95733],[-111.81446,40.95994],[-111.80928,40.9574],[-111.80213,40.95949],[-111.79983,40.95976],[-111.79786,40.95906],[-111.79507,40.96094],[-111.79125,40.96085],[-111.78903,40.95924],[-111.78295,40.95677],[-111.78201,40.95694],[-111.78145,40.95789],[-111.77497,40.95986]],[[-111.82254,41.01428],[-111.81719,41.01686],[-111.81471,41.0192],[-111.81183,41.01944],[-111.80768,41.02143],[-111.80562,41.02162],[-111.80333,41.02093],[-111.79896,41.02131],[-111.79857,41.02167],[-111.79944,41.02786],[-111.79072,41.02951],[-111.78688,41.02865],[-111.78405,41.02921],[-111.78087,41.03361],[-111.77911,41.0336],[-111.77771,41.03493],[-111.76821,41.03598],[-111.76404,41.03468],[-111.75823,41.03705],[-111.75326,41.03677],[-111.74455,41.03919],[-111.74343,41.04009],[-111.743,41.04377],[-111.74393,41.04582],[-111.73945,41.05051],[-111.73729,41.05179],[-111.73714,41.05284],[-111.73445,41.05394],[-111.733,41.05756],[-111.72929,41.05985],[-111.72586,41.06054],[-111.72185,41.05936],[-111.72065,41.0576],[-111.71937,41.0533],[-111.7148,41.05012]],[[-111.54931,41.20122],[-111.54979,41.20221],[-111.5495,41.20414],[-111.54609,41.2077],[-111.54658,41.21159],[-111.54367,41.21347],[-111.54478,41.21642],[-111.5471,41.21969],[-111.54676,41.22083],[-111.54023,41.22227],[-111.53661,41.22757],[-111.5341,41.22985],[-111.53259,41.23035],[-111.52927,41.22988]],[[-111.55981,41.23993],[-111.57008,41.23876],[-111.57676,41.23923],[-111.58404,41.23837],[-111.58836,41.24072],[-111.59081,41.24083],[-111.59367,41.23928],[-111.59661,41.23858],[-111.59997,41.2362],[-111.60264,41.23533],[-111.6046,41.23227],[-111.60695,41.23023],[-111.6093,41.22925],[-111.6089,41.22635]],[[-111.84432,41.05928],[-111.84609,41.06106],[-111.84863,41.06212],[-111.85161,41.06641],[-111.85195,41.06791],[-111.84826,41.07569],[-111.85036,41.07791],[-111.85082,41.08147],[-111.85188,41.08231]],[[-111.6089,41.22635],[-111.6071,41.22535],[-111.60665,41.2238],[-111.60992,41.21314],[-111.6123,41.20931],[-111.61478,41.20805],[-111.62228,41.20622],[-111.62426,41.20288],[-111.62439,41.20069],[-111.6255,41.19971],[-111.63135,41.19864],[-111.63989,41.19898],[-111.64175,41.19852],[-111.64352,41.19704],[-111.64691,41.1921],[-111.65349,41.18965],[-111.65622,41.18632],[-111.65746,41.18579],[-111.66239,41.18739],[-111.66668,41.18745],[-111.66996,41.18555],[-111.67253,41.1853],[-111.67264,41.18348],[-111.67553,41.18354],[-111.67798,41.18114],[-111.68159,41.18195],[-111.68563,41.18069],[-111.68678,41.18129],[-111.69134,41.18128],[-111.69546,41.18246],[-111.69864,41.18198],[-111.7013,41.18306],[-111.70755,41.18382],[-111.71073,41.18574],[-111.71653,41.1867],[-111.7181,41.18891],[-111.72015,41.1896]],[[-111.64919,41.1288],[-111.64784,41.12902],[-111.64194,41.13295],[-111.64007,41.13275],[-111.63742,41.13375],[-111.63665,41.13521],[-111.63386,41.13748],[-111.63078,41.1393],[-111.62756,41.13938],[-111.62389,41.14239],[-111.62364,41.14372],[-111.62099,41.1443],[-111.61746,41.1464],[-111.61301,41.14543],[-111.60389,41.14881],[-111.59755,41.14642],[-111.59543,41.14926],[-111.59055,41.15202],[-111.59075,41.15472],[-111.58994,41.15585],[-111.58262,41.15951],[-111.58193,41.16365],[-111.57901,41.16713],[-111.5739,41.1685]],[[-111.67058,41.13625],[-111.67281,41.13908],[-111.6762,41.1393],[-111.68081,41.13811],[-111.68347,41.13672],[-111.68724,41.13744],[-111.69112,41.13729],[-111.69361,41.13848],[-111.69543,41.14023],[-111.69891,41.14161],[-111.70418,41.14243],[-111.70687,41.14055],[-111.70946,41.14295],[-111.71249,41.14427],[-111.71489,41.14426],[-111.71559,41.1453],[-111.71746,41.14583],[-111.72123,41.14487],[-111.72383,41.14284],[-111.74149,41.14269],[-111.74472,41.14317],[-111.75029,41.14142],[-111.75262,41.14175],[-111.75365,41.14318],[-111.75539,41.14393],[-111.76062,41.14301],[-111.76494,41.1457],[-111.76598,41.14482],[-111.76562,41.14386],[-111.77062,41.13784],[-111.78522,41.13911],[-111.79539,41.13872],[-111.80395,41.13687]],[[-111.72015,41.1896],[-111.72092,41.19103],[-111.72328,41.19296],[-111.72661,41.19387],[-111.72783,41.1974],[-111.72994,41.19704],[-111.73248,41.19776],[-111.73347,41.19921],[-111.73744,41.20146],[-111.73947,41.20155],[-111.74517,41.20344],[-111.74665,41.20735],[-111.74592,41.21214],[-111.7484,41.21438],[-111.75219,41.21401],[-111.75316,41.21502],[-111.75476,41.21479],[-111.759,41.21034],[-111.76202,41.20871],[-111.76421,41.20848],[-111.76419,41.21126],[-111.77039,41.21462],[-111.77382,41.21829],[-111.77836,41.21674],[-111.78092,41.21853],[-111.78515,41.21766],[-111.78971,41.21867],[-111.79645,41.21585],[-111.7996,41.21716],[-111.80359,41.21579],[-111.80643,41.21595]],[[-111.80643,41.21595],[-111.80645,41.21466],[-111.80819,41.21243],[-111.8122,41.21213],[-111.81317,41.20891],[-111.81783,41.20477],[-111.82098,41.20446],[-111.82295,41.20536],[-111.82497,41.20539],[-111.82653,41.20455],[-111.82906,41.20472],[-111.8309,41.20331],[-111.8322,41.20343],[-111.83585,41.20215],[-111.8365,41.20037],[-111.83858,41.19899],[-111.84329,41.19946],[-111.84937,41.19802],[-111.85787,41.19759],[-111.86042,41.19379],[-111.86671,41.19061],[-111.87118,41.18928],[-111.87152,41.18845],[-111.87299,41.18796]],[[-111.80395,41.13687],[-111.80265,41.13985],[-111.7957,41.1469],[-111.79081,41.14953],[-111.79029,41.15037],[-111.78775,41.15101],[-111.78318,41.15372],[-111.78157,41.15847],[-111.77482,41.15713],[-111.77212,41.15554],[-111.76921,41.1556],[-111.76876,41.1573],[-111.76751,41.15833],[-111.7669,41.16068],[-111.76512,41.16218],[-111.76512,41.16376],[-111.76387,41.16576],[-111.76074,41.16807],[-111.75994,41.17071],[-111.75823,41.17078],[-111.75465,41.17433],[-111.75069,41.17576],[-111.75232,41.17886],[-111.74928,41.18185],[-111.74611,41.18164],[-111.74275,41.18303],[-111.74051,41.18221],[-111.73666,41.18464],[-111.73409,41.18499],[-111.72853,41.18802],[-111.72423,41.18711],[-111.72015,41.1896]],[[-111.85147,41.09747],[-111.84988,41.09872],[-111.84834,41.10227],[-111.84328,41.10424],[-111.83332,41.10296],[-111.82968,41.10116],[-111.82711,41.1015],[-111.82317,41.10371],[-111.81695,41.11184],[-111.81661,41.11842],[-111.81312,41.1212],[-111.80717,41.12799],[-111.80676,41.13104],[-111.8054,41.13156],[-111.8042,41.13402],[-111.80395,41.13687]],[[-111.98436,41.13698],[-111.99802,41.13838],[-112.0016,41.14044],[-112.00419,41.14068],[-112.00683,41.14213],[-112.00745,41.14354],[-112.00624,41.14479],[-112.00613,41.14608],[-112.00879,41.14909],[-112.01457,41.15241],[-112.0148,41.15726],[-112.01643,41.15872],[-112.01724,41.1626],[-112.02144,41.16458],[-112.0214,41.16718],[-112.02279,41.17136]],[[-111.87299,41.18796],[-111.87528,41.18969],[-111.87745,41.19248],[-111.88142,41.19356],[-111.88376,41.19598],[-111.88237,41.19811],[-111.88206,41.19992],[-111.88442,41.20327],[-111.88434,41.20432],[-111.88391,41.20573],[-111.88132,41.20776],[-111.88049,41.20949],[-111.8814,41.21193],[-111.88774,41.21449],[-111.90069,41.22294],[-111.90452,41.2223],[-111.91143,41.22495],[-111.91451,41.22506],[-111.91689,41.22379],[-111.92028,41.22304],[-111.92692,41.22296],[-111.93765,41.22139],[-111.94523,41.22188],[-111.95249,41.2244],[-111.97768,41.22884],[-111.98799,41.23125],[-111.9957,41.22984],[-112.00036,41.23456],[-112.00241,41.2348]],[[-111.85438,41.10896],[-111.85421,41.10965],[-111.85568,41.11098],[-111.85582,41.11251],[-111.85383,41.11456],[-111.84933,41.11558],[-111.84815,41.11821],[-111.84656,41.11899],[-111.84602,41.1203],[-111.8445,41.1215],[-111.83766,41.12369],[-111.83727,41.12726],[-111.83527,41.13002],[-111.83201,41.13172],[-111.82897,41.13484],[-111.82807,41.13742],[-111.83093,41.13953],[-111.83199,41.14148],[-111.83482,41.14375],[-111.83566,41.14687],[-111.8422,41.15454],[-111.84766,41.15559],[-111.85124,41.1547],[-111.85456,41.15466],[-111.85877,41.15729],[-111.8667,41.15911],[-111.87042,41.16099],[-111.87156,41.16512],[-111.87659,41.1699],[-111.87512,41.17285],[-111.87125,41.17596],[-111.87106,41.17803],[-111.86885,41.18079],[-111.87138,41.18359],[-111.87163,41.18515],[-111.87279,41.18623],[-111.87299,41.18796]],[[-111.73891,40.8611],[-111.74047,40.86535],[-111.74271,40.86692],[-111.74415,40.86946],[-111.74653,40.87096],[-111.75468,40.87279],[-111.75909,40.87223],[-111.76343,40.87363],[-111.76796,40.87273],[-111.76827,40.87547],[-111.76677,40.87636],[-111.76696,40.87775],[-111.7653,40.87825],[-111.76419,40.8821],[-111.76167,40.88549],[-111.7622,40.88747],[-111.76425,40.88892],[-111.77036,40.88798],[-111.77168,40.88957],[-111.77146,40.89094],[-111.77227,40.89285],[-111.77469,40.89557],[-111.77755,40.89644],[-111.77948,40.89624],[-111.77654,40.90021],[-111.77867,40.90324],[-111.77849,40.90616],[-111.78144,40.90877],[-111.78228,40.9122],[-111.79272,40.91501],[-111.79378,40.91588],[-111.79413,40.91857],[-111.79278,40.92143],[-111.79339,40.92392],[-111.79092,40.92789],[-111.79256,40.93033],[-111.79536,40.93239],[-111.79673,40.93487],[-111.79989,40.93678],[-111.80401,40.94086],[-111.80442,40.94201],[-111.80393,40.94426],[-111.80702,40.94903],[-111.81097,40.94954]],[[-111.77497,40.95986],[-111.78317,40.96934],[-111.78401,40.97204],[-111.78525,40.9732],[-111.78574,40.97544],[-111.78864,40.97983],[-111.79219,40.98348],[-111.79337,40.98629],[-111.79661,40.98868],[-111.79896,40.98947],[-111.80417,40.99511],[-111.80661,40.99948],[-111.80639,41.00178],[-111.81039,41.00501],[-111.8201,41.00655],[-111.82134,41.00731],[-111.82191,41.008],[-111.82069,41.01095],[-111.82254,41.01428]],[[-111.82254,41.01428],[-111.82552,41.01838],[-111.82841,41.02054],[-111.8311,41.02097],[-111.83489,41.02046],[-111.83831,41.02307]],[[-111.92531,40.93398],[-111.91967,40.92965],[-111.91578,40.92757],[-111.90656,40.92473],[-111.90144,40.92375],[-111.89654,40.92426],[-111.89123,40.9232],[-111.88747,40.92162],[-111.87472,40.92159],[-111.86394,40.92421],[-111.85116,40.92854],[-111.84819,40.92982],[-111.8459,40.93293],[-111.84492,40.9333],[-111.8331,40.93428],[-111.82605,40.93772],[-111.82487,40.9395],[-111.82143,40.94139],[-111.8203,40.94329],[-111.81499,40.94465],[-111.81097,40.94954]],[[-111.83831,41.02307],[-111.83759,41.02569],[-111.8395,41.03096],[-111.83688,41.03623],[-111.83468,41.03738],[-111.83733,41.03998],[-111.83943,41.04056],[-111.83838,41.04272],[-111.83877,41.04463],[-111.84097,41.04597],[-111.84413,41.05007],[-111.84432,41.05928]],[[-111.94003,40.97241],[-111.93767,40.973],[-111.93536,40.97543],[-111.93042,40.97753],[-111.92899,40.97954],[-111.92984,40.98079],[-111.92833,40.98165],[-111.92718,40.98099],[-111.921,40.98192],[-111.91654,40.98149],[-111.91209,40.98313],[-111.90521,40.98709],[-111.8942,40.99114],[-111.89269,40.99379],[-111.88956,40.99688],[-111.88432,40.99845],[-111.88237,41.00007],[-111.88073,41.00238],[-111.87969,41.00767],[-111.87841,41.00875],[-111.87185,41.00967],[-111.86974,41.01047],[-111.86714,41.01262],[-111.8628,41.0131],[-111.85988,41.01503],[-111.85301,41.01619],[-111.85124,41.01761],[-111.83924,41.0222],[-111.83831,41.02307]],[[-111.85438,41.10896],[-111.85809,41.10855],[-111.87213,41.11316],[-111.89018,41.1137],[-111.89594,41.11103],[-111.89883,41.11048],[-111.90163,41.10867],[-111.9089,41.10841],[-111.91022,41.10876],[-111.91082,41.11023],[-111.91235,41.11091],[-111.9146,41.11377],[-111.91592,41.11424],[-111.92443,41.11246],[-111.92636,41.11033],[-111.92919,41.10949],[-111.93363,41.11081],[-111.93837,41.11464],[-111.93889,41.1164],[-111.93638,41.11699],[-111.93608,41.11815],[-111.93656,41.11877],[-111.9393,41.11863],[-111.93969,41.11951],[-111.94443,41.12137],[-111.94711,41.12146],[-111.95058,41.1206],[-111.95537,41.12076]],[[-111.85147,41.09747],[-111.85472,41.09954],[-111.85619,41.1019],[-111.85626,41.10431],[-111.85389,41.10825],[-111.85438,41.10896]],[[-112.07015,41.02528],[-112.05568,41.03245],[-112.05037,41.03639],[-112.04603,41.04151],[-112.03995,41.04701],[-112.03634,41.05276],[-112.03207,41.05744],[-112.03146,41.05955],[-112.02664,41.06323],[-112.0264,41.06437],[-112.01944,41.07055],[-112.01617,41.07122],[-112.0124,41.07792],[-112.0104,41.07894],[-112.00968,41.08169],[-112.00566,41.08634],[-112.00496,41.08824],[-112.00278,41.08964],[-111.99938,41.09466],[-111.99565,41.10345],[-111.99202,41.10678],[-111.99103,41.10844],[-111.9865,41.1108],[-111.9813,41.11227],[-111.96764,41.12291],[-111.96464,41.1206],[-111.9614,41.11946],[-111.95914,41.11933],[-111.95537,41.12076]],[[-111.99246,41.01686],[-111.97543,41.03352],[-111.96918,41.04057],[-111.95944,41.04958],[-111.94706,41.05763],[-111.93932,41.06098],[-111.93643,41.06352],[-111.92838,41.06808],[-111.91975,41.07024],[-111.91856,41.07126],[-111.9161,41.07589],[-111.90678,41.07585],[-111.89014,41.07344],[-111.8874,41.0752],[-111.88339,41.07466],[-111.88061,41.07513],[-111.87745,41.07657],[-111.87064,41.0765],[-111.86467,41.07937],[-111.85188,41.08231]],[[-111.95537,41.12076],[-111.9584,41.12547],[-111.96531,41.12975],[-111.98046,41.13503],[-111.98436,41.13698]],[[-111.91312,41.26475],[-111.90695,41.26616],[-111.9039,41.2698],[-111.90027,41.27223],[-111.90097,41.27341],[-111.90033,41.27493],[-111.90068,41.2764],[-111.90365,41.28039],[-111.89713,41.2838],[-111.89645,41.28554],[-111.89284,41.28917],[-111.8928,41.29084],[-111.89114,41.29235]],[[-111.92321,41.34339],[-111.92339,41.34489],[-111.92467,41.34687],[-111.92973,41.34929],[-111.93118,41.35089],[-111.93263,41.35149],[-111.93499,41.35481],[-111.94073,41.35727],[-111.94303,41.35992],[-111.9465,41.36089],[-111.95133,41.36339],[-111.95718,41.36248],[-111.96081,41.36316],[-111.96294,41.36519]],[[-111.99656,41.2357],[-111.9895,41.23624],[-111.97825,41.23487],[-111.9715,41.23509],[-111.96245,41.23756],[-111.95581,41.23862],[-111.94022,41.239],[-111.93791,41.24052],[-111.93624,41.24328],[-111.93393,41.24374],[-111.92903,41.24773],[-111.92675,41.24907],[-111.92412,41.24913],[-111.91957,41.25165],[-111.91854,41.25338],[-111.91859,41.2562],[-111.91492,41.25847],[-111.91374,41.26],[-111.91412,41.26237],[-111.91312,41.26475]],[[-112.14075,41.11119],[-112.13425,41.11485],[-112.12996,41.11528],[-112.1266,41.1166],[-112.12038,41.11774],[-112.10731,41.11941],[-112.09756,41.12269],[-112.0897,41.12367],[-112.08617,41.12523],[-112.07677,41.12572],[-112.07112,41.12528],[-112.06923,41.12585],[-112.06942,41.12675],[-112.06738,41.12796],[-112.06048,41.12831],[-112.05344,41.12752],[-112.04722,41.12774],[-112.04381,41.12866],[-112.02954,41.12762],[-112.01918,41.1305],[-112.00856,41.1313],[-112.00474,41.1333],[-111.98881,41.13549],[-111.98436,41.13698]],[[-111.89114,41.29235],[-111.89257,41.29575],[-111.89119,41.29816],[-111.89053,41.30153],[-111.89155,41.30525],[-111.89131,41.30941],[-111.89257,41.31066],[-111.8928,41.31284],[-111.89436,41.31444],[-111.89494,41.31664],[-111.89777,41.31788],[-111.90004,41.32138],[-111.90077,41.32351],[-111.89945,41.32565],[-111.89928,41.32722],[-111.90309,41.32813],[-111.90795,41.32829],[-111.9146,41.33017],[-111.91707,41.33186],[-111.91906,41.33223],[-111.91981,41.33453],[-111.92187,41.33716],[-111.92328,41.34146],[-111.92321,41.34339]],[[-112.07476,41.28305],[-112.06298,41.28037],[-112.05722,41.28131],[-112.05459,41.28108],[-112.04944,41.276],[-112.04371,41.27217],[-112.04056,41.27081],[-112.03142,41.26712],[-112.0219,41.26626],[-112.01711,41.26364],[-112.00807,41.26201],[-111.99275,41.26226],[-111.96482,41.26491],[-111.94685,41.26353],[-111.93828,41.26578],[-111.9359,41.26809],[-111.92912,41.26693],[-111.92189,41.26754],[-111.92031,41.2664],[-111.91789,41.26668],[-111.91312,41.26475]],[[-112.00241,41.2348],[-112.00313,41.23594],[-112.00233,41.23656],[-111.99656,41.2357]],[[-111.99656,41.2357],[-111.99768,41.23749],[-112.00059,41.23984],[-112.01059,41.24407],[-112.01887,41.24929],[-112.02656,41.25028],[-112.03634,41.25438],[-112.03933,41.25415],[-112.04211,41.2524],[-112.04748,41.25328],[-112.04929,41.25513],[-112.04842,41.2591],[-112.05282,41.26366],[-112.05327,41.26706],[-112.05572,41.26889],[-112.05577,41.27089],[-112.06145,41.27232],[-112.06333,41.27136],[-112.06495,41.2739],[-112.0666,41.27389],[-112.06682,41.27476],[-112.06955,41.27582],[-112.07024,41.27703],[-112.07317,41.277],[-112.07446,41.2791],[-112.07476,41.28305]],[[-112.02279,41.17136],[-112.0225,41.17224],[-112.02158,41.17255],[-112.01947,41.17878],[-112.00328,41.1958],[-112.00138,41.19965],[-112.00063,41.20444],[-111.99956,41.20568],[-111.99741,41.20625],[-111.99773,41.20953],[-111.99548,41.21084],[-111.99464,41.21224],[-111.99444,41.2138],[-111.99603,41.21423]],[[-112.19175,41.15589],[-112.18979,41.15966],[-112.19056,41.16277],[-112.18698,41.16844],[-112.18017,41.17119],[-112.17096,41.17169],[-112.16715,41.17094],[-112.16563,41.17025],[-112.1623,41.1655],[-112.15966,41.16614],[-112.1563,41.16538],[-112.14737,41.16547],[-112.13635,41.16351],[-112.13335,41.16431],[-112.13101,41.16728],[-112.12745,41.16527],[-112.12365,41.16449],[-112.10757,41.16407],[-112.10347,41.16482],[-112.09902,41.16666],[-112.09149,41.17319],[-112.081,41.17577],[-112.07844,41.17821],[-112.07263,41.17919],[-112.06566,41.1789],[-112.06379,41.17806],[-112.06156,41.1786],[-112.05846,41.17742],[-112.04796,41.17621],[-112.04106,41.17706],[-112.03928,41.17649],[-112.03569,41.1766],[-112.03259,41.17725],[-112.02775,41.1762],[-112.02399,41.17147],[-112.02279,41.17136]],[[-111.99603,41.21423],[-112.00176,41.21408],[-112.00818,41.21557],[-112.01228,41.21924],[-112.01485,41.2201],[-112.01693,41.22206],[-112.01903,41.222],[-112.02559,41.21969],[-112.03442,41.22153],[-112.03666,41.22508],[-112.04168,41.22953],[-112.04289,41.23344],[-112.04477,41.23494],[-112.04612,41.23517],[-112.04668,41.23789],[-112.05023,41.23808],[-112.05303,41.24205],[-112.06173,41.24575],[-112.06212,41.2469],[-112.06116,41.24945],[-112.0626,41.25395],[-112.06318,41.2595],[-112.06394,41.26092],[-112.06696,41.26327],[-112.06765,41.26502],[-112.07584,41.26213],[-112.08376,41.26327],[-112.08739,41.26318],[-112.09209,41.25991],[-112.09454,41.25728],[-112.09803,41.25018],[-112.09974,41.2486],[-112.10359,41.24665],[-112.10529,41.24456],[-112.1169,41.24318],[-112.11992,41.23817],[-112.12207,41.23096],[-112.12485,41.22808],[-112.12594,41.22441],[-112.12751,41.22366],[-112.13092,41.22396],[-112.13834,41.22677],[-112.15113,41.23333],[-112.15713,41.23803],[-112.15882,41.24026],[-112.15924,41.24218],[-112.15768,41.24502],[-112.15554,41.24703]],[[-111.905,40.75307],[-111.90115,40.75418],[-111.89898,40.75552],[-111.89709,40.75821],[-111.89663,40.76024],[-111.89441,40.76162],[-111.892,40.76448],[-111.89084,40.76793],[-111.88868,40.77132],[-111.88575,40.78433],[-111.88594,40.7895],[-111.888,40.79343],[-111.89081,40.79502],[-111.8896,40.79634],[-111.88732,40.79733]],[[-111.96882,40.74537],[-111.96274,40.74825],[-111.95273,40.75039],[-111.91308,40.75162],[-111.905,40.75307]],[[-111.88732,40.79733],[-111.88682,40.79811],[-111.88786,40.79892],[-111.88818,40.80046],[-111.88332,40.8037],[-111.88053,40.80468],[-111.88062,40.80725],[-111.87854,40.80867],[-111.87719,40.81077],[-111.87717,40.81289],[-111.87592,40.81371],[-111.8757,40.81559],[-111.871,40.81601],[-111.86954,40.81728],[-111.86946,40.81877],[-111.86614,40.8201],[-111.86595,40.82204],[-111.85849,40.82299],[-111.85727,40.82619],[-111.85385,40.82825],[-111.85355,40.82921],[-111.85007,40.82951],[-111.84873,40.83027],[-111.84602,40.82971],[-111.8441,40.83204],[-111.84182,40.83245],[-111.83756,40.83069],[-111.83034,40.83192],[-111.82907,40.8324],[-111.82822,40.83378],[-111.82171,40.83437],[-111.81721,40.83845]],[[-111.98123,40.91063],[-111.97711,40.90511],[-111.97481,40.89532],[-111.97762,40.87892],[-111.98133,40.87259],[-111.98261,40.86283],[-111.98234,40.85928],[-111.9808,40.85699],[-111.97668,40.85345],[-111.97545,40.85125],[-111.96961,40.84678],[-111.96847,40.84467],[-111.96653,40.84301],[-111.96412,40.84207],[-111.95732,40.8419],[-111.95599,40.84093],[-111.95299,40.82359],[-111.95088,40.81905],[-111.95146,40.81725],[-111.95499,40.8152],[-111.96775,40.8118],[-111.97019,40.80902],[-111.97139,40.80638],[-111.97368,40.80474],[-111.98761,40.79969],[-111.99027,40.79532],[-111.99311,40.79266],[-111.993,40.79104],[-111.99,40.78826],[-111.98359,40.78519],[-111.97872,40.7837],[-111.97739,40.78142],[-111.97616,40.77597],[-111.972,40.77369],[-111.96978,40.77141],[-111.96959,40.7635],[-111.97167,40.75835],[-111.97188,40.75548],[-111.96882,40.74537]],[[-110.9033,40.69894],[-110.90778,40.6993],[-110.91179,40.69844],[-110.91446,40.69994],[-110.92018,40.70045],[-110.92071,40.69941],[-110.92557,40.69954],[-110.92878,40.69801],[-110.93546,40.7001],[-110.93871,40.70354],[-110.94081,40.70406],[-110.9426,40.70639],[-110.94402,40.70588],[-110.94714,40.70614],[-110.95053,40.70772],[-110.95066,40.70871],[-110.95189,40.70943],[-110.95764,40.7072],[-110.96113,40.70735],[-110.96206,40.70764],[-110.96288,40.70967],[-110.9667,40.71195],[-110.96764,40.71113],[-110.97108,40.71043],[-110.97117,40.70962],[-110.9762,40.70445],[-110.97654,40.70186],[-110.97944,40.69996],[-110.97974,40.69828]],[[-111.664,40.85002],[-111.66808,40.85178],[-111.66993,40.85348],[-111.67255,40.85362],[-111.67422,40.85524],[-111.68331,40.85622],[-111.68653,40.8587],[-111.69068,40.85867],[-111.69574,40.86176]],[[-111.59969,40.69185],[-111.59484,40.6961],[-111.59268,40.69908],[-111.59417,40.70292],[-111.59817,40.70591],[-111.60423,40.7118],[-111.60611,40.71269],[-111.60756,40.71464],[-111.61152,40.71734],[-111.61181,40.71881],[-111.61498,40.71946],[-111.61497,40.72202],[-111.61637,40.72305],[-111.61479,40.72495],[-111.61347,40.72807],[-111.6225,40.72989],[-111.62334,40.73123],[-111.62343,40.73261],[-111.62169,40.73792],[-111.62451,40.73941],[-111.62456,40.74079],[-111.62415,40.74168],[-111.61984,40.74301],[-111.61741,40.74647],[-111.619,40.7492],[-111.62233,40.75149],[-111.6233,40.75419],[-111.62286,40.75649],[-111.6212,40.75825]],[[-111.6212,40.75825],[-111.62534,40.76101],[-111.62877,40.7604],[-111.63686,40.76313],[-111.63745,40.76395],[-111.63691,40.76702],[-111.63844,40.76925],[-111.64103,40.77116],[-111.64451,40.77113],[-111.64911,40.77337],[-111.64856,40.77567],[-111.64543,40.77888],[-111.64638,40.7826],[-111.64309,40.78598],[-111.64417,40.7875],[-111.64712,40.78942],[-111.64884,40.79222],[-111.6463,40.79773],[-111.64121,40.79903],[-111.64108,40.80503],[-111.64243,40.806],[-111.63908,40.80974],[-111.64074,40.81552],[-111.64263,40.81846],[-111.6457,40.82056],[-111.64579,40.82404],[-111.64944,40.82458],[-111.65195,40.82407],[-111.65242,40.82719],[-111.65674,40.83042],[-111.6646,40.82983],[-111.66586,40.83066],[-111.66618,40.8345],[-111.6651,40.83644],[-111.66405,40.84128],[-111.66309,40.84301],[-111.66064,40.84521]],[[-111.66064,40.84521],[-111.664,40.85002]],[[-111.69574,40.86176],[-111.70123,40.86147],[-111.70409,40.8556],[-111.70673,40.85273],[-111.70967,40.85271],[-111.71202,40.85192]],[[-111.75997,40.70703],[-111.75774,40.70742],[-111.75418,40.71102],[-111.74811,40.71483],[-111.74057,40.71404],[-111.7365,40.71501],[-111.72845,40.71557],[-111.72669,40.71442],[-111.72434,40.71419],[-111.72151,40.71249],[-111.71934,40.71445],[-111.71674,40.71555],[-111.7128,40.71588],[-111.71019,40.71497],[-111.70785,40.71147],[-111.70186,40.71141],[-111.69893,40.71448],[-111.69867,40.71578],[-111.69539,40.71987],[-111.69386,40.7192],[-111.69016,40.71934],[-111.68309,40.71661],[-111.68084,40.71665],[-111.67551,40.71377],[-111.67468,40.71103],[-111.67605,40.71028],[-111.6763,40.70682],[-111.67371,40.705],[-111.67301,40.70344],[-111.66928,40.70342],[-111.66543,40.70268],[-111.66372,40.7017],[-111.65943,40.70192],[-111.65805,40.70051],[-111.65567,40.70008],[-111.65262,40.69757],[-111.65015,40.69689],[-111.64806,40.69711],[-111.64608,40.69626],[-111.64217,40.69236],[-111.63822,40.69197],[-111.63277,40.69275],[-111.62315,40.68869],[-111.61817,40.68772],[-111.61343,40.68878],[-111.61084,40.6919],[-111.60769,40.69324],[-111.60418,40.69365],[-111.60111,40.69301],[-111.59969,40.69185]],[[-112.13315,41.36903],[-112.13284,41.37733],[-112.13207,41.37906]],[[-112.11988,41.38697],[-112.07233,41.41714],[-112.07181,41.41749],[-112.07232,41.41811]],[[-111.76998,40.74522],[-111.76478,40.74585],[-111.76199,40.74745],[-111.75709,40.75253],[-111.75259,40.75522],[-111.75099,40.75546],[-111.74989,40.75787],[-111.74621,40.75913],[-111.74373,40.76243],[-111.74105,40.76283],[-111.73746,40.76435],[-111.73211,40.76453],[-111.72633,40.76814],[-111.72254,40.76887],[-111.72218,40.76929],[-111.72284,40.77179],[-111.7206,40.77356],[-111.71902,40.77402],[-111.71699,40.77739],[-111.71393,40.77882],[-111.7125,40.78097],[-111.70324,40.78636],[-111.69821,40.79051],[-111.69429,40.79001],[-111.69042,40.79586],[-111.69122,40.80023],[-111.69091,40.8034],[-111.69155,40.80576],[-111.69277,40.80672],[-111.69082,40.8123],[-111.69293,40.81562],[-111.68944,40.81915],[-111.69058,40.82377],[-111.69308,40.8256],[-111.70151,40.82971],[-111.70755,40.83088],[-111.71534,40.83435],[-111.71762,40.83452]],[[-111.71202,40.85192],[-111.71617,40.85358],[-111.71783,40.85319],[-111.7208,40.85581],[-111.7254,40.85476],[-111.72953,40.85655],[-111.73269,40.85902],[-111.73891,40.8611]],[[-111.73891,40.8611],[-111.74734,40.85993],[-111.74824,40.85934],[-111.74865,40.85651],[-111.75247,40.85301],[-111.755,40.85393],[-111.75829,40.85247],[-111.76011,40.85291],[-111.76218,40.85117],[-111.76839,40.84834],[-111.77154,40.84882],[-111.77466,40.84762],[-111.77831,40.84459],[-111.78181,40.84389],[-111.78608,40.84543],[-111.78903,40.84556],[-111.79308,40.84437],[-111.79909,40.84044],[-111.8039,40.83859],[-111.81247,40.84005],[-111.81721,40.83845]],[[-111.71762,40.83452],[-111.71503,40.83822],[-111.71704,40.84121],[-111.7153,40.84458],[-111.71333,40.84637],[-111.71409,40.84734],[-111.71404,40.84842],[-111.71202,40.85192]],[[-111.74342,40.82238],[-111.73712,40.82618],[-111.73618,40.82747],[-111.7363,40.82847],[-111.73056,40.83491],[-111.72699,40.83514],[-111.72244,40.83408],[-111.71762,40.83452]],[[-111.75997,40.70703],[-111.76187,40.70879],[-111.76473,40.70952],[-111.77326,40.70834]],[[-111.76998,40.74522],[-111.77014,40.74687],[-111.77095,40.74786],[-111.77986,40.74846],[-111.78341,40.75018],[-111.78635,40.75071],[-111.79931,40.74823],[-111.80111,40.74868],[-111.80405,40.751],[-111.8058,40.75355],[-111.80471,40.75634],[-111.80491,40.76007],[-111.80194,40.76235],[-111.7994,40.76536],[-111.79844,40.77047],[-111.79398,40.77315],[-111.79035,40.77432],[-111.78383,40.78149],[-111.77974,40.78417],[-111.77582,40.78524],[-111.77443,40.78691],[-111.76729,40.79046],[-111.76488,40.79237],[-111.7646,40.79423],[-111.75258,40.79844],[-111.7518,40.79969],[-111.75192,40.80388],[-111.74916,40.80465],[-111.74799,40.80583],[-111.74171,40.80875],[-111.74431,40.81554],[-111.74333,40.81673],[-111.74358,40.81921],[-111.74294,40.82112],[-111.74342,40.82238]],[[-111.74342,40.82238],[-111.74692,40.82263],[-111.74963,40.82375],[-111.75148,40.82328],[-111.75657,40.82424],[-111.75878,40.82283],[-111.76251,40.82332],[-111.76647,40.82215],[-111.77201,40.82209],[-111.77926,40.81982],[-111.78111,40.81807],[-111.78682,40.81653],[-111.78904,40.81708],[-111.7943,40.81563],[-111.79638,40.81344],[-111.79849,40.81312],[-111.80557,40.80853],[-111.81127,40.80689],[-111.8133,40.80741],[-111.81977,40.80717],[-111.82199,40.80613],[-111.82625,40.80171],[-111.83429,40.80065],[-111.83621,40.79984],[-111.83731,40.79759],[-111.84009,40.79652],[-111.8419,40.79772],[-111.84517,40.79718],[-111.85261,40.79898],[-111.8551,40.79709],[-111.85908,40.7971],[-111.86217,40.79812],[-111.86327,40.79418],[-111.86485,40.79355],[-111.87099,40.78867],[-111.87365,40.78797],[-111.8756,40.78799],[-111.8786,40.79024],[-111.88354,40.79154],[-111.88666,40.79542],[-111.88732,40.79733]],[[-111.77326,40.70834],[-111.7772,40.70928],[-111.79226,40.70879],[-111.79483,40.70815],[-111.79671,40.70857],[-111.79648,40.71281],[-111.79347,40.71651],[-111.7911,40.71821],[-111.78801,40.72514],[-111.78536,40.72957],[-111.78346,40.73145],[-111.78373,40.73349],[-111.78322,40.73463]],[[-111.90612,40.68387],[-111.90919,40.68425],[-111.91309,40.68374],[-111.91789,40.68633],[-111.92074,40.68675],[-111.92009,40.68884],[-111.91858,40.69004],[-111.91746,40.69471],[-111.91984,40.69743],[-111.92056,40.69937],[-111.91883,40.70151],[-111.91967,40.70336],[-111.91918,40.70419],[-111.91956,40.7057],[-111.92057,40.70742],[-111.92328,40.70905],[-111.92338,40.71002],[-111.92034,40.71148],[-111.91454,40.71163],[-111.90562,40.71307],[-111.89101,40.71067],[-111.88844,40.70978],[-111.88783,40.70867],[-111.88669,40.70819],[-111.88327,40.70846],[-111.88144,40.70901],[-111.8765,40.71247],[-111.867,40.71617],[-111.86278,40.72083],[-111.85834,40.72248],[-111.84958,40.721],[-111.84609,40.71857],[-111.84164,40.7169],[-111.83594,40.71626],[-111.83238,40.71471],[-111.82589,40.71334],[-111.82309,40.71141],[-111.81242,40.71036],[-111.80873,40.70819],[-111.80286,40.70704],[-111.79954,40.70727],[-111.79558,40.70609],[-111.78433,40.70697],[-111.77802,40.70661],[-111.77326,40.70834]],[[-112.05187,40.77434],[-112.04624,40.77333],[-112.04099,40.77369],[-112.0388,40.77305],[-112.03211,40.7687],[-112.02586,40.76816],[-112.01886,40.76577],[-112.01739,40.76447],[-112.01401,40.75463],[-112.01087,40.74907],[-112.00685,40.7486],[-112.00537,40.74649],[-112.00121,40.74373],[-111.9973,40.73838]],[[-112.1392,40.82349],[-112.13092,40.82023],[-112.11968,40.81787],[-112.11061,40.81197],[-112.10085,40.79899],[-112.10075,40.79083],[-112.09925,40.78735],[-112.09819,40.78567],[-112.09362,40.78282],[-112.08898,40.78148],[-112.08287,40.77851],[-112.07381,40.78219],[-112.06807,40.78165],[-112.0647,40.78303],[-112.0608,40.78281],[-112.05632,40.78116],[-112.05413,40.77962],[-112.05241,40.77663],[-112.05187,40.77434]],[[-112.0945,40.62697],[-112.0931,40.62792],[-112.087,40.62951],[-112.08502,40.62901],[-112.08012,40.63046],[-112.07662,40.63174],[-112.07391,40.63367],[-112.05749,40.63523],[-112.05682,40.63788],[-112.05467,40.63819],[-112.04668,40.64436],[-112.04054,40.6477],[-112.03873,40.64802],[-112.03842,40.65032],[-112.03596,40.6524],[-112.03482,40.65498],[-112.02667,40.66191],[-112.02417,40.66499],[-112.02199,40.66963],[-112.01685,40.67447],[-112.01355,40.67998],[-112.01066,40.69154],[-112.00721,40.6972],[-112.00578,40.70769],[-112.0031,40.71401],[-112.0032,40.71668],[-112.00431,40.71829],[-112.00309,40.73172],[-112.00324,40.73652],[-112.00256,40.73755],[-112.0011,40.73801],[-111.9973,40.73838]],[[-111.78322,40.73463],[-111.78525,40.735],[-111.78801,40.73704],[-111.79204,40.73775],[-111.7956,40.73745],[-111.79852,40.7396],[-111.80183,40.73959],[-111.80788,40.74102],[-111.81965,40.74143],[-111.82659,40.7409],[-111.83482,40.73936],[-111.83752,40.73807],[-111.84256,40.73317],[-111.84883,40.72951],[-111.856,40.7294],[-111.85978,40.7312],[-111.86372,40.73427],[-111.8739,40.73866],[-111.8827,40.74394],[-111.8981,40.74547],[-111.905,40.75307]],[[-112.08816,40.68725],[-112.08761,40.68931],[-112.08949,40.69374],[-112.08796,40.70059],[-112.08937,40.71575],[-112.09151,40.72012],[-112.09286,40.73051],[-112.09557,40.74282],[-112.09964,40.75662],[-112.0956,40.76963],[-112.09424,40.77042],[-112.09082,40.76996],[-112.06174,40.77219],[-112.0584,40.7718],[-112.05187,40.77434]],[[-111.9973,40.73838],[-111.98508,40.73828],[-111.97817,40.73973],[-111.97601,40.74055],[-111.96882,40.74537]],[[-111.10333,41.03199],[-111.10542,41.03162],[-111.1077,41.02957],[-111.10732,41.02214],[-111.10805,41.02028],[-111.11009,41.01963],[-111.11059,41.01847]],[[-111.12033,40.95885],[-111.11446,40.9603],[-111.10565,40.958],[-111.10229,40.95901],[-111.10112,40.95754],[-111.09871,40.95778],[-111.0919,40.96012],[-111.08264,40.95631],[-111.07533,40.9517],[-111.07401,40.948],[-111.07406,40.94468],[-111.07704,40.93964],[-111.07823,40.9387],[-111.07819,40.93148],[-111.07746,40.93157],[-111.07569,40.93472],[-111.07459,40.93555],[-111.06692,40.93464],[-111.06541,40.93379],[-111.06633,40.9308],[-111.06555,40.92871],[-111.06206,40.92802],[-111.05967,40.92831],[-111.05705,40.92705],[-111.04907,40.92607],[-111.04302,40.92087],[-111.04078,40.92114],[-111.03825,40.92336],[-111.03615,40.92331],[-111.02645,40.91924],[-111.02272,40.91876],[-111.01809,40.9162],[-111.00957,40.91389],[-111.00709,40.91211],[-111.00393,40.90778],[-111.00053,40.90612],[-110.99731,40.90286],[-110.99498,40.89895],[-110.99519,40.89718],[-110.9944,40.89499],[-110.9951,40.89228]],[[-112.39954,41.46187],[-112.40445,41.4594],[-112.41609,41.45157]],[[-112.41596,41.45118],[-112.40831,41.44811],[-112.41581,41.4507]],[[-111.98123,40.91063],[-111.97867,40.91094],[-111.98325,40.91222],[-111.98552,40.91357],[-111.98376,40.91336],[-111.98085,40.91504],[-111.98106,40.9159],[-111.98257,40.91585],[-111.98323,40.91651],[-111.98216,40.91635],[-111.98161,40.91701],[-111.98187,40.9178],[-111.97796,40.91515],[-111.97703,40.91266],[-111.97632,40.91256],[-111.97538,40.91367],[-111.97518,40.91536],[-111.97694,40.91735],[-111.97677,40.91913],[-111.9717,40.92072],[-111.97006,40.92298],[-111.96639,40.92485],[-111.96596,40.92706],[-111.95994,40.92786],[-111.95812,40.92678],[-111.95621,40.92866],[-111.95834,40.92952],[-111.96696,40.92829],[-111.98379,40.91842],[-111.98589,40.92018],[-111.98757,40.92071],[-111.98818,40.91977],[-111.99006,40.92107]],[[-111.97613,40.92928],[-111.97345,40.92871],[-111.97273,40.9307],[-111.97335,40.93143]],[[-111.97058,40.93366],[-111.96756,40.92951],[-111.96538,40.92944],[-111.9666,40.9312],[-111.96459,40.9324],[-111.96389,40.93495],[-111.96279,40.93489],[-111.95985,40.93719]],[[-111.95915,40.93735],[-111.95909,40.93659],[-111.96155,40.93393],[-111.96061,40.93141],[-111.9596,40.9315],[-111.95893,40.93278],[-111.95775,40.93183],[-111.95588,40.93177],[-111.95481,40.93355],[-111.95324,40.93434],[-111.95234,40.93244],[-111.94952,40.932],[-111.94826,40.93115],[-111.94793,40.9185]],[[-112.37178,41.47101],[-112.37537,41.47059],[-112.37529,41.47148],[-112.37254,41.47409],[-112.37228,41.47517],[-112.37306,41.47602],[-112.37424,41.47575],[-112.38054,41.47242],[-112.38366,41.47163],[-112.38476,41.47216],[-112.38459,41.47087],[-112.38902,41.46892],[-112.39622,41.46262],[-112.39932,41.46194]],[[-112.39954,41.46187],[-112.41243,41.46398]],[[-112.39932,41.46194],[-112.40456,41.47521]],[[-112.14934,41.11479],[-112.14909,41.11607],[-112.15011,41.11509]],[[-112.15492,41.11693],[-112.15384,41.11786],[-112.15469,41.11832],[-112.15581,41.11728]],[[-112.15804,41.11813],[-112.1589,41.11921],[-112.16063,41.11913]],[[-112.1614,41.11942],[-112.16084,41.12034],[-112.16216,41.12068],[-112.16267,41.12182],[-112.16518,41.12123],[-112.16786,41.12264],[-112.17377,41.12723],[-112.17576,41.13014],[-112.1818,41.13397],[-112.185,41.13866],[-112.1875,41.14797],[-112.19138,41.15405],[-112.19175,41.15589]],[[-111.94793,40.9185],[-111.94356,40.92044],[-111.9419,40.92022],[-111.9411,40.91918],[-111.94077,40.92182],[-111.93675,40.92293],[-111.93499,40.92279],[-111.93459,40.92299],[-111.93512,40.92306],[-111.93501,40.92362],[-111.93422,40.92401],[-111.93224,40.92381],[-111.93099,40.92518],[-111.93229,40.92562],[-111.93388,40.92751],[-111.93029,40.92907],[-111.93212,40.92981],[-111.93133,40.93059],[-111.92866,40.93118],[-111.92883,40.93323],[-111.92584,40.93334],[-111.92531,40.93398]],[[-111.92531,40.93398],[-111.92384,40.93425],[-111.92449,40.9348],[-111.92331,40.936],[-111.92247,40.93557],[-111.92151,40.93632],[-111.92212,40.93684],[-111.92185,40.9373],[-111.91861,40.93756],[-111.91858,40.93812],[-111.91786,40.93818],[-111.91769,40.93998],[-111.91624,40.94138],[-111.91461,40.94135],[-111.91482,40.94196],[-111.9161,40.94204],[-111.91342,40.9431],[-111.91453,40.9436],[-111.91417,40.94446],[-111.91495,40.94526],[-111.91229,40.94575],[-111.91033,40.94528],[-111.90947,40.94609],[-111.9103,40.94629],[-111.91163,40.9455],[-111.91195,40.94661],[-111.91107,40.94693],[-111.91367,40.9478],[-111.9141,40.94878],[-111.91572,40.94837],[-111.91644,40.95021],[-111.91882,40.95088],[-111.92045,40.9506],[-111.92167,40.95151],[-111.92487,40.95165],[-111.92783,40.95398],[-111.9306,40.95519],[-111.93406,40.95938],[-111.93786,40.96705],[-111.93933,40.96876],[-111.94003,40.97241]],[[-111.94003,40.97241],[-111.94077,40.97531],[-111.94298,40.97807],[-111.94316,40.9788],[-111.94233,40.97955],[-111.94354,40.98186],[-111.94547,40.98329],[-111.94466,40.98401],[-111.9454,40.98516],[-111.94897,40.98815],[-111.95164,40.98772],[-111.9508,40.98929],[-111.95197,40.99013],[-111.95311,40.98969]],[[-112.20895,40.73244],[-112.20682,40.73253],[-112.20733,40.73357]],[[-112.20646,40.73418],[-112.20565,40.73403],[-112.20085,40.7367],[-112.19459,40.74132],[-112.18808,40.74914],[-112.18689,40.75196]],[[-112.18183,40.76088],[-112.1802,40.76184],[-112.18001,40.76342]],[[-112.17616,40.76631],[-112.17471,40.76592],[-112.17384,40.76683],[-112.1739,40.76801]],[[-112.17269,40.76921],[-112.17124,40.76904],[-112.17007,40.77197]],[[-112.16787,40.77429],[-112.16561,40.77464],[-112.1637,40.77623],[-112.15609,40.78485]],[[-112.15563,40.78519],[-112.1467,40.79088],[-112.14096,40.79705],[-112.13852,40.80183],[-112.14011,40.80379]],[[-112.14136,40.80721],[-112.14259,40.81173],[-112.14223,40.8128],[-112.14154,40.813],[-112.142,40.81518],[-112.14005,40.81767],[-112.14008,40.81939],[-112.1395,40.81963],[-112.13924,40.82103],[-112.14026,40.82215]],[[-112.19175,41.15589],[-112.19259,41.1553],[-112.19525,41.15568],[-112.19847,41.15486],[-112.19983,41.15537],[-112.20201,41.15462],[-112.20245,41.15528],[-112.20341,41.15504],[-112.20428,41.1567],[-112.20641,41.15694],[-112.20742,41.15896],[-112.20574,41.15976],[-112.20613,41.16017],[-112.20535,41.16057],[-112.20558,41.16155],[-112.20505,41.16226],[-112.20329,41.16265],[-112.19979,41.16491],[-112.1985,41.16664],[-112.19951,41.16661],[-112.1997,41.16722],[-112.1991,41.16754],[-112.20041,41.16877],[-112.20097,41.1683],[-112.20048,41.1692],[-112.20102,41.17005],[-112.20153,41.16941],[-112.2022,41.1696],[-112.20196,41.17066],[-112.20282,41.17227],[-112.20434,41.17204],[-112.20434,41.17373],[-112.20554,41.17441],[-112.20775,41.17411],[-112.20703,41.17544],[-112.20394,41.176],[-112.20654,41.17546],[-112.20662,41.17614],[-112.20842,41.17661],[-112.20715,41.17721],[-112.20819,41.17854],[-112.20921,41.17854],[-112.20901,41.17897],[-112.21025,41.17952],[-112.21001,41.18034],[-112.21476,41.17925],[-112.2156,41.18094],[-112.21824,41.18216],[-112.21872,41.18633],[-112.21817,41.18751],[-112.22074,41.1884],[-112.2247,41.19303],[-112.22662,41.1929],[-112.22508,41.19417],[-112.22548,41.19489],[-112.22859,41.19542],[-112.23047,41.1972],[-112.23239,41.20116],[-112.23825,41.20728],[-112.23829,41.20825],[-112.23982,41.20969],[-112.23975,41.21097],[-112.24081,41.21224],[-112.24402,41.21302],[-112.24722,41.21174],[-112.25037,41.21389],[-112.25069,41.21581],[-112.24885,41.21794],[-112.24942,41.22]],[[-112.14767,41.36684],[-112.14195,41.36793],[-112.14019,41.36892],[-112.13796,41.36839],[-112.13663,41.3691],[-112.13529,41.36851],[-112.13447,41.36919],[-112.13315,41.36903]],[[-112.1374,40.8292],[-112.13697,40.8303],[-112.13794,40.83101],[-112.13743,40.8312],[-112.13934,40.83211]],[[-112.13989,40.8329],[-112.14093,40.83618],[-112.14335,40.8365]],[[-112.14902,40.839],[-112.15026,40.84324],[-112.15419,40.84405],[-112.15628,40.84676],[-112.15757,40.84699],[-112.1576,40.84857],[-112.1586,40.84968],[-112.1604,40.84931]],[[-112.24942,41.22],[-112.25075,41.22171],[-112.25177,41.222]],[[-112.1614,40.85632],[-112.15813,40.85819],[-112.15724,40.85961]],[[-112.15654,40.86014],[-112.15403,40.86053],[-112.15346,40.86137],[-112.1535,40.86334],[-112.15533,40.86647]],[[-112.15505,40.88374],[-112.15474,40.88645],[-112.15527,40.88887]],[[-112.15547,40.89336],[-112.15453,40.90195]],[[-112.15417,40.90283],[-112.15166,40.90293],[-112.14938,40.90216],[-112.14664,40.89713],[-112.13878,40.89142],[-112.13693,40.88506],[-112.13574,40.88355],[-112.12493,40.87982],[-112.11848,40.87689],[-112.11714,40.8743],[-112.10885,40.87508]],[[-112.10642,40.87474],[-112.10434,40.87423],[-112.10321,40.87281],[-112.10423,40.87148],[-112.10687,40.87101],[-112.10434,40.87079],[-112.10218,40.87214]],[[-112.09213,40.87155],[-112.09024,40.87236],[-112.08783,40.87246],[-112.09119,40.87507]],[[-112.08408,40.87833],[-112.08325,40.87911],[-112.08357,40.88091]],[[-112.06675,40.88871],[-112.06472,40.8881],[-112.06483,40.88909]],[[-112.0582,40.89172],[-112.05249,40.89219],[-112.05134,40.89318],[-112.05056,40.89582]],[[-112.04705,40.8967],[-112.04129,40.89629],[-112.03871,40.89704],[-112.03859,40.89809],[-112.03745,40.89895],[-112.03347,40.89946]],[[-112.03336,40.89941],[-112.02918,40.90001]],[[-112.02522,40.90199],[-112.01936,40.90148],[-112.01221,40.89909],[-112.0079,40.89674],[-112.00391,40.89687],[-112.00413,40.89765],[-112.00605,40.89869],[-112.00451,40.89899],[-112.00284,40.89753],[-112.00088,40.89739],[-111.99971,40.89827],[-112.00056,40.89879],[-112.00046,40.89962],[-111.99984,40.89976],[-112.00082,40.90055],[-112.00182,40.90013],[-112.00222,40.90089],[-111.99977,40.90148],[-111.99744,40.90113],[-111.99858,40.90192],[-111.99361,40.90093],[-111.99541,40.90367],[-111.99966,40.90491],[-112.0002,40.90621],[-111.98814,40.90594],[-111.98566,40.90666],[-111.98363,40.90928],[-111.98212,40.90958],[-111.98123,40.91063]],[[-111.6089,41.22635],[-111.61046,41.22509],[-111.61556,41.22407],[-111.62187,41.22767],[-111.62439,41.22721],[-111.62828,41.22456],[-111.63062,41.22652],[-111.63892,41.22718],[-111.64067,41.22904],[-111.6428,41.2301],[-111.64866,41.22946],[-111.65254,41.23335],[-111.65445,41.23693],[-111.65438,41.23894],[-111.6575,41.24128],[-111.66274,41.24102],[-111.66772,41.24176],[-111.67222,41.24131],[-111.67411,41.24461],[-111.67845,41.24522],[-111.68505,41.24996],[-111.69378,41.24993],[-111.69784,41.24873],[-111.7033,41.25048],[-111.70514,41.25018],[-111.70948,41.24775],[-111.71277,41.2495],[-111.71292,41.25241],[-111.71494,41.25328],[-111.72591,41.25094],[-111.73296,41.25136],[-111.73741,41.24946],[-111.74261,41.24832],[-111.75338,41.24785],[-111.76588,41.24877],[-111.77074,41.25128],[-111.77295,41.25324],[-111.77183,41.25401],[-111.76081,41.25355]],[[-111.81721,40.83845],[-111.81967,40.84068],[-111.81987,40.84213],[-111.82119,40.84325],[-111.82437,40.84394],[-111.82759,40.84669],[-111.83061,40.84737],[-111.83132,40.84904],[-111.83491,40.84999],[-111.8373,40.84861],[-111.84174,40.84934],[-111.84324,40.85148],[-111.84274,40.85425],[-111.84418,40.85623],[-111.84416,40.85834],[-111.84528,40.85903],[-111.84641,40.86102],[-111.84647,40.86351],[-111.84761,40.86465],[-111.84991,40.86499],[-111.85045,40.86575],[-111.84943,40.86853],[-111.84994,40.86923],[-111.85565,40.87086],[-111.86164,40.87097],[-111.87631,40.87526],[-111.88501,40.87501],[-111.88859,40.87647],[-111.89378,40.8775],[-111.90483,40.87715],[-111.91169,40.87903],[-111.91514,40.87916],[-111.92056,40.8825],[-111.92575,40.88432],[-111.92943,40.88811],[-111.93222,40.89282],[-111.93605,40.89555],[-111.93754,40.89769],[-111.94596,40.90141],[-111.94828,40.9032],[-111.9488,40.9087],[-111.94593,40.90688],[-111.94261,40.91107],[-111.94618,40.91108],[-111.94804,40.91215],[-111.94793,40.9185]],[[-111.54027,40.61329],[-111.53931,40.61659],[-111.53662,40.61896],[-111.53293,40.621],[-111.53246,40.6233],[-111.52912,40.62687],[-111.52671,40.6274],[-111.52387,40.62918],[-111.52165,40.62941],[-111.51851,40.63311],[-111.51306,40.63216],[-111.50974,40.63351],[-111.50635,40.63591],[-111.50485,40.63849],[-111.50497,40.64404],[-111.5059,40.64645],[-111.50616,40.65036],[-111.50713,40.65148],[-111.50632,40.65261],[-111.50684,40.65457],[-111.5057,40.65823],[-111.50602,40.66346],[-111.50168,40.66508],[-111.50168,40.66785],[-111.4994,40.66941],[-111.50102,40.67033],[-111.50193,40.67194],[-111.5029,40.6804],[-111.5063,40.68279],[-111.50188,40.68435],[-111.49956,40.68619],[-111.49819,40.6884],[-111.49943,40.69858],[-111.49728,40.70328],[-111.49928,40.70442],[-111.50031,40.7061],[-111.50059,40.70824],[-111.50221,40.70941]],[[-111.93825,42.14059],[-111.93834,42.13913],[-111.93593,42.13624],[-111.9347,42.1284],[-111.93236,42.12467],[-111.93097,42.12391],[-111.92892,42.11875]],[[-111.17098,42.30653],[-111.1696,42.30764],[-111.16495,42.30896],[-111.16013,42.30937],[-111.15578,42.31279],[-111.15429,42.31156],[-111.15223,42.31162],[-111.14773,42.31409],[-111.14616,42.31427],[-111.1419,42.31292]],[[-111.14595,42.37238],[-111.14718,42.37085],[-111.15208,42.3681],[-111.15193,42.37272],[-111.1561,42.37555],[-111.15969,42.38334],[-111.15982,42.38557],[-111.16144,42.38836],[-111.16616,42.3883],[-111.16792,42.38915],[-111.17121,42.39222],[-111.17678,42.39206],[-111.18054,42.38977],[-111.18594,42.3877],[-111.18792,42.38811],[-111.19229,42.38693],[-111.19428,42.38714],[-111.19928,42.39697],[-111.19956,42.39956],[-111.20235,42.40129],[-111.20411,42.40402],[-111.20678,42.40587],[-111.21273,42.41289],[-111.21358,42.41541],[-111.22147,42.42048],[-111.22362,42.42303],[-111.22909,42.42484],[-111.22988,42.42584],[-111.22989,42.42852],[-111.23454,42.42949]],[[-111.23268,42.46909],[-111.23447,42.47374],[-111.23414,42.47532],[-111.23489,42.47829]],[[-111.24429,42.46461],[-111.24221,42.46411],[-111.24157,42.46248],[-111.24044,42.46165],[-111.23557,42.46235],[-111.23504,42.46389],[-111.23332,42.46529],[-111.23268,42.46909]],[[-111.2465,42.43953],[-111.24736,42.44063],[-111.24819,42.44436],[-111.2505,42.44669],[-111.25824,42.44906],[-111.26392,42.45429],[-111.25733,42.45592],[-111.2541,42.45846],[-111.25262,42.46065],[-111.24766,42.46398],[-111.24429,42.46461]],[[-111.41188,41.63169],[-111.41534,41.63655],[-111.4164,41.63941]],[[-111.24891,42.49547],[-111.25252,42.49448],[-111.25502,42.49513],[-111.25762,42.4942],[-111.2674,42.49381],[-111.2688,42.49281],[-111.28186,42.49125],[-111.28407,42.49147],[-111.28626,42.49253],[-111.28933,42.49256],[-111.29083,42.49065],[-111.29206,42.49094],[-111.29728,42.48976],[-111.30275,42.49236],[-111.30737,42.493],[-111.31421,42.49599],[-111.31364,42.49784],[-111.31162,42.50029],[-111.30968,42.50104],[-111.30782,42.5031],[-111.30365,42.50569],[-111.30004,42.507],[-111.30024,42.50773],[-111.30418,42.51078],[-111.30532,42.5132],[-111.30052,42.52039],[-111.29557,42.52179],[-111.29303,42.52361],[-111.28076,42.52561],[-111.27963,42.53025],[-111.28227,42.53545],[-111.28174,42.53945],[-111.28261,42.5424],[-111.27944,42.5529]],[[-111.55121,42.43738],[-111.54902,42.43358],[-111.54851,42.43084],[-111.54441,42.42834],[-111.54122,42.42788],[-111.53946,42.42384],[-111.53624,42.4214],[-111.53173,42.42107],[-111.52891,42.41927],[-111.5265,42.4191],[-111.5247,42.41793],[-111.51882,42.41731],[-111.5118,42.41745],[-111.51133,42.41674],[-111.51175,42.41504],[-111.50904,42.41284],[-111.50181,42.41089],[-111.49379,42.40508],[-111.48659,42.40785],[-111.48272,42.40703],[-111.47826,42.40698],[-111.47708,42.40382],[-111.47775,42.40068],[-111.4758,42.39961],[-111.47435,42.39769],[-111.47112,42.39654],[-111.46674,42.39686],[-111.46403,42.39593],[-111.46194,42.39595],[-111.45834,42.39874],[-111.45139,42.39856],[-111.44866,42.40013],[-111.44658,42.40048],[-111.44579,42.4001],[-111.44357,42.39622],[-111.44188,42.39533],[-111.4372,42.39684],[-111.43323,42.40072],[-111.42776,42.39971],[-111.42655,42.39711],[-111.42659,42.39136],[-111.42259,42.38767]],[[-111.42259,42.38767],[-111.41663,42.38788],[-111.41314,42.39005],[-111.41157,42.39028],[-111.41001,42.38964],[-111.40385,42.39101],[-111.40079,42.3902],[-111.3966,42.38802],[-111.39488,42.38891],[-111.3927,42.39219],[-111.39056,42.39249],[-111.3887,42.39382]],[[-111.24429,42.46461],[-111.24577,42.46555],[-111.24804,42.46996],[-111.2499,42.47109],[-111.25158,42.47123],[-111.25207,42.47388],[-111.25378,42.47644],[-111.25839,42.47786],[-111.26261,42.48003],[-111.26875,42.47991],[-111.27092,42.48045],[-111.27498,42.47987],[-111.27945,42.48184],[-111.28266,42.4825],[-111.28883,42.48112],[-111.29977,42.48263],[-111.30584,42.48177],[-111.31602,42.48164],[-111.32343,42.47975],[-111.33316,42.48046],[-111.33525,42.48224],[-111.34165,42.48334],[-111.34505,42.48178],[-111.35109,42.48082],[-111.38583,42.46988],[-111.39697,42.46873]],[[-111.42308,42.14066],[-111.42015,42.13858],[-111.4204,42.13777],[-111.41876,42.13619],[-111.41826,42.1343],[-111.40938,42.13272],[-111.40918,42.13135],[-111.406,42.13121],[-111.39906,42.12642],[-111.39929,42.12392],[-111.39859,42.12268],[-111.39919,42.11652],[-111.40336,42.11165]],[[-111.3887,42.39382],[-111.38689,42.39382],[-111.38508,42.39272],[-111.38174,42.39193],[-111.37808,42.3931],[-111.3754,42.39491],[-111.3734,42.39511],[-111.37176,42.39384],[-111.3672,42.39202],[-111.36506,42.39285],[-111.36045,42.39229],[-111.35485,42.39755],[-111.35319,42.39771],[-111.34843,42.4003],[-111.34723,42.40185],[-111.34484,42.40239],[-111.34436,42.40328],[-111.33824,42.4069],[-111.33676,42.40912],[-111.33291,42.41069],[-111.32922,42.41375],[-111.32563,42.41365],[-111.32397,42.41437],[-111.32195,42.41377],[-111.31495,42.41855],[-111.30766,42.42176],[-111.30157,42.42731],[-111.30016,42.4299],[-111.29911,42.43049],[-111.29749,42.43041],[-111.29507,42.43137],[-111.29339,42.43117],[-111.29224,42.43026],[-111.29013,42.42999],[-111.28972,42.42842],[-111.28799,42.42761],[-111.28599,42.42907],[-111.28275,42.42981],[-111.28093,42.43183],[-111.27966,42.43119],[-111.27439,42.43221],[-111.27231,42.43182],[-111.26878,42.43353],[-111.26684,42.4333],[-111.25605,42.43914],[-111.25217,42.43938],[-111.25059,42.43881],[-111.2465,42.43953]],[[-111.3887,42.39382],[-111.3893,42.39751],[-111.39297,42.40313],[-111.39269,42.40445],[-111.39358,42.40766],[-111.39147,42.41033],[-111.39137,42.41199],[-111.39025,42.41399],[-111.38852,42.41568],[-111.38931,42.4159],[-111.39055,42.4182],[-111.39071,42.42362],[-111.39224,42.42476],[-111.39325,42.42886],[-111.39518,42.43306],[-111.39522,42.43867],[-111.39374,42.44512],[-111.39768,42.4501],[-111.39507,42.45369],[-111.39668,42.4555],[-111.39653,42.45929],[-111.39831,42.4615],[-111.40025,42.46684]],[[-111.54912,42.46191],[-111.54691,42.46042],[-111.54191,42.45955],[-111.53815,42.45753],[-111.53171,42.45717],[-111.52949,42.4591],[-111.51842,42.45862],[-111.50748,42.45981],[-111.50372,42.46204],[-111.50253,42.46408],[-111.4999,42.46362],[-111.49658,42.46567],[-111.49295,42.46588],[-111.48238,42.46264],[-111.48213,42.45997],[-111.47925,42.45959],[-111.47503,42.46197],[-111.47344,42.46515],[-111.47162,42.46597],[-111.46966,42.46911],[-111.46517,42.47003],[-111.4643,42.47082],[-111.46383,42.47239],[-111.4645,42.47368],[-111.46361,42.47536],[-111.45821,42.47609],[-111.44179,42.4809],[-111.43796,42.48685],[-111.43519,42.48843]],[[-111.39697,42.46873],[-111.39682,42.47165],[-111.3961,42.47259],[-111.39225,42.47417],[-111.38939,42.47425],[-111.38772,42.47672],[-111.38398,42.47937],[-111.37819,42.48022],[-111.3683,42.485],[-111.3601,42.48657],[-111.35502,42.4897],[-111.35529,42.49175],[-111.35317,42.49328],[-111.35379,42.49478],[-111.35301,42.49728],[-111.35474,42.49921],[-111.35539,42.50221],[-111.35171,42.50338],[-111.35142,42.50632],[-111.34827,42.50843],[-111.34907,42.50952],[-111.34911,42.51145],[-111.34672,42.51286],[-111.34567,42.51546],[-111.34695,42.52047],[-111.34862,42.52315],[-111.34334,42.52569],[-111.34111,42.52595],[-111.33868,42.5302],[-111.33221,42.53217],[-111.32862,42.53558],[-111.32892,42.54056],[-111.32818,42.54382],[-111.32861,42.54585],[-111.32737,42.55057],[-111.33189,42.55399],[-111.33283,42.55549],[-111.33346,42.55754],[-111.33315,42.55951],[-111.33396,42.56134],[-111.33345,42.56256],[-111.33492,42.56387],[-111.33566,42.56665]],[[-111.40025,42.46684],[-111.39989,42.4683],[-111.39697,42.46873]],[[-110.91338,42.02322],[-110.91398,42.01883],[-110.9134,42.00857],[-110.91383,42.00492],[-110.91279,41.99593],[-110.91227,41.9955],[-110.90453,41.99601],[-110.89753,41.99541],[-110.89546,41.99427],[-110.88793,41.99279],[-110.88433,41.99058],[-110.8801,41.98974],[-110.87797,41.98687],[-110.87779,41.98354],[-110.87352,41.98347],[-110.86972,41.98247],[-110.86716,41.98106],[-110.86288,41.98026],[-110.85913,41.97729],[-110.85648,41.97751],[-110.85367,41.98032]],[[-111.43519,42.48843],[-111.43037,42.48797],[-111.42517,42.48595],[-111.42435,42.48511],[-111.42451,42.48336],[-111.42254,42.48133],[-111.42253,42.47899],[-111.42155,42.47848],[-111.41408,42.47811],[-111.41117,42.47675],[-111.40994,42.4773],[-111.40969,42.47339],[-111.41236,42.47211],[-111.41402,42.47017],[-111.41299,42.46861],[-111.40718,42.4674],[-111.4013,42.46756],[-111.40025,42.46684]],[[-111.55121,42.43738],[-111.55005,42.44435],[-111.54669,42.44484],[-111.54206,42.44743],[-111.54442,42.45166],[-111.54669,42.45211],[-111.54812,42.45341],[-111.54903,42.45752],[-111.55015,42.45872],[-111.54912,42.46191]],[[-111.58716,42.14193],[-111.58207,42.14318],[-111.57897,42.14169],[-111.57693,42.14148],[-111.5744,42.13957],[-111.57318,42.14032],[-111.56975,42.13991],[-111.56577,42.14089]],[[-111.43519,42.48843],[-111.43461,42.49128],[-111.43782,42.49444],[-111.43437,42.49732],[-111.43331,42.4992],[-111.43123,42.50002],[-111.4312,42.50096],[-111.43517,42.50416],[-111.43532,42.50581],[-111.43643,42.50682],[-111.43703,42.50882],[-111.43917,42.50993],[-111.44054,42.512],[-111.44522,42.5145],[-111.4484,42.51723],[-111.45098,42.51778],[-111.45371,42.52097],[-111.45613,42.52191],[-111.45535,42.52396],[-111.44787,42.52543],[-111.44499,42.527],[-111.44094,42.53264],[-111.44042,42.53646],[-111.43879,42.53851],[-111.43828,42.54159]],[[-111.57997,42.42928],[-111.57563,42.428],[-111.57607,42.42536],[-111.56703,42.4217],[-111.56663,42.42381],[-111.5653,42.42583],[-111.56641,42.4306],[-111.56414,42.43319],[-111.56267,42.43383],[-111.55991,42.43344],[-111.55474,42.43633],[-111.55121,42.43738]],[[-111.50982,42.60146],[-111.5111,42.60023],[-111.51133,42.59507],[-111.51234,42.59405],[-111.51888,42.59135],[-111.51761,42.58849],[-111.52038,42.57999],[-111.52116,42.5794],[-111.52407,42.57928],[-111.52508,42.57809],[-111.52457,42.57558],[-111.52851,42.57395],[-111.52957,42.57383],[-111.53097,42.57523],[-111.53242,42.57542],[-111.53414,42.57023],[-111.53376,42.56777],[-111.5352,42.56519],[-111.53757,42.56365],[-111.53448,42.56276],[-111.53268,42.56042],[-111.53236,42.55717],[-111.52995,42.55607],[-111.52876,42.55392],[-111.52699,42.553],[-111.52765,42.55079],[-111.53265,42.54644],[-111.53324,42.54334],[-111.53555,42.53993],[-111.53256,42.53489],[-111.533,42.53223],[-111.53219,42.52752],[-111.5334,42.52366],[-111.53171,42.52139],[-111.53124,42.51863],[-111.53246,42.51499],[-111.53131,42.51273]],[[-111.54912,42.46191],[-111.54953,42.46285],[-111.54907,42.46516],[-111.55149,42.46928],[-111.55154,42.47055],[-111.55019,42.47238],[-111.55069,42.47789],[-111.54574,42.48169],[-111.54386,42.48816],[-111.54553,42.49218],[-111.54727,42.49364],[-111.54884,42.49628],[-111.55133,42.49783],[-111.55643,42.50517],[-111.55671,42.50635],[-111.55595,42.50753],[-111.55668,42.50964],[-111.55423,42.51026],[-111.55242,42.51161],[-111.55062,42.51498],[-111.54331,42.51538],[-111.53741,42.51447],[-111.53562,42.51312],[-111.53131,42.51273]],[[-111.43828,42.54159],[-111.43238,42.54633],[-111.42286,42.55037],[-111.40872,42.55756],[-111.40986,42.56021],[-111.40988,42.56299],[-111.40602,42.56387],[-111.40186,42.56676],[-111.3968,42.56654],[-111.39567,42.5658],[-111.39341,42.5669],[-111.38075,42.56575],[-111.37642,42.56602],[-111.37591,42.56879],[-111.37356,42.57074],[-111.37348,42.57268],[-111.36978,42.57297],[-111.36866,42.57472],[-111.37,42.57962],[-111.36859,42.58289],[-111.36477,42.58284],[-111.35911,42.58732]],[[-111.53131,42.51273],[-111.52774,42.51305],[-111.52717,42.51589],[-111.52417,42.51962],[-111.51891,42.52428],[-111.51497,42.52364],[-111.50503,42.5265],[-111.50056,42.52632],[-111.49689,42.52737],[-111.49405,42.52699],[-111.49112,42.52913],[-111.48739,42.5284],[-111.48403,42.52861],[-111.47901,42.53099],[-111.47729,42.53304],[-111.47511,42.53402],[-111.47462,42.53579],[-111.47134,42.53772],[-111.46756,42.53526],[-111.46028,42.53753],[-111.45536,42.54002],[-111.45178,42.53966],[-111.44054,42.54168],[-111.43828,42.54159]],[[-111.60843,42.64542],[-111.60365,42.6446],[-111.60217,42.6425],[-111.5977,42.64146],[-111.595,42.63947],[-111.58989,42.64],[-111.58589,42.63914],[-111.58498,42.64145],[-111.58283,42.64345],[-111.58127,42.64369],[-111.58084,42.64498],[-111.57912,42.64614],[-111.57781,42.64806],[-111.5768,42.65142],[-111.57477,42.65359],[-111.57532,42.65653],[-111.57454,42.65803],[-111.57241,42.65897],[-111.56478,42.65903],[-111.5639,42.66046],[-111.56182,42.66077],[-111.56004,42.66264],[-111.55861,42.66293],[-111.55753,42.66479],[-111.55838,42.66637],[-111.55602,42.66787],[-111.55313,42.67299],[-111.55081,42.67407],[-111.55022,42.67574],[-111.54256,42.67277],[-111.53932,42.67248],[-111.53613,42.67919],[-111.53416,42.67922],[-111.53108,42.68047],[-111.52918,42.68328],[-111.52597,42.68468],[-111.52468,42.68609],[-111.52414,42.6872],[-111.52549,42.69148],[-111.51697,42.69015],[-111.50987,42.69098],[-111.50855,42.68993],[-111.50062,42.69274],[-111.50006,42.69455],[-111.48809,42.69408],[-111.48678,42.69482],[-111.48625,42.6964],[-111.48322,42.6954],[-111.47366,42.69493]],[[-111.60735,42.65276],[-111.60538,42.65655],[-111.60258,42.65835],[-111.5983,42.6596],[-111.59586,42.66134],[-111.59517,42.66281],[-111.59511,42.66763],[-111.59328,42.6728],[-111.58307,42.67539],[-111.58279,42.67724],[-111.58442,42.67845],[-111.5845,42.68104],[-111.58595,42.68246],[-111.58694,42.68506],[-111.5855,42.68863],[-111.58638,42.68931],[-111.58544,42.68978],[-111.58604,42.69184],[-111.58166,42.69823],[-111.58238,42.70255],[-111.57683,42.70321],[-111.57735,42.70473],[-111.57642,42.70728],[-111.57594,42.71245],[-111.5765,42.71872],[-111.57504,42.72078],[-111.57512,42.72519],[-111.57043,42.7262],[-111.56701,42.72458],[-111.56145,42.72469],[-111.56048,42.72543],[-111.56031,42.72787],[-111.55846,42.72937],[-111.55916,42.73211],[-111.5631,42.73433],[-111.56451,42.73588],[-111.56417,42.74744],[-111.56446,42.74944],[-111.5664,42.75228],[-111.56786,42.75351],[-111.57165,42.75411],[-111.57532,42.75821],[-111.57944,42.76028],[-111.58143,42.76456],[-111.58385,42.76563],[-111.58599,42.76764],[-111.58736,42.77055],[-111.59111,42.77395],[-111.5923,42.77607],[-111.5923,42.77896]],[[-111.62976,42.54201],[-111.62803,42.54196],[-111.62319,42.54385],[-111.61723,42.54194],[-111.61072,42.54302],[-111.6064,42.54282],[-111.60294,42.54786],[-111.60064,42.55335],[-111.59426,42.55717],[-111.58656,42.5593],[-111.5853,42.56185],[-111.58291,42.56229],[-111.5827,42.56636],[-111.57818,42.56903],[-111.57573,42.5718],[-111.56972,42.57504],[-111.56948,42.57808],[-111.56825,42.58092],[-111.56621,42.5817],[-111.55929,42.58198],[-111.55591,42.58394],[-111.55505,42.58659],[-111.55389,42.58793],[-111.55237,42.5888],[-111.55046,42.58874],[-111.54898,42.59077],[-111.54709,42.59197],[-111.5447,42.59144],[-111.53656,42.59505],[-111.53464,42.59757],[-111.52991,42.60067],[-111.52673,42.60055],[-111.52077,42.597],[-111.51454,42.60041],[-111.51308,42.60191],[-111.50982,42.60146]],[[-111.50982,42.60146],[-111.50493,42.60103],[-111.49266,42.60984],[-111.49232,42.61138],[-111.49351,42.61345],[-111.49321,42.61528],[-111.4852,42.62488],[-111.47985,42.62521],[-111.4751,42.62729],[-111.46675,42.62729],[-111.46571,42.62649],[-111.46097,42.62602],[-111.45795,42.62651],[-111.45737,42.62551],[-111.45247,42.62596],[-111.45078,42.6271],[-111.44021,42.62696],[-111.43984,42.6286],[-111.44066,42.63076],[-111.43758,42.63377],[-111.43723,42.63611],[-111.43386,42.63655],[-111.43301,42.63865],[-111.42874,42.63967],[-111.42806,42.64064]],[[-111.62714,42.8043],[-111.62907,42.80389],[-111.62998,42.80292],[-111.62909,42.79927],[-111.62586,42.79702],[-111.62681,42.79604],[-111.62666,42.79441],[-111.62741,42.79244],[-111.62458,42.7906],[-111.62296,42.78683],[-111.62309,42.78543],[-111.62517,42.784],[-111.62557,42.78273],[-111.62246,42.78026],[-111.62322,42.77739],[-111.62237,42.77559],[-111.62777,42.77455],[-111.63175,42.77087],[-111.6324,42.76902],[-111.63204,42.7654],[-111.63022,42.76127],[-111.62457,42.7577],[-111.623,42.7552],[-111.62444,42.75141],[-111.62688,42.74887],[-111.62676,42.74487],[-111.62823,42.74337],[-111.6295,42.74363],[-111.62939,42.74539],[-111.63015,42.74662],[-111.62961,42.74958],[-111.63074,42.75048],[-111.63078,42.75191],[-111.63421,42.75416],[-111.63824,42.75503],[-111.64058,42.7538],[-111.64283,42.75379],[-111.64366,42.75268],[-111.64245,42.75132],[-111.64347,42.74778],[-111.64775,42.7459],[-111.65098,42.74625],[-111.65296,42.74718],[-111.65608,42.74692],[-111.6585,42.7453],[-111.66363,42.74345],[-111.6655,42.74159],[-111.67116,42.74321],[-111.67369,42.74517],[-111.67827,42.74661],[-111.67975,42.74652],[-111.68541,42.74294],[-111.68708,42.7411],[-111.68884,42.73761],[-111.69163,42.73689],[-111.69403,42.73546]],[[-111.60843,42.64542],[-111.60941,42.64686],[-111.60871,42.64848],[-111.60948,42.65015],[-111.60735,42.65276]],[[-111.66639,42.61834],[-111.66562,42.62087],[-111.66128,42.62335],[-111.65914,42.62533],[-111.65848,42.62661],[-111.65945,42.62989],[-111.65546,42.63592],[-111.65358,42.63416],[-111.65101,42.63329],[-111.64897,42.63516],[-111.64621,42.63403],[-111.64482,42.63524],[-111.64145,42.63528],[-111.63744,42.63643],[-111.63257,42.63467],[-111.62887,42.63592],[-111.62597,42.63556],[-111.62386,42.63639],[-111.62154,42.63625],[-111.62095,42.63576],[-111.62155,42.63368],[-111.61911,42.63287],[-111.61824,42.63103],[-111.61699,42.63071],[-111.61458,42.63258],[-111.61292,42.63494],[-111.61282,42.63624],[-111.61079,42.63752],[-111.61221,42.63907],[-111.61163,42.64039],[-111.61216,42.64146],[-111.61187,42.64362],[-111.61059,42.64489],[-111.60843,42.64542]],[[-111.86432,42.38919],[-111.85623,42.37783],[-111.85015,42.37545],[-111.8495,42.37324],[-111.84837,42.37216],[-111.8439,42.37122],[-111.84103,42.36845],[-111.8371,42.36694],[-111.83601,42.36181],[-111.83461,42.36043],[-111.8337,42.36002],[-111.83125,42.36062],[-111.82806,42.35823],[-111.82118,42.35675],[-111.81711,42.35258],[-111.81425,42.35066],[-111.81275,42.35069],[-111.81365,42.34741],[-111.81861,42.34334],[-111.82171,42.33518],[-111.82383,42.33315],[-111.82259,42.32837],[-111.81997,42.32647],[-111.81976,42.32506]],[[-111.85322,42.40085],[-111.86117,42.40036],[-111.86167,42.3987],[-111.85854,42.3947],[-111.85878,42.39267],[-111.85801,42.39071],[-111.86432,42.38919]],[[-111.60735,42.65276],[-111.6214,42.65294],[-111.624,42.65403],[-111.62481,42.65562],[-111.62284,42.65754],[-111.62314,42.65892],[-111.62434,42.66006],[-111.62453,42.66202],[-111.62369,42.66363],[-111.62431,42.66651],[-111.62031,42.66825],[-111.61883,42.67259],[-111.61885,42.67629],[-111.6208,42.67839],[-111.62128,42.68068],[-111.62455,42.68209],[-111.62651,42.68162],[-111.62912,42.68336],[-111.62939,42.68609],[-111.63082,42.68717],[-111.63164,42.68904],[-111.63337,42.69069],[-111.63571,42.69136],[-111.63654,42.69275],[-111.64099,42.69481],[-111.64233,42.69844],[-111.64565,42.70004],[-111.64838,42.70208],[-111.6504,42.70464],[-111.65201,42.70543],[-111.65425,42.70836],[-111.65422,42.70985],[-111.65516,42.71095],[-111.6577,42.71007],[-111.66311,42.71085]],[[-112.3646,42.05686],[-112.36556,42.05904],[-112.37284,42.06148],[-112.37347,42.06244],[-112.37318,42.06449],[-112.38068,42.06401],[-112.38666,42.06601],[-112.38994,42.06498],[-112.39365,42.06599],[-112.39678,42.06499]],[[-111.7127,42.66301],[-111.70877,42.65846],[-111.70798,42.65618],[-111.70313,42.65513],[-111.70034,42.65336],[-111.69889,42.65335],[-111.6992,42.65198],[-111.70134,42.65139],[-111.70193,42.65046],[-111.7008,42.64783],[-111.69582,42.64607],[-111.69686,42.64388],[-111.70036,42.64027],[-111.69704,42.63509],[-111.69369,42.63448],[-111.69242,42.63291],[-111.68839,42.63219],[-111.68734,42.6281],[-111.68535,42.62686],[-111.68157,42.6252],[-111.67844,42.62498],[-111.67249,42.62324],[-111.66869,42.61949],[-111.66639,42.61834]],[[-111.86432,42.38919],[-111.86803,42.38707],[-111.87318,42.38753],[-111.87745,42.38603],[-111.88155,42.38598],[-111.88216,42.38519],[-111.8836,42.38489],[-111.88692,42.38559],[-111.89209,42.39063],[-111.89869,42.39081],[-111.90227,42.3931],[-111.9099,42.39419],[-111.91683,42.3915],[-111.91872,42.39193],[-111.92011,42.39556],[-111.92053,42.40116],[-111.91891,42.4122],[-111.91696,42.41595],[-111.91727,42.42452],[-111.91801,42.42701],[-111.92281,42.43362],[-111.92211,42.43601],[-111.92393,42.44241],[-111.92595,42.44372],[-111.93231,42.44528],[-111.93346,42.44681],[-111.93445,42.45107],[-111.93959,42.4532],[-111.9455,42.4569],[-111.94854,42.45727],[-111.95243,42.4595],[-111.95596,42.46015],[-111.95788,42.46118],[-111.96652,42.46228]],[[-111.0646,42.08144],[-111.06691,42.08081],[-111.07031,42.0809],[-111.07399,42.07898],[-111.07579,42.07895],[-111.08095,42.08175],[-111.08693,42.08257],[-111.09107,42.08675],[-111.09513,42.08876],[-111.0978,42.089],[-111.10023,42.09004],[-111.10383,42.09267],[-111.10821,42.09207],[-111.11258,42.08912],[-111.11456,42.08863],[-111.11617,42.08894],[-111.11729,42.09041],[-111.11853,42.0909],[-111.12256,42.09081],[-111.12451,42.08938],[-111.12884,42.08886],[-111.13356,42.09017],[-111.13385,42.09156],[-111.13612,42.09332],[-111.13847,42.09671],[-111.14561,42.09971],[-111.15027,42.10338],[-111.15271,42.10421],[-111.15149,42.10954],[-111.14607,42.12451],[-111.14661,42.13218],[-111.15117,42.12737],[-111.15329,42.12665],[-111.16312,42.12678],[-111.168,42.12909],[-111.16906,42.12783],[-111.17369,42.12744],[-111.17557,42.1277],[-111.17851,42.13035],[-111.18471,42.1342],[-111.18956,42.13596],[-111.19305,42.13374],[-111.19808,42.13505],[-111.19931,42.13082],[-111.20167,42.12976],[-111.21434,42.13221],[-111.21588,42.12785],[-111.21927,42.12585],[-111.22546,42.12512],[-111.23059,42.12628]],[[-111.16351,42.19677],[-111.16031,42.19767],[-111.15651,42.19587],[-111.15151,42.19502],[-111.14975,42.1954],[-111.14934,42.19719],[-111.14117,42.1975],[-111.1394,42.20269],[-111.13818,42.20376],[-111.13473,42.20407],[-111.13405,42.20703],[-111.1305,42.20578],[-111.12811,42.20608],[-111.12612,42.20772],[-111.11917,42.20658],[-111.11762,42.20558],[-111.11677,42.20665],[-111.11541,42.21175],[-111.11105,42.21032],[-111.10931,42.2104],[-111.1078,42.21153],[-111.10693,42.21453],[-111.10671,42.22214]],[[-111.51588,42.0688],[-111.51451,42.07118],[-111.51135,42.07206],[-111.51001,42.07445],[-111.50788,42.07564],[-111.50472,42.07621],[-111.50178,42.07852],[-111.49278,42.07875],[-111.49222,42.07977],[-111.48842,42.08131],[-111.48611,42.08152],[-111.4847,42.08267],[-111.48054,42.0822],[-111.47497,42.08447],[-111.46881,42.08224],[-111.46206,42.08443],[-111.45833,42.08399],[-111.45862,42.0862],[-111.45625,42.08874],[-111.45246,42.08935],[-111.45077,42.09245],[-111.44872,42.09219],[-111.44418,42.09537],[-111.44346,42.09665],[-111.44399,42.0984],[-111.44283,42.09893],[-111.44177,42.1022],[-111.4392,42.10189],[-111.43579,42.10382],[-111.43257,42.10397],[-111.43049,42.10596],[-111.41824,42.10615],[-111.41304,42.1103],[-111.41048,42.11137],[-111.40336,42.11165]],[[-111.56577,42.14089],[-111.55871,42.1478],[-111.5582,42.1553],[-111.5563,42.15629],[-111.55429,42.15626],[-111.5531,42.15559],[-111.54907,42.15564],[-111.54645,42.15841],[-111.53824,42.15696],[-111.53486,42.15538],[-111.53341,42.15534],[-111.5313,42.15803],[-111.5252,42.15925],[-111.5249,42.16106],[-111.52358,42.16322],[-111.52149,42.16352],[-111.51932,42.16537],[-111.51684,42.16616],[-111.51394,42.16383],[-111.51253,42.16135],[-111.51215,42.15899],[-111.50929,42.15513],[-111.50778,42.15644],[-111.50418,42.15752],[-111.50129,42.15735],[-111.49857,42.15631],[-111.49633,42.15639],[-111.49296,42.1575],[-111.48983,42.15954],[-111.48786,42.15889],[-111.48642,42.15949],[-111.48462,42.1579],[-111.48287,42.15744],[-111.48202,42.15875],[-111.47413,42.15996],[-111.47304,42.15974],[-111.47156,42.15769],[-111.46891,42.15771],[-111.46803,42.15666],[-111.46601,42.15628],[-111.46429,42.1586],[-111.46222,42.15888],[-111.46147,42.16003],[-111.45944,42.16075],[-111.45877,42.16307],[-111.45792,42.16392],[-111.45622,42.16399],[-111.45598,42.16583],[-111.45655,42.16737],[-111.45508,42.16854],[-111.45324,42.16801],[-111.45119,42.16874],[-111.44809,42.16615],[-111.44496,42.16506],[-111.44058,42.16787],[-111.43049,42.16891],[-111.42672,42.16789],[-111.42523,42.16922],[-111.42055,42.1702],[-111.40983,42.16946],[-111.40712,42.17032],[-111.40474,42.17412],[-111.39639,42.17411],[-111.39264,42.17551],[-111.39144,42.1766],[-111.38731,42.17437],[-111.38636,42.17271],[-111.38483,42.17167]],[[-111.23163,42.134],[-111.22984,42.13672]],[[-111.40336,42.11165],[-111.40009,42.11282],[-111.39463,42.11344],[-111.39021,42.11229],[-111.38526,42.11196],[-111.36637,42.11336],[-111.36506,42.11399]],[[-111.56577,42.14089],[-111.56141,42.13699],[-111.55657,42.13556],[-111.55206,42.13519],[-111.55027,42.1332],[-111.54777,42.13291],[-111.54383,42.13479],[-111.53841,42.13467],[-111.53771,42.13551],[-111.53546,42.13615],[-111.53471,42.13813],[-111.5322,42.14033],[-111.52286,42.1393],[-111.51919,42.13964],[-111.51493,42.14142],[-111.50951,42.13924],[-111.5084,42.14131],[-111.50619,42.14145],[-111.50479,42.14059],[-111.50206,42.14263],[-111.49919,42.14309],[-111.49513,42.14141],[-111.49546,42.13951],[-111.49416,42.13905],[-111.49324,42.13707],[-111.49214,42.13627],[-111.4887,42.13692],[-111.48834,42.13848],[-111.48326,42.13953],[-111.47997,42.13936],[-111.47756,42.14428],[-111.47298,42.14252],[-111.47152,42.1432],[-111.46663,42.14138],[-111.46532,42.14234],[-111.46035,42.14324],[-111.45957,42.14418],[-111.45563,42.14441],[-111.45171,42.14636],[-111.45044,42.1462],[-111.44905,42.14493],[-111.44769,42.14551],[-111.44641,42.14322],[-111.44672,42.14169],[-111.44408,42.1403],[-111.43508,42.1382],[-111.42559,42.13908],[-111.42308,42.14066]],[[-111.44688,42.20427],[-111.44257,42.20171],[-111.43946,42.20133],[-111.43661,42.20019],[-111.43206,42.19978],[-111.42876,42.19769],[-111.42738,42.19598],[-111.42498,42.19493],[-111.42378,42.19274],[-111.42228,42.19159],[-111.42035,42.19092],[-111.41577,42.19182],[-111.41331,42.19134],[-111.409,42.18971],[-111.40696,42.18774],[-111.40274,42.18535],[-111.38811,42.18823],[-111.38462,42.1875],[-111.38387,42.18662],[-111.38386,42.18423],[-111.38221,42.18201],[-111.38231,42.17976],[-111.37888,42.17893],[-111.37688,42.17737],[-111.37153,42.17708],[-111.37008,42.17436],[-111.36622,42.17196],[-111.36936,42.16806],[-111.37122,42.16749],[-111.37581,42.16768],[-111.37811,42.16899],[-111.38305,42.17019],[-111.38483,42.17167]],[[-111.38483,42.17167],[-111.38502,42.17047],[-111.38423,42.16971],[-111.37929,42.16762],[-111.36826,42.16566],[-111.36658,42.16441],[-111.36652,42.16218],[-111.36724,42.16103],[-111.36663,42.15941],[-111.36708,42.15631],[-111.36661,42.15381],[-111.36525,42.15315],[-111.36509,42.15159],[-111.36578,42.15081],[-111.36773,42.14983],[-111.372,42.14949],[-111.37227,42.15052],[-111.37495,42.15252],[-111.37841,42.15277],[-111.38034,42.15201],[-111.38246,42.15244],[-111.3831,42.15212],[-111.38285,42.14984],[-111.38142,42.14561],[-111.38433,42.14311],[-111.38577,42.14269],[-111.39151,42.14608],[-111.39337,42.14835],[-111.39626,42.14786],[-111.40227,42.15053],[-111.40549,42.1504],[-111.40791,42.1486],[-111.41443,42.14897],[-111.41618,42.1502],[-111.42002,42.15074],[-111.42341,42.14883],[-111.42443,42.14589],[-111.42451,42.14386],[-111.42308,42.14066]],[[-111.61719,42.186],[-111.61558,42.18777],[-111.61302,42.18869],[-111.60968,42.19098],[-111.60862,42.19318],[-111.60775,42.19359],[-111.60581,42.19384],[-111.60466,42.19181],[-111.60476,42.19056],[-111.6019,42.18818],[-111.59942,42.18745],[-111.59464,42.18812],[-111.58728,42.19081],[-111.58591,42.19197],[-111.5856,42.19335],[-111.5806,42.20032],[-111.57934,42.20129],[-111.57815,42.20434],[-111.57609,42.20582],[-111.57425,42.20999],[-111.57181,42.21093],[-111.57174,42.21264],[-111.56997,42.2137],[-111.56772,42.21317],[-111.56222,42.21484],[-111.55989,42.21012],[-111.5544,42.20719],[-111.55046,42.2034],[-111.54834,42.20262],[-111.54305,42.20339],[-111.53826,42.20625],[-111.53351,42.20646],[-111.52983,42.20919],[-111.52693,42.20969],[-111.52671,42.20766],[-111.52551,42.20566],[-111.52371,42.20351],[-111.52219,42.20274],[-111.51895,42.20298],[-111.51547,42.20052],[-111.51333,42.20003],[-111.51206,42.20047],[-111.50544,42.19816],[-111.50345,42.19861],[-111.50143,42.19767],[-111.4992,42.19771],[-111.49635,42.19638],[-111.49368,42.19668],[-111.48905,42.20091],[-111.48528,42.20216],[-111.47953,42.20262],[-111.47844,42.20351],[-111.46706,42.20322],[-111.46175,42.20184],[-111.45737,42.20241],[-111.45648,42.20346],[-111.45489,42.20315],[-111.44688,42.20427]],[[-111.37611,42.21652],[-111.37512,42.21441],[-111.37356,42.21346],[-111.36463,42.2118],[-111.36299,42.21345],[-111.36022,42.21359],[-111.36051,42.21511],[-111.35867,42.21568],[-111.35713,42.21535],[-111.35342,42.21328],[-111.35283,42.20892],[-111.35185,42.20817],[-111.32295,42.20814],[-111.32002,42.20697],[-111.3166,42.20857],[-111.311,42.20868],[-111.30694,42.21201],[-111.30666,42.21378],[-111.30098,42.21559],[-111.29607,42.21575],[-111.29593,42.21923],[-111.29389,42.2193],[-111.29247,42.22032],[-111.28675,42.22094],[-111.28402,42.21947],[-111.2815,42.21919],[-111.27882,42.21922],[-111.27642,42.22047],[-111.27428,42.21931],[-111.27119,42.21937],[-111.27233,42.21734],[-111.27201,42.21653],[-111.26724,42.21527],[-111.26369,42.21292],[-111.2586,42.21352],[-111.25724,42.2131],[-111.25119,42.21437],[-111.24784,42.21408],[-111.24161,42.21119],[-111.2299,42.20735]],[[-111.12659,42.40053],[-111.12762,42.40244],[-111.13176,42.40561],[-111.1331,42.40811],[-111.13748,42.41138],[-111.14086,42.4125],[-111.14264,42.41419],[-111.14379,42.41636],[-111.14427,42.41998],[-111.14593,42.42305],[-111.14745,42.42479],[-111.15167,42.42722],[-111.15239,42.42926],[-111.14935,42.43155],[-111.14914,42.43416],[-111.15322,42.43735],[-111.15384,42.43977],[-111.15571,42.44287],[-111.15819,42.44494],[-111.15447,42.4465],[-111.15397,42.44732],[-111.15452,42.44813],[-111.16101,42.45187],[-111.1638,42.45237],[-111.16845,42.45202],[-111.16802,42.45597],[-111.16871,42.45698],[-111.17047,42.45786],[-111.17216,42.45763],[-111.17598,42.45876],[-111.17957,42.46087],[-111.18191,42.45925],[-111.18327,42.4597],[-111.18369,42.46079],[-111.18847,42.46424],[-111.19264,42.46521],[-111.19372,42.46511],[-111.19496,42.46404],[-111.20018,42.46616],[-111.20442,42.4658],[-111.2075,42.46701],[-111.21602,42.46839],[-111.22516,42.46514],[-111.22832,42.4671],[-111.22961,42.46868],[-111.23268,42.46909]],[[-111.57268,42.2701],[-111.5701,42.26794],[-111.56379,42.26432],[-111.5579,42.25955],[-111.55563,42.25873],[-111.5544,42.25473],[-111.5562,42.25185],[-111.55673,42.24762],[-111.55632,42.24381],[-111.55548,42.24232],[-111.55204,42.24149],[-111.54522,42.24314],[-111.53463,42.24379]],[[-111.44688,42.20427],[-111.44346,42.20572],[-111.44054,42.20607],[-111.44007,42.20715],[-111.43865,42.20784],[-111.43339,42.20903],[-111.4312,42.20815],[-111.42679,42.20899],[-111.42318,42.21068],[-111.42299,42.21235],[-111.42095,42.21326],[-111.41539,42.21321],[-111.41413,42.21407],[-111.41249,42.21418],[-111.41015,42.21283],[-111.40764,42.21275],[-111.40581,42.21169],[-111.40302,42.21201],[-111.40085,42.21407],[-111.39632,42.21404],[-111.39076,42.21718],[-111.38096,42.21652],[-111.37903,42.21738],[-111.37611,42.21652]],[[-111.53463,42.24379],[-111.533,42.24361],[-111.53189,42.24225],[-111.52913,42.24202],[-111.52415,42.23957],[-111.51567,42.23403],[-111.51429,42.2326],[-111.51378,42.23073],[-111.51048,42.23138],[-111.50406,42.22915],[-111.49877,42.2298],[-111.49577,42.22747],[-111.49336,42.22828],[-111.49066,42.22774],[-111.48748,42.2281],[-111.4846,42.22913],[-111.48144,42.2263],[-111.47669,42.22615],[-111.47427,42.2254],[-111.46601,42.22502],[-111.46346,42.22623],[-111.46218,42.225],[-111.4564,42.22395],[-111.45562,42.22251],[-111.45455,42.22209],[-111.44516,42.22366],[-111.44526,42.22495],[-111.44141,42.22615],[-111.43778,42.22543],[-111.43239,42.22687],[-111.42369,42.22638],[-111.42141,42.22709],[-111.41363,42.22574],[-111.40871,42.22705],[-111.40323,42.22558],[-111.40133,42.22569],[-111.39916,42.22891],[-111.39723,42.22902],[-111.39117,42.23127],[-111.37349,42.22949],[-111.37171,42.23102],[-111.36997,42.22993],[-111.36709,42.23062],[-111.36651,42.23135],[-111.36323,42.2313],[-111.36102,42.23003],[-111.36063,42.22732],[-111.36249,42.22711],[-111.36409,42.22505],[-111.36337,42.22382],[-111.36458,42.22229],[-111.37238,42.22244],[-111.37174,42.21653],[-111.37611,42.21652]],[[-111.41292,42.35602],[-111.40612,42.35552],[-111.40038,42.35625],[-111.39846,42.35748],[-111.39296,42.35769],[-111.39296,42.36008],[-111.3913,42.36074],[-111.38513,42.36069],[-111.37824,42.35736],[-111.36678,42.35444],[-111.36356,42.35221],[-111.35894,42.35185],[-111.35652,42.34924],[-111.35387,42.34969],[-111.35244,42.34925]],[[-111.22984,42.13672],[-111.22594,42.13713],[-111.2187,42.14257],[-111.21649,42.1429],[-111.21141,42.14201],[-111.20797,42.14861],[-111.19754,42.14838],[-111.19684,42.15016],[-111.19663,42.15681],[-111.19087,42.15983],[-111.18955,42.16384],[-111.18763,42.16656],[-111.1868,42.17294],[-111.18322,42.1729],[-111.17908,42.17633],[-111.17741,42.18237],[-111.17534,42.18468],[-111.17611,42.19051],[-111.17144,42.19603],[-111.16812,42.19677],[-111.16467,42.19592],[-111.16351,42.19677]],[[-111.2299,42.20735],[-111.22849,42.20446],[-111.229,42.20303],[-111.22882,42.19759],[-111.22991,42.19516],[-111.22964,42.19054],[-111.23016,42.1867],[-111.22752,42.18417],[-111.22791,42.18103],[-111.22519,42.17993],[-111.22271,42.17789],[-111.2194,42.17755],[-111.21711,42.1762],[-111.21978,42.16979],[-111.22287,42.16591],[-111.22432,42.16264],[-111.22447,42.15723],[-111.22698,42.15291],[-111.22708,42.15021],[-111.22643,42.14863],[-111.2272,42.14342],[-111.22984,42.13672]],[[-111.16351,42.19677],[-111.16413,42.19865],[-111.16803,42.20078],[-111.17307,42.20704],[-111.17262,42.21015],[-111.17328,42.21269],[-111.17721,42.21339],[-111.18008,42.21468],[-111.18245,42.2137],[-111.1834,42.21209],[-111.18936,42.21357],[-111.19135,42.21543],[-111.19448,42.21669],[-111.19563,42.22079],[-111.19509,42.22337],[-111.19565,42.23007],[-111.19174,42.23172],[-111.19161,42.23714],[-111.19113,42.2381],[-111.18953,42.23885],[-111.18933,42.24301],[-111.18151,42.24276],[-111.1806,42.24731],[-111.18078,42.25024],[-111.17903,42.25192],[-111.17932,42.25702],[-111.17475,42.25659],[-111.17318,42.25965],[-111.17304,42.27049],[-111.17386,42.27134],[-111.17604,42.27196],[-111.17718,42.27848],[-111.17882,42.28035],[-111.17276,42.28106],[-111.17297,42.28441],[-111.17139,42.2896],[-111.17148,42.29409],[-111.1695,42.29577],[-111.16935,42.29703],[-111.17033,42.29804],[-111.17047,42.30073],[-111.17269,42.30393],[-111.17098,42.30653]],[[-111.35931,42.32041],[-111.35743,42.32128],[-111.35655,42.3206],[-111.35759,42.31172],[-111.35436,42.31083],[-111.3514,42.30855],[-111.35198,42.30739],[-111.3543,42.30646],[-111.3494,42.30029],[-111.35028,42.29935],[-111.35098,42.29672],[-111.35629,42.29487],[-111.35764,42.29261],[-111.35288,42.28694],[-111.35412,42.26214],[-111.35319,42.26074],[-111.35418,42.25996],[-111.35438,42.25812],[-111.35529,42.25708],[-111.34375,42.25682],[-111.33077,42.25216],[-111.31744,42.25191],[-111.31534,42.25093],[-111.30911,42.25229],[-111.3073,42.25142],[-111.30416,42.24847],[-111.30021,42.24641],[-111.297,42.24571],[-111.29525,42.24441],[-111.28577,42.24612],[-111.28282,42.24538],[-111.28124,42.24402],[-111.27848,42.24397],[-111.27796,42.24043],[-111.27188,42.23861],[-111.26609,42.23338],[-111.26315,42.23307],[-111.26197,42.23186],[-111.25988,42.23251],[-111.25794,42.2307],[-111.25463,42.22974],[-111.25332,42.22779],[-111.25139,42.22776],[-111.24793,42.22629],[-111.24322,42.22019],[-111.24336,42.21969],[-111.24095,42.2188],[-111.2378,42.21515],[-111.23544,42.21417],[-111.23505,42.21275],[-111.2299,42.20735]],[[-111.17098,42.30653],[-111.17557,42.31161],[-111.18046,42.31184],[-111.18238,42.3107],[-111.18437,42.312],[-111.18922,42.31311],[-111.18983,42.31495],[-111.19317,42.31604],[-111.19422,42.319],[-111.19982,42.31628],[-111.2051,42.31558],[-111.20835,42.32094],[-111.21073,42.32385],[-111.21158,42.32408],[-111.21405,42.32277],[-111.21718,42.32256],[-111.22007,42.32138],[-111.22385,42.31792],[-111.2254,42.31752],[-111.22778,42.31806],[-111.23108,42.31345],[-111.23432,42.31212],[-111.23542,42.31014],[-111.24201,42.30911],[-111.24638,42.30716],[-111.2485,42.30785],[-111.25062,42.30714],[-111.25313,42.30786],[-111.25614,42.30736],[-111.25966,42.3099],[-111.261,42.31013],[-111.26269,42.30949],[-111.26589,42.3102],[-111.2688,42.31249],[-111.26822,42.31346],[-111.26898,42.31477],[-111.27249,42.31653],[-111.27432,42.31679],[-111.27754,42.31959],[-111.28139,42.31993],[-111.28164,42.31918],[-111.28324,42.31894],[-111.29003,42.32008],[-111.29076,42.31953],[-111.29109,42.31775],[-111.29279,42.31647],[-111.29967,42.31595],[-111.30702,42.31324],[-111.31084,42.31025],[-111.31262,42.30741],[-111.31802,42.30632],[-111.32024,42.3035],[-111.32185,42.2993],[-111.32351,42.29812],[-111.32738,42.29732],[-111.33155,42.29775],[-111.3332,42.29907],[-111.33337,42.30047],[-111.33529,42.30235],[-111.33486,42.30335],[-111.33537,42.30414],[-111.33241,42.30487],[-111.33025,42.30444],[-111.32759,42.30581],[-111.32636,42.30838],[-111.32394,42.30943],[-111.32398,42.31103],[-111.32206,42.31217],[-111.31947,42.31308],[-111.31525,42.31345],[-111.30483,42.31869],[-111.29113,42.32275]],[[-111.53463,42.24379],[-111.53102,42.24896],[-111.53093,42.25223],[-111.52966,42.2531],[-111.52855,42.2566],[-111.52738,42.25786],[-111.52274,42.25933]],[[-111.35931,42.32041],[-111.35932,42.32315],[-111.36102,42.32554],[-111.3611,42.32704],[-111.35809,42.32947],[-111.35562,42.33587],[-111.35232,42.33804],[-111.35179,42.33871],[-111.35223,42.34018],[-111.35053,42.34166],[-111.35103,42.34348],[-111.35428,42.34453],[-111.35556,42.34648],[-111.35514,42.34759],[-111.35291,42.34837],[-111.35244,42.34925]],[[-111.44346,42.30596],[-111.44497,42.30949],[-111.45194,42.3141],[-111.45558,42.31524],[-111.45698,42.31713],[-111.45944,42.31849],[-111.46079,42.32052],[-111.45959,42.3216],[-111.45924,42.3243],[-111.45825,42.32504],[-111.45767,42.32719],[-111.46161,42.33041],[-111.46523,42.3345],[-111.46841,42.33959],[-111.47327,42.34145],[-111.47472,42.34304],[-111.47974,42.34103],[-111.49221,42.34032],[-111.4992,42.34096],[-111.50229,42.34063],[-111.5051,42.33949],[-111.50814,42.34027],[-111.51123,42.33975],[-111.51316,42.33819],[-111.51484,42.33786],[-111.51674,42.33864],[-111.51858,42.34085],[-111.52492,42.33905],[-111.53206,42.3393],[-111.53768,42.33564],[-111.53893,42.3342],[-111.54062,42.3337],[-111.54416,42.33426],[-111.54659,42.33392],[-111.55677,42.3293],[-111.56151,42.33019],[-111.56455,42.33272],[-111.56724,42.33256]],[[-111.52274,42.25933],[-111.51359,42.25811],[-111.50799,42.25563],[-111.50575,42.2567],[-111.50051,42.25729],[-111.49734,42.25886],[-111.49644,42.25998],[-111.49433,42.2602],[-111.49373,42.26091],[-111.49049,42.25554],[-111.49014,42.25218],[-111.48885,42.25119],[-111.4863,42.25096],[-111.48433,42.25209],[-111.48182,42.25217],[-111.48081,42.25278],[-111.47824,42.2525],[-111.47726,42.25321],[-111.47063,42.25183],[-111.46651,42.25267],[-111.4643,42.25147],[-111.46057,42.25217],[-111.45926,42.24841],[-111.45804,42.2476],[-111.45486,42.24766],[-111.44823,42.25109],[-111.44075,42.25186],[-111.43945,42.25307],[-111.43896,42.25459],[-111.43727,42.25552],[-111.43269,42.25613],[-111.42982,42.25726],[-111.42848,42.25853],[-111.42707,42.26172],[-111.42517,42.26152],[-111.42158,42.26411],[-111.41779,42.26513],[-111.41515,42.2707],[-111.41366,42.27158],[-111.4129,42.27365],[-111.41073,42.27514],[-111.41055,42.27641],[-111.40822,42.2782],[-111.40566,42.27955],[-111.39957,42.2802],[-111.39853,42.28282],[-111.39049,42.28427],[-111.38675,42.28658],[-111.38657,42.28871],[-111.36216,42.30431],[-111.3594,42.3054],[-111.35925,42.30767],[-111.36024,42.30883],[-111.35934,42.31348],[-111.36262,42.31411],[-111.36298,42.31466],[-111.36198,42.31626],[-111.36017,42.31722],[-111.35931,42.32041]],[[-111.0646,42.08144],[-111.06034,42.07937],[-111.05973,42.07553],[-111.06035,42.07148],[-111.0641,42.06543],[-111.06445,42.05981],[-111.06629,42.05855],[-111.06896,42.0579],[-111.06754,42.051],[-111.0616,42.04957],[-111.05799,42.04726],[-111.05726,42.04601],[-111.05692,42.04375],[-111.05771,42.0417],[-111.05698,42.03989],[-111.05793,42.03727],[-111.05414,42.03511],[-111.05451,42.03128],[-111.05584,42.0284]],[[-111.41292,42.35602],[-111.41267,42.3543],[-111.41157,42.35346],[-111.41018,42.34987],[-111.41091,42.34787],[-111.41246,42.34666],[-111.41771,42.34512],[-111.42572,42.34471],[-111.42388,42.33798],[-111.42635,42.33094],[-111.43114,42.32842],[-111.4369,42.32824],[-111.43937,42.32745],[-111.43937,42.32092],[-111.43846,42.31879],[-111.44027,42.31405],[-111.44197,42.31205],[-111.44171,42.30666],[-111.44243,42.30592],[-111.44346,42.30596]],[[-111.35244,42.34925],[-111.35074,42.35024],[-111.34835,42.35047],[-111.34266,42.34958],[-111.33926,42.3479],[-111.33656,42.34778],[-111.33434,42.3446],[-111.3294,42.34392],[-111.33121,42.3422],[-111.33118,42.34101],[-111.32691,42.33646],[-111.32462,42.33534],[-111.32324,42.33546],[-111.32164,42.33291],[-111.31941,42.33153],[-111.30992,42.32851],[-111.30694,42.32855],[-111.30151,42.3253],[-111.29113,42.32275]],[[-110.99122,42.39984],[-110.98884,42.39627],[-110.98847,42.39442],[-110.99582,42.39245],[-110.99686,42.39067],[-110.99979,42.38876],[-110.9997,42.38812],[-110.99595,42.38027],[-110.99379,42.3788],[-110.99276,42.36947],[-110.98953,42.36514],[-110.98895,42.36162],[-110.9826,42.35129],[-110.98823,42.34922],[-110.99094,42.34893],[-110.99958,42.34517],[-111.00349,42.34427],[-111.00488,42.34318],[-111.0081,42.34268],[-111.00373,42.33053]],[[-111.42259,42.38767],[-111.42048,42.38558],[-111.421,42.38192],[-111.4185,42.38016],[-111.41897,42.37881],[-111.41825,42.37511],[-111.41699,42.37191],[-111.41542,42.37068],[-111.41294,42.36414],[-111.4146,42.36294],[-111.41292,42.35602]],[[-111.05584,42.0284],[-111.05604,42.02673],[-111.05071,42.01934],[-111.04805,42.01874],[-111.04626,42.02084],[-111.04249,42.02051],[-111.03934,42.02143],[-111.03759,42.02052],[-111.03567,42.02104],[-111.03689,42.01869],[-111.03663,42.01699],[-111.03444,42.01582],[-111.02921,42.01453],[-111.0293,42.01319],[-111.02269,42.01111],[-111.02059,42.0116],[-111.01652,42.01411],[-111.00923,42.01386],[-111.0084,42.01537],[-111.00136,42.01657],[-110.99794,42.01579],[-110.98742,42.01107],[-110.9806,42.01006],[-110.97241,42.00977],[-110.96347,42.01215],[-110.95741,42.01724],[-110.94927,42.01667],[-110.94066,42.01408],[-110.93849,42.01502],[-110.93596,42.01777],[-110.92899,42.01942],[-110.92677,42.02131],[-110.92257,42.02145],[-110.92131,42.02303],[-110.91924,42.02352],[-110.91338,42.02322]],[[-111.44346,42.30596],[-111.44646,42.30736],[-111.45019,42.30601],[-111.45649,42.30267],[-111.45888,42.29901],[-111.46455,42.29794],[-111.46812,42.29567],[-111.47095,42.29614],[-111.47745,42.29584],[-111.47978,42.29639],[-111.48639,42.29451],[-111.49333,42.29422],[-111.49831,42.29103],[-111.4961,42.29009],[-111.49508,42.28854],[-111.49434,42.28269],[-111.49794,42.27963],[-111.51125,42.27308],[-111.52287,42.26932],[-111.52319,42.26706],[-111.52446,42.26597],[-111.52475,42.26427],[-111.52308,42.26244],[-111.52274,42.25933]],[[-111.23454,42.42949],[-111.2381,42.43566],[-111.24353,42.43915],[-111.2465,42.43953]],[[-111.29113,42.32275],[-111.28339,42.32724],[-111.27481,42.33004],[-111.27302,42.33258],[-111.2661,42.33309],[-111.26532,42.33478],[-111.26324,42.3354],[-111.26085,42.33722],[-111.25897,42.33945],[-111.25772,42.34227],[-111.25247,42.34527],[-111.25286,42.34729],[-111.24845,42.34838],[-111.2476,42.34994],[-111.24753,42.352],[-111.24889,42.35386],[-111.25027,42.35428],[-111.24999,42.35508],[-111.25105,42.35909],[-111.24975,42.35992],[-111.24939,42.36096],[-111.25073,42.36363],[-111.2486,42.36461],[-111.24292,42.36336],[-111.24237,42.36452],[-111.23933,42.36564],[-111.23754,42.36866],[-111.23576,42.36912],[-111.2344,42.37093],[-111.22967,42.37031],[-111.22799,42.3687],[-111.22654,42.36863],[-111.22823,42.37198],[-111.22663,42.37346],[-111.22619,42.37602],[-111.22229,42.37848],[-111.22216,42.38142],[-111.22596,42.38203],[-111.22859,42.38144],[-111.23367,42.38386],[-111.23303,42.38573],[-111.23425,42.38789],[-111.23256,42.38891],[-111.23213,42.39168],[-111.23316,42.39682],[-111.23286,42.39898],[-111.23432,42.40396],[-111.23633,42.40489],[-111.23619,42.40583],[-111.23754,42.40804],[-111.23773,42.41065],[-111.24153,42.41398],[-111.23908,42.41917],[-111.23962,42.42123],[-111.24076,42.42202],[-111.24119,42.42532],[-111.24016,42.42633],[-111.23733,42.4266],[-111.2358,42.42879],[-111.23454,42.42949]],[[-111.05584,42.0284],[-111.05912,42.0291],[-111.06771,42.02747],[-111.0758,42.02741],[-111.07609,42.02584],[-111.07794,42.02318],[-111.07748,42.0203],[-111.08066,42.01579],[-111.08359,42.01367],[-111.0839,42.01081],[-111.08328,42.00752]],[[-111.06961,42.21322],[-111.06574,42.20746],[-111.06576,42.20305],[-111.06484,42.20188],[-111.05915,42.19913],[-111.05095,42.19883],[-111.04825,42.19797],[-111.04731,42.19509],[-111.04025,42.18834],[-111.03807,42.18525],[-111.03605,42.18389],[-111.03286,42.18292],[-111.03077,42.17919],[-111.02829,42.1788],[-111.02723,42.17671],[-111.02876,42.17312],[-111.03031,42.17186],[-111.03349,42.17132],[-111.03494,42.16897],[-111.03811,42.16591],[-111.0393,42.16348],[-111.04254,42.16224],[-111.04594,42.16193],[-111.05239,42.1582],[-111.05841,42.15674],[-111.06345,42.15254],[-111.06376,42.15077],[-111.05916,42.14907],[-111.05752,42.14663],[-111.05474,42.1452],[-111.05303,42.13563],[-111.05603,42.13502],[-111.05937,42.13056],[-111.06414,42.13051],[-111.06499,42.12954],[-111.06595,42.12205],[-111.06797,42.12101],[-111.06927,42.11899],[-111.06848,42.11306],[-111.06889,42.10713],[-111.06705,42.10189]],[[-111.08328,42.00752],[-111.08118,42.00161],[-111.08141,41.99853],[-111.07966,41.99637],[-111.07897,41.9927],[-111.08165,41.99211],[-111.08284,41.98952],[-111.08516,41.98824],[-111.08498,41.98653],[-111.08607,41.98462],[-111.08492,41.98336],[-111.08563,41.98064],[-111.08554,41.97548],[-111.08769,41.97442],[-111.08735,41.973],[-111.08915,41.97256],[-111.09374,41.96913],[-111.09536,41.97012],[-111.09834,41.97022],[-111.09857,41.96754],[-111.09982,41.96617],[-111.09991,41.96471],[-111.09834,41.96142],[-111.09405,41.95736],[-111.09068,41.95259]],[[-111.06705,42.10189],[-111.0663,42.0998],[-111.06615,42.09635],[-111.06532,42.0957],[-111.06185,42.0957],[-111.06094,42.09495],[-111.06066,42.09038],[-111.06002,42.08904],[-111.06108,42.08652],[-111.06422,42.08469],[-111.0646,42.08144]],[[-111.06705,42.10189],[-111.06408,42.10239],[-111.06255,42.10366],[-111.06237,42.10746],[-111.06015,42.11067],[-111.06011,42.1118],[-111.05886,42.11228],[-111.0581,42.11407],[-111.05495,42.11376],[-111.05272,42.11468],[-111.04986,42.11424],[-111.04894,42.11506],[-111.03519,42.11886],[-111.02866,42.11854],[-111.02211,42.11957],[-111.01199,42.11735],[-111.01072,42.11924],[-111.00618,42.122],[-111.00276,42.11903],[-111.00092,42.12076],[-110.99794,42.12112],[-110.99272,42.12027],[-110.98696,42.12443],[-110.98144,42.12629],[-110.97753,42.12887],[-110.97503,42.13138],[-110.97494,42.1329],[-110.97368,42.1341],[-110.96673,42.13551],[-110.96647,42.13889],[-110.96419,42.1415],[-110.96439,42.14638],[-110.96085,42.14502],[-110.95991,42.14536],[-110.95939,42.14799],[-110.95817,42.14864],[-110.95227,42.14958],[-110.94876,42.14937],[-110.94666,42.14822],[-110.94564,42.149],[-110.94084,42.14993]],[[-111.05461,42.34874],[-111.05645,42.34674],[-111.06511,42.35241],[-111.06727,42.35602],[-111.06483,42.36014],[-111.0653,42.36524],[-111.06489,42.36966],[-111.06737,42.37208],[-111.07415,42.37539],[-111.07678,42.37909],[-111.07934,42.38538],[-111.08413,42.38855],[-111.08703,42.39182],[-111.08959,42.39325],[-111.08998,42.39524],[-111.09756,42.39807],[-111.10186,42.399],[-111.11028,42.40007],[-111.11846,42.39936],[-111.12074,42.40033],[-111.12269,42.39952],[-111.12659,42.40053]],[[-111.12659,42.40053],[-111.12647,42.39996],[-111.13214,42.39772],[-111.13089,42.39611],[-111.1315,42.39486],[-111.12899,42.39259],[-111.13267,42.38817],[-111.1395,42.38729],[-111.14035,42.38494],[-111.14248,42.38352],[-111.14272,42.38234],[-111.14732,42.3798],[-111.14751,42.3785],[-111.14595,42.37238]],[[-111.12622,42.48204],[-111.12571,42.47357],[-111.12699,42.47174],[-111.12689,42.47097],[-111.12578,42.4698],[-111.12502,42.46742],[-111.12286,42.46549],[-111.12012,42.45765],[-111.11596,42.45442],[-111.1138,42.45037],[-111.1121,42.44863],[-111.10979,42.4419],[-111.1075,42.43813],[-111.10203,42.43352],[-111.10056,42.43303],[-111.09547,42.42743],[-111.09019,42.42436],[-111.09141,42.42371],[-111.09232,42.42219],[-111.09201,42.42072],[-111.087,42.41909],[-111.08642,42.4183],[-111.08676,42.41739],[-111.07961,42.41196],[-111.07822,42.41019],[-111.07805,42.40882],[-111.07267,42.40818],[-111.06495,42.39151],[-111.063,42.39006],[-111.0613,42.38642],[-111.06144,42.37756],[-111.06028,42.36473],[-111.05898,42.35808],[-111.05625,42.35427],[-111.05461,42.34874]],[[-110.9949,42.31055],[-110.99692,42.30845],[-110.99773,42.30642],[-110.99759,42.30319],[-110.99957,42.30364],[-111.00037,42.30307],[-111.00341,42.29892],[-111.00201,42.29279],[-111.00665,42.29231],[-111.0115,42.29005],[-111.01302,42.28769],[-111.01434,42.28218],[-111.01993,42.28045],[-111.02202,42.28042],[-111.02347,42.27874],[-111.02634,42.2779],[-111.02729,42.27682],[-111.0389,42.27574],[-111.06713,42.27523],[-111.07261,42.2738],[-111.07826,42.27346],[-111.09123,42.27456],[-111.09349,42.27625],[-111.09649,42.27646],[-111.09762,42.27722],[-111.09865,42.27482],[-111.10238,42.27368],[-111.10422,42.27362],[-111.10804,42.27536],[-111.10821,42.27407],[-111.10935,42.27265]],[[-111.88958,42.27962],[-111.89028,42.2772],[-111.88961,42.27387],[-111.88852,42.27212],[-111.88888,42.27116],[-111.89052,42.27076],[-111.89518,42.26621],[-111.89458,42.26124],[-111.89726,42.25967],[-111.89893,42.25944],[-111.90092,42.25756],[-111.90335,42.2579],[-111.90812,42.25565],[-111.90764,42.25025],[-111.91173,42.24737],[-111.91282,42.24477],[-111.9168,42.24075],[-111.91855,42.24035],[-111.92183,42.23755],[-111.9239,42.2342],[-111.92382,42.23306],[-111.92333,42.23114],[-111.92093,42.22999],[-111.92048,42.22904],[-111.9251,42.22231],[-111.92851,42.22112],[-111.93093,42.21796],[-111.93189,42.21403],[-111.9312,42.21217],[-111.93839,42.20702],[-111.94,42.2031],[-111.94272,42.19982],[-111.94422,42.19919],[-111.94737,42.19934],[-111.94939,42.19658],[-111.9502,42.19428],[-111.95129,42.19389],[-111.95274,42.19446],[-111.95474,42.19322]],[[-111.10202,42.49021],[-111.09998,42.48785],[-111.09783,42.48237],[-111.09329,42.47722],[-111.09142,42.47191],[-111.08326,42.46582],[-111.07778,42.45889],[-111.07897,42.45851],[-111.07913,42.45679],[-111.07658,42.45359],[-111.07152,42.45102],[-111.06791,42.45028],[-111.06312,42.45044],[-111.05689,42.44658],[-111.054,42.44647],[-111.0526,42.44463],[-111.04978,42.44262],[-111.04785,42.44206],[-111.04414,42.4396],[-111.04344,42.43819],[-111.0454,42.43628],[-111.04428,42.43485],[-111.0382,42.43332],[-111.03699,42.43202],[-111.03629,42.4299],[-111.03465,42.42947],[-111.0307,42.43003],[-111.02242,42.42379],[-111.02153,42.42189],[-111.01514,42.41988],[-111.01477,42.41795],[-111.01525,42.41554],[-111.01455,42.41387],[-111.01146,42.41227],[-111.01145,42.41128],[-111.00799,42.40725],[-111.00328,42.40675],[-110.99918,42.40169],[-110.99769,42.40262],[-110.99477,42.40744]],[[-111.1419,42.31292],[-111.14063,42.30911],[-111.13801,42.30788],[-111.13764,42.30645],[-111.13189,42.30593],[-111.12902,42.30491],[-111.12807,42.30344],[-111.12826,42.30038],[-111.12587,42.29979],[-111.12484,42.2973],[-111.1251,42.29121],[-111.1219,42.2893],[-111.1201,42.28913],[-111.11693,42.27695],[-111.11508,42.27325],[-111.10935,42.27265]],[[-111.50339,41.91378],[-111.50069,41.91251],[-111.49758,41.91279],[-111.49195,41.91095],[-111.48604,41.91057],[-111.478,41.91314]],[[-111.14595,42.37238],[-111.14471,42.37044],[-111.14417,42.36804],[-111.14303,42.36703],[-111.14168,42.3593],[-111.14067,42.35796],[-111.13794,42.35675],[-111.13691,42.35331],[-111.13627,42.33939],[-111.13849,42.33679],[-111.13728,42.33237],[-111.13969,42.33175],[-111.14346,42.32951],[-111.14319,42.32333],[-111.14202,42.32191],[-111.14213,42.31706],[-111.14132,42.31494],[-111.1419,42.31292]],[[-111.00373,42.33053],[-111.01089,42.32853],[-111.01375,42.33014],[-111.01749,42.33414],[-111.02271,42.334],[-111.02697,42.33567],[-111.03511,42.34102],[-111.04192,42.34418],[-111.05347,42.34622],[-111.05461,42.34874]],[[-111.10671,42.22214],[-111.09779,42.22082],[-111.0965,42.21845],[-111.09255,42.2179],[-111.07523,42.21254],[-111.06961,42.21322]],[[-111.10935,42.27265],[-111.1043,42.25319],[-111.10454,42.2455],[-111.10598,42.24127],[-111.10679,42.23638],[-111.1064,42.23393],[-111.10782,42.22792],[-111.1077,42.22492],[-111.10671,42.22214]],[[-111.06961,42.21322],[-111.0469,42.21646],[-111.03572,42.21582],[-111.02332,42.21795],[-111.02044,42.22084],[-111.02014,42.22268],[-111.01906,42.22383],[-111.01245,42.22673],[-111.0091,42.22907],[-111.00048,42.23067],[-110.99937,42.23142],[-110.99594,42.23163]],[[-111.59391,42.09343],[-111.59295,42.09142],[-111.59157,42.08452],[-111.58931,42.08294],[-111.58991,42.08051],[-111.59155,42.07913],[-111.59067,42.07457],[-111.59191,42.07252],[-111.58986,42.0609],[-111.58763,42.05832],[-111.58797,42.05554],[-111.58675,42.05237]],[[-111.79207,42.49471],[-111.80081,42.4939],[-111.8039,42.49246],[-111.80897,42.49309],[-111.81218,42.4927],[-111.81517,42.48923],[-111.81873,42.48781],[-111.8283,42.48843],[-111.83151,42.48724],[-111.83271,42.48575],[-111.83321,42.48368],[-111.83502,42.48434],[-111.83776,42.48686],[-111.84074,42.48478],[-111.8412,42.4815],[-111.84281,42.48027],[-111.84468,42.48049],[-111.8458,42.48174],[-111.84829,42.48284],[-111.85056,42.48249],[-111.85388,42.48375],[-111.85999,42.48428],[-111.86552,42.48396],[-111.87222,42.48592],[-111.87367,42.48527],[-111.87501,42.48571],[-111.87869,42.48216],[-111.88147,42.48226],[-111.8864,42.48034],[-111.89037,42.47971]],[[-111.60019,42.40388],[-111.60069,42.40637],[-111.60366,42.40818],[-111.6039,42.41154],[-111.59943,42.41282],[-111.59911,42.41631],[-111.59792,42.41972],[-111.59495,42.42276],[-111.59546,42.42446],[-111.58638,42.42529],[-111.58358,42.42715],[-111.58246,42.42871],[-111.57997,42.42928]],[[-111.81084,42.50102],[-111.81223,42.50146],[-111.81868,42.5011],[-111.82212,42.49986],[-111.82556,42.50022],[-111.83072,42.49855],[-111.833,42.49903],[-111.83684,42.50345],[-111.84021,42.5057],[-111.84246,42.50892],[-111.84635,42.50879],[-111.84867,42.51066],[-111.85071,42.51511],[-111.85108,42.51739],[-111.85338,42.51732],[-111.85522,42.51949],[-111.85726,42.51927],[-111.85943,42.51996],[-111.86278,42.52284],[-111.86249,42.52395],[-111.86042,42.52495],[-111.85933,42.52653],[-111.85795,42.5271],[-111.85476,42.52705],[-111.85323,42.52869],[-111.84933,42.52963],[-111.85476,42.53563],[-111.85625,42.53558],[-111.85952,42.53927],[-111.86315,42.54005],[-111.86514,42.53908],[-111.86806,42.53928],[-111.86998,42.54652],[-111.87928,42.54605],[-111.8824,42.54694],[-111.88624,42.54645],[-111.8906,42.54866],[-111.89458,42.54929],[-111.89522,42.54996]],[[-111.79207,42.49471],[-111.79477,42.49651],[-111.80752,42.49796],[-111.81044,42.49942],[-111.81084,42.50102]],[[-111.58675,42.05237],[-111.58869,42.05054],[-111.58892,42.04588],[-111.58981,42.04329],[-111.58876,42.04005],[-111.58908,42.03825],[-111.59722,42.03706],[-111.60089,42.0357],[-111.61204,42.0333],[-111.61677,42.0339],[-111.63164,42.03291],[-111.63631,42.03519],[-111.63835,42.03362],[-111.64166,42.03263],[-111.64635,42.03423]],[[-111.89037,42.47971],[-111.88962,42.47262],[-111.88687,42.47165],[-111.8845,42.47223],[-111.88255,42.4706],[-111.8818,42.46908],[-111.88173,42.46734],[-111.8833,42.46507],[-111.88235,42.46298],[-111.88386,42.45937],[-111.88702,42.45809],[-111.8879,42.45635],[-111.88527,42.45006],[-111.8864,42.44539],[-111.88424,42.44461],[-111.87905,42.44541],[-111.87531,42.44245],[-111.87301,42.44176],[-111.86631,42.44307],[-111.86543,42.43782],[-111.8642,42.43714],[-111.86422,42.43548],[-111.8619,42.42955],[-111.85429,42.42891],[-111.85453,42.42507],[-111.85357,42.42106],[-111.85238,42.41927],[-111.85459,42.41459],[-111.85668,42.41313],[-111.85547,42.41195],[-111.85483,42.40934],[-111.85133,42.40514],[-111.85331,42.40282],[-111.85322,42.40085]],[[-111.67555,42.54874],[-111.67852,42.55448],[-111.68032,42.55563],[-111.68235,42.55578],[-111.68393,42.55537],[-111.6841,42.55343],[-111.68653,42.55217],[-111.68688,42.55109],[-111.68843,42.55092],[-111.69036,42.55163],[-111.70261,42.54869],[-111.70495,42.54743],[-111.70788,42.54366],[-111.71988,42.54118],[-111.72117,42.53902],[-111.72285,42.53837],[-111.72604,42.53307],[-111.73003,42.53441],[-111.7323,42.53386],[-111.73067,42.53111],[-111.73077,42.52827],[-111.73016,42.52716],[-111.73238,42.52541],[-111.73385,42.52252],[-111.73771,42.52422],[-111.74141,42.52161],[-111.7464,42.51489],[-111.74679,42.51321],[-111.74619,42.51105],[-111.74741,42.50847],[-111.75242,42.507],[-111.75519,42.50425],[-111.7559,42.5027],[-111.76019,42.50029],[-111.76679,42.49946],[-111.77189,42.50041],[-111.7746,42.49958],[-111.78164,42.49908],[-111.78695,42.49632],[-111.78844,42.49616],[-111.7901,42.49469],[-111.79207,42.49471]],[[-111.50957,42.01993],[-111.50841,42.0223],[-111.51041,42.02449],[-111.50951,42.02829],[-111.51162,42.03382],[-111.50797,42.03563],[-111.50778,42.03864],[-111.50819,42.04046],[-111.51088,42.04242],[-111.51373,42.04685],[-111.51414,42.04872],[-111.51219,42.05003],[-111.51195,42.05425],[-111.51115,42.05551],[-111.51164,42.0566],[-111.51099,42.05739],[-111.51175,42.05904],[-111.51341,42.05933],[-111.51687,42.06184],[-111.51701,42.06298],[-111.51555,42.06441],[-111.51569,42.06549],[-111.51503,42.06567],[-111.51556,42.06682],[-111.51509,42.06815],[-111.51588,42.0688]],[[-111.51588,42.0688],[-111.52107,42.07231],[-111.52185,42.07442],[-111.52611,42.07448],[-111.53118,42.07681],[-111.53592,42.07713],[-111.53836,42.07661],[-111.53994,42.07507],[-111.54166,42.07605],[-111.54912,42.07752],[-111.55125,42.07877],[-111.55255,42.08154],[-111.55754,42.0845],[-111.56595,42.08308],[-111.57267,42.0851],[-111.57599,42.08771],[-111.57751,42.09079],[-111.57997,42.09308],[-111.58071,42.09464],[-111.58659,42.09253],[-111.58976,42.09335],[-111.59391,42.09343]],[[-111.57997,42.42928],[-111.58037,42.43159],[-111.58252,42.43266],[-111.58412,42.43481],[-111.58207,42.44039],[-111.58218,42.44098],[-111.5836,42.44142],[-111.58422,42.44396],[-111.5828,42.44637],[-111.58734,42.45254],[-111.58929,42.45602],[-111.58975,42.45858],[-111.59395,42.46354],[-111.59556,42.46938],[-111.59753,42.4729],[-111.59742,42.47539],[-111.59889,42.47753],[-111.59783,42.47979],[-111.59805,42.48188],[-111.6022,42.48382],[-111.60473,42.48554],[-111.60532,42.48665],[-111.60523,42.48794],[-111.60312,42.48965],[-111.60307,42.49066],[-111.6067,42.49364],[-111.60659,42.50067],[-111.60761,42.50322],[-111.60946,42.50535],[-111.60874,42.50665],[-111.61112,42.51077],[-111.61526,42.51334],[-111.61891,42.51711],[-111.62174,42.51827],[-111.62238,42.52094],[-111.62455,42.52283],[-111.6244,42.52567],[-111.62595,42.53048],[-111.62543,42.53226],[-111.62612,42.53549],[-111.62963,42.53994],[-111.62976,42.54201]],[[-111.62976,42.54201],[-111.63032,42.5442],[-111.63199,42.5466]],[[-111.63199,42.5466],[-111.63552,42.54593],[-111.63947,42.54611],[-111.64309,42.54484],[-111.64887,42.54662],[-111.65153,42.54541],[-111.65523,42.54537],[-111.66013,42.54633],[-111.66356,42.54531],[-111.66866,42.54489],[-111.67185,42.54567],[-111.67303,42.54722],[-111.67555,42.54874]],[[-111.56724,42.33256],[-111.56958,42.33494],[-111.57245,42.33651],[-111.57269,42.33725],[-111.57031,42.3381],[-111.5699,42.3394],[-111.56687,42.34041],[-111.56472,42.34346],[-111.5603,42.34692],[-111.55977,42.34823],[-111.55606,42.34968],[-111.55528,42.35095],[-111.55211,42.35182],[-111.558,42.35629],[-111.55819,42.35842],[-111.55914,42.35983],[-111.55873,42.36292],[-111.55924,42.36401],[-111.56211,42.36523],[-111.56563,42.36777],[-111.57062,42.36807],[-111.57222,42.36683],[-111.5747,42.36758],[-111.57838,42.37222],[-111.57858,42.37506],[-111.58207,42.37583]],[[-111.67555,42.54874],[-111.67747,42.54378],[-111.68043,42.54146],[-111.68049,42.54067],[-111.67889,42.53965],[-111.67795,42.5374],[-111.68097,42.53661],[-111.68304,42.53679],[-111.68773,42.53457],[-111.68993,42.53512],[-111.69199,42.53667],[-111.69805,42.53737],[-111.69967,42.53647],[-111.7006,42.53437],[-111.70356,42.5334],[-111.70584,42.53133],[-111.70688,42.52732],[-111.70564,42.52506],[-111.70637,42.52395],[-111.70532,42.52223],[-111.70386,42.52193],[-111.703,42.52048],[-111.70149,42.52031],[-111.70085,42.51935],[-111.70126,42.51857],[-111.70468,42.51715],[-111.70485,42.51604],[-111.69947,42.5125],[-111.70023,42.51109],[-111.70194,42.50985],[-111.70204,42.5081],[-111.69541,42.50512],[-111.69536,42.50382],[-111.69393,42.50292],[-111.69198,42.49936],[-111.69217,42.49547],[-111.69115,42.49306],[-111.69318,42.4919],[-111.69466,42.48717],[-111.69611,42.48624],[-111.69722,42.4844],[-111.69833,42.47972],[-111.6974,42.4774],[-111.70011,42.4756],[-111.70057,42.47202],[-111.70154,42.46998],[-111.70382,42.46786],[-111.70375,42.46564],[-111.7081,42.46228],[-111.70854,42.45798],[-111.70935,42.45624],[-111.71266,42.45442],[-111.71586,42.45569],[-111.71864,42.45457],[-111.71984,42.45332],[-111.71993,42.45119],[-111.72084,42.44926],[-111.72264,42.44824],[-111.72099,42.44748],[-111.72022,42.44429],[-111.71864,42.44372],[-111.71861,42.44168],[-111.71709,42.44086],[-111.71668,42.43849],[-111.71793,42.43663],[-111.71902,42.43092],[-111.71697,42.42592],[-111.71815,42.42467],[-111.72213,42.42461],[-111.7244,42.4231],[-111.72479,42.42204],[-111.72432,42.42015],[-111.72656,42.41882],[-111.72685,42.41679],[-111.72872,42.41458],[-111.72806,42.41271],[-111.73014,42.41188],[-111.7315,42.40944],[-111.73076,42.40505],[-111.72921,42.40324]],[[-111.64635,42.03423],[-111.64966,42.03097],[-111.65039,42.02726],[-111.65245,42.02554],[-111.65354,42.02353],[-111.65704,42.02173],[-111.66076,42.01822],[-111.66085,42.01255],[-111.66212,42.01075],[-111.66376,42.00617],[-111.66366,42.00247]],[[-111.478,41.91314],[-111.47805,41.91488],[-111.47718,41.9163],[-111.47777,41.91885],[-111.47556,41.92274],[-111.47354,41.92339],[-111.47358,41.9254],[-111.4716,41.92847],[-111.47474,41.93424],[-111.47623,41.93479],[-111.47679,41.93578],[-111.47667,41.93695],[-111.47521,41.939],[-111.47563,41.94117],[-111.47488,41.94491],[-111.47346,41.94627],[-111.47327,41.94726],[-111.47363,41.94815],[-111.47519,41.94861],[-111.47752,41.9533],[-111.47753,41.95503],[-111.47625,41.95848],[-111.47922,41.96081],[-111.47955,41.96233],[-111.48416,41.9656],[-111.48417,41.96874],[-111.48357,41.9703],[-111.48457,41.97283],[-111.48458,41.97557],[-111.48874,41.9768],[-111.49128,41.97912],[-111.49419,41.97965],[-111.49544,41.98307],[-111.49965,41.98597],[-111.50263,41.98684],[-111.50375,41.98882],[-111.50862,41.99264],[-111.50736,41.99843],[-111.50834,42.00384],[-111.50779,42.00708],[-111.50941,42.0095],[-111.5096,42.0132],[-111.51113,42.01662],[-111.50937,42.0192],[-111.50957,42.01993]],[[-111.85322,42.40085],[-111.85313,42.3997],[-111.84759,42.39181],[-111.84053,42.39002],[-111.83732,42.38801],[-111.83622,42.38315],[-111.83677,42.37967],[-111.8363,42.37842],[-111.83113,42.37356],[-111.83039,42.37108],[-111.82803,42.36837],[-111.81859,42.36649],[-111.80946,42.36669],[-111.80395,42.36336],[-111.80299,42.36066],[-111.80138,42.35889],[-111.79936,42.35808],[-111.79299,42.35764],[-111.78821,42.35276],[-111.78503,42.35316],[-111.78252,42.35235],[-111.7759,42.34782],[-111.77483,42.34628],[-111.77074,42.34745],[-111.76288,42.34635],[-111.76142,42.34433],[-111.76209,42.34072],[-111.74875,42.33937],[-111.7429,42.34013],[-111.73922,42.33961],[-111.73434,42.34011],[-111.73045,42.33702],[-111.72479,42.33585],[-111.71961,42.33332],[-111.71837,42.33085]],[[-111.58207,42.37583],[-111.58224,42.37937],[-111.57978,42.38144],[-111.57969,42.38248],[-111.58297,42.38647],[-111.58443,42.39051],[-111.58435,42.3941],[-111.59931,42.39127],[-111.59984,42.39978],[-111.59878,42.40111],[-111.60019,42.40388]],[[-111.72921,42.40324],[-111.7324,42.40192],[-111.73631,42.40293],[-111.73732,42.40226],[-111.73716,42.40099],[-111.73811,42.40032],[-111.74073,42.40134],[-111.74546,42.40087],[-111.74776,42.40211],[-111.75173,42.40693],[-111.75799,42.40997],[-111.76085,42.40832],[-111.76147,42.40693],[-111.7629,42.40581],[-111.76747,42.40382],[-111.76934,42.40194],[-111.77291,42.4003],[-111.77488,42.39737],[-111.77768,42.3964],[-111.78247,42.39201],[-111.78548,42.39178],[-111.78662,42.39071],[-111.79159,42.38858],[-111.80204,42.38696],[-111.80687,42.38739],[-111.81392,42.38995],[-111.82025,42.39111],[-111.8279,42.39117],[-111.83282,42.39053],[-111.83603,42.39208],[-111.83809,42.39497],[-111.84119,42.39371],[-111.84321,42.39591],[-111.84375,42.39805],[-111.84636,42.40058],[-111.85322,42.40085]],[[-111.95474,42.19322],[-111.9535,42.19181],[-111.95133,42.19126],[-111.95094,42.18737],[-111.94857,42.18503],[-111.95158,42.18159],[-111.9562,42.17923],[-111.95624,42.17788],[-111.95332,42.17393],[-111.95053,42.16627],[-111.94648,42.16144],[-111.94508,42.15691],[-111.93939,42.14515],[-111.93825,42.14059]],[[-111.58548,42.30799],[-111.58307,42.30827],[-111.58205,42.31019],[-111.58545,42.31581],[-111.58943,42.32032],[-111.58915,42.32181],[-111.59005,42.32234],[-111.58858,42.32549],[-111.58083,42.32695],[-111.5802,42.32798],[-111.57808,42.32825],[-111.57482,42.3305],[-111.5728,42.33278],[-111.56907,42.33209],[-111.56724,42.33256]],[[-111.93825,42.36089],[-111.94205,42.36257],[-111.9437,42.36408],[-111.94745,42.36372],[-111.95429,42.36777],[-111.95345,42.36889],[-111.95346,42.37163],[-111.95241,42.3734],[-111.9517,42.37709],[-111.95623,42.38019],[-111.95652,42.38337],[-111.95471,42.38559],[-111.95535,42.38685],[-111.95717,42.38776],[-111.95868,42.38974],[-111.95542,42.39474],[-111.95504,42.39703],[-111.95878,42.397],[-111.96398,42.39889],[-111.9664,42.39943],[-111.96834,42.39914],[-111.97081,42.40011]],[[-111.60019,42.40388],[-111.60877,42.39805],[-111.61614,42.3949],[-111.62009,42.39559],[-111.62413,42.39484],[-111.62908,42.39612],[-111.63116,42.39558],[-111.63507,42.39894],[-111.64901,42.40104],[-111.64989,42.40066],[-111.65036,42.39898],[-111.65133,42.39853],[-111.65242,42.39914],[-111.65268,42.40077],[-111.65424,42.40308],[-111.65921,42.40269],[-111.66065,42.40574],[-111.67117,42.40684],[-111.67638,42.40953],[-111.67889,42.4097],[-111.68379,42.41249],[-111.69028,42.41377],[-111.69281,42.41642],[-111.69494,42.41777],[-111.69664,42.41805],[-111.70105,42.41763],[-111.70792,42.41585],[-111.7091,42.41416],[-111.70983,42.41149],[-111.71499,42.41045],[-111.72,42.4046],[-111.72162,42.40353],[-111.72921,42.40324]],[[-111.67447,42.32621],[-111.67491,42.32758],[-111.67456,42.32957],[-111.67363,42.33048],[-111.67365,42.33157],[-111.67189,42.33261],[-111.67312,42.33433],[-111.67102,42.33521],[-111.67196,42.33618],[-111.67216,42.33807],[-111.67156,42.3401],[-111.6707,42.34081],[-111.67311,42.34392],[-111.67188,42.34647],[-111.67511,42.3492],[-111.67709,42.35186],[-111.68082,42.35205],[-111.68241,42.35512],[-111.69063,42.35336],[-111.69504,42.35345],[-111.70011,42.35611],[-111.7064,42.35483],[-111.70968,42.35662],[-111.71836,42.35629],[-111.7236,42.35661],[-111.72359,42.35721],[-111.72101,42.35852],[-111.71612,42.3584],[-111.71393,42.36081],[-111.7116,42.36135],[-111.71074,42.3641],[-111.70832,42.36716],[-111.70644,42.3643],[-111.70336,42.36347],[-111.70087,42.36372],[-111.69568,42.36832],[-111.69323,42.3687],[-111.68962,42.36722],[-111.68383,42.36345],[-111.67632,42.36462],[-111.67431,42.36365],[-111.66513,42.36325],[-111.65959,42.36384],[-111.65706,42.363],[-111.65433,42.36374],[-111.65155,42.36314],[-111.64273,42.36475],[-111.6382,42.36469],[-111.63722,42.36758],[-111.63506,42.37018],[-111.63478,42.37149],[-111.62967,42.37487],[-111.61947,42.37491],[-111.61566,42.37424],[-111.61282,42.3752],[-111.60665,42.37156],[-111.6023,42.37312],[-111.59397,42.37336],[-111.59197,42.375],[-111.58207,42.37583]],[[-111.56184,41.92302],[-111.5638,41.93092],[-111.56198,41.93636],[-111.56281,41.94047],[-111.56195,41.94252],[-111.56194,41.94597],[-111.56062,41.94795],[-111.5593,41.95392],[-111.56027,41.95914],[-111.55942,41.9622],[-111.55783,41.96424],[-111.56008,41.9676],[-111.56034,41.97021],[-111.56139,41.97224],[-111.56503,41.97646],[-111.56641,41.97704],[-111.56893,41.98176],[-111.56671,41.98306],[-111.56664,41.98538],[-111.56311,41.98911],[-111.56313,41.99445],[-111.56063,41.99872],[-111.55862,41.99987],[-111.55995,42.00062],[-111.56095,42.00242],[-111.56071,42.00762],[-111.565,42.00906],[-111.56792,42.00928],[-111.56976,42.01168],[-111.57172,42.01229],[-111.57234,42.01415],[-111.57495,42.0151],[-111.57605,42.01749],[-111.57758,42.01866],[-111.57672,42.01988],[-111.57465,42.02784],[-111.57527,42.02852],[-111.57653,42.0391],[-111.57855,42.04014],[-111.57858,42.0414],[-111.57991,42.04325],[-111.58237,42.05069],[-111.58675,42.05237]],[[-112.1515,42.0477],[-112.15255,42.04937],[-112.15171,42.05399],[-112.15304,42.05576],[-112.1523,42.05893],[-112.15403,42.05998],[-112.156,42.06022],[-112.15772,42.06259],[-112.1581,42.06473],[-112.16007,42.06638],[-112.16193,42.07096],[-112.163,42.07173],[-112.16255,42.07287],[-112.16048,42.07446],[-112.16067,42.07567],[-112.16225,42.07775],[-112.15994,42.07832],[-112.1566,42.07779],[-112.15607,42.07974],[-112.15351,42.08001],[-112.15327,42.08333],[-112.15669,42.08659],[-112.15857,42.08694],[-112.15992,42.08837],[-112.16018,42.08985],[-112.15898,42.09049],[-112.15882,42.09167],[-112.16277,42.09246],[-112.1657,42.09536]],[[-112.1657,42.09536],[-112.16838,42.09488],[-112.17108,42.09574],[-112.17253,42.09504],[-112.17616,42.09132],[-112.18295,42.0902],[-112.18513,42.08917],[-112.19216,42.09057],[-112.19424,42.08963],[-112.19622,42.09062],[-112.21191,42.09207],[-112.22388,42.09391],[-112.25333,42.0922]],[[-111.62456,42.18934],[-111.62565,42.19078],[-111.62614,42.19294],[-111.62559,42.19558],[-111.62609,42.19824],[-111.62497,42.20074],[-111.62575,42.20296],[-111.62556,42.20562],[-111.62623,42.2086],[-111.62445,42.21173]],[[-111.86129,42.32881],[-111.85942,42.32995],[-111.85949,42.33115],[-111.86397,42.33487],[-111.86459,42.33631],[-111.86435,42.33961],[-111.8701,42.34222],[-111.8743,42.34504],[-111.87657,42.34586],[-111.88122,42.34518],[-111.88695,42.34566],[-111.89022,42.34774],[-111.89317,42.34752],[-111.90137,42.34946],[-111.90276,42.34916],[-111.90417,42.35065],[-111.90898,42.35053],[-111.91024,42.35172],[-111.91415,42.35324],[-111.91483,42.35444],[-111.91915,42.356],[-111.92301,42.35859],[-111.93028,42.36028],[-111.93418,42.35969],[-111.93583,42.36083],[-111.93825,42.36089]],[[-111.93825,42.36089],[-111.93874,42.35913],[-111.94152,42.35763],[-111.94363,42.35229],[-111.94534,42.35136],[-111.9454,42.34978],[-111.94702,42.34941],[-111.95085,42.34691],[-111.95205,42.34153],[-111.95417,42.33985],[-111.95436,42.33865],[-111.95709,42.33655],[-111.96003,42.33534],[-111.9594,42.33431],[-111.96041,42.33239],[-111.96341,42.33092],[-111.96411,42.32786],[-111.96602,42.32761],[-111.96682,42.32688],[-111.96716,42.32619],[-111.96656,42.32456],[-111.96758,42.3216],[-111.97136,42.31886],[-111.97296,42.31598],[-111.97503,42.31569],[-111.97684,42.31294],[-111.97833,42.31293],[-111.98053,42.31133],[-111.98025,42.3091],[-111.97815,42.30637],[-111.97469,42.30489],[-111.97225,42.30074],[-111.97197,42.29835],[-111.97309,42.29533],[-111.97514,42.29484],[-111.97722,42.29236],[-111.98063,42.28985],[-111.98111,42.28827],[-111.98004,42.2858],[-111.98037,42.28143],[-111.98359,42.27815]],[[-111.98359,42.27815],[-111.98849,42.27605],[-111.99376,42.27594],[-111.99758,42.27407],[-111.99971,42.27382],[-112.00057,42.27441],[-112.00053,42.27732],[-111.99859,42.27859],[-111.99986,42.28131],[-112.00356,42.28201],[-112.00653,42.28119],[-112.00911,42.28123],[-112.00993,42.28313],[-112.01166,42.2842],[-112.01275,42.2837],[-112.0151,42.28394],[-112.01908,42.28197],[-112.02366,42.28143],[-112.02724,42.27927],[-112.02947,42.27697],[-112.03309,42.27732],[-112.03606,42.27934],[-112.03949,42.28031],[-112.04298,42.27965],[-112.04837,42.27643],[-112.06054,42.27085],[-112.06721,42.27008],[-112.07177,42.2715],[-112.076,42.27189],[-112.07813,42.27143],[-112.08216,42.27397],[-112.08551,42.27356],[-112.08941,42.27492],[-112.09298,42.27463],[-112.09545,42.27363]],[[-111.90245,42.29518],[-111.90455,42.29545],[-111.90595,42.29734],[-111.90714,42.29781],[-111.90919,42.29593],[-111.9096,42.29433],[-111.91422,42.2921],[-111.91706,42.29266],[-111.91947,42.29176],[-111.9203,42.28981],[-111.9227,42.28885],[-111.92508,42.28903],[-111.92738,42.29007],[-111.92913,42.28956],[-111.93244,42.29124],[-111.93489,42.28886],[-111.93807,42.29069],[-111.94133,42.29029],[-111.94226,42.28729],[-111.94443,42.28628],[-111.94565,42.28448],[-111.94686,42.28421],[-111.95036,42.28608],[-111.95434,42.2842],[-111.95763,42.282],[-111.95762,42.27972],[-111.95836,42.2788],[-111.96388,42.27497],[-111.96715,42.27426],[-111.96861,42.27259],[-111.97243,42.27253],[-111.97713,42.27632],[-111.98359,42.27815]],[[-111.95474,42.19322],[-111.9572,42.19489],[-111.95799,42.19652],[-111.96012,42.19724],[-111.95974,42.19934],[-111.96038,42.20062],[-111.9649,42.20461],[-111.96975,42.20525],[-111.97451,42.20669],[-111.97705,42.20475],[-111.98258,42.2031],[-111.98421,42.20199],[-111.98432,42.20129],[-111.98663,42.20061],[-111.99286,42.2002],[-111.99993,42.19857],[-112.00954,42.19844],[-112.01356,42.19467],[-112.01966,42.19102],[-112.02241,42.18949],[-112.02585,42.18883],[-112.03269,42.19215],[-112.04017,42.19101],[-112.04811,42.19222],[-112.05264,42.19165],[-112.05789,42.19361],[-112.06198,42.19248],[-112.0693,42.18864]],[[-112.25333,42.0922],[-112.25489,42.0902],[-112.26694,42.08528],[-112.27111,42.08155],[-112.27279,42.08078],[-112.27386,42.07843],[-112.27366,42.07619],[-112.27989,42.07529],[-112.27933,42.07346],[-112.28021,42.07145],[-112.28004,42.06924],[-112.27871,42.06771],[-112.2761,42.06698],[-112.27641,42.06175],[-112.28165,42.05698],[-112.286,42.05522],[-112.2879,42.055],[-112.29494,42.0621],[-112.29682,42.0615],[-112.29855,42.05911],[-112.30152,42.0575],[-112.31253,42.05529],[-112.31379,42.05626],[-112.31948,42.05646],[-112.32628,42.05945],[-112.32914,42.05921],[-112.33369,42.0606],[-112.34032,42.06012],[-112.34385,42.05848],[-112.34887,42.05954],[-112.35788,42.05606],[-112.36177,42.05597],[-112.3646,42.05686]],[[-112.16604,41.996],[-112.16275,41.99801],[-112.15978,41.99808],[-112.15712,41.99988],[-112.15526,42.00215],[-112.15228,42.00342],[-112.15137,42.00485],[-112.15087,42.00794],[-112.14698,42.01075],[-112.14681,42.01346],[-112.14545,42.01525],[-112.14354,42.01596],[-112.14474,42.01991],[-112.14876,42.02169],[-112.14937,42.02518],[-112.15185,42.02977],[-112.15197,42.03501],[-112.15273,42.03701],[-112.1524,42.03901],[-112.15324,42.04227],[-112.1515,42.0477]],[[-112.3646,42.05686],[-112.36478,42.05363],[-112.36276,42.05207],[-112.36539,42.0497],[-112.36595,42.0483],[-112.36512,42.04516],[-112.36321,42.04268],[-112.36328,42.03993],[-112.35915,42.03615],[-112.35429,42.03436],[-112.35232,42.03073],[-112.34866,42.02861],[-112.34275,42.02989],[-112.3384,42.02982],[-112.3315,42.02198],[-112.32942,42.02185],[-112.32819,42.02078],[-112.32628,42.02045],[-112.32208,42.02044],[-112.31556,42.0221],[-112.31061,42.02229],[-112.30779,42.02113],[-112.30246,42.02287],[-112.29718,42.02226],[-112.29541,42.02338],[-112.29355,42.02294],[-112.29068,42.02341],[-112.28977,42.02551],[-112.2886,42.02615],[-112.28396,42.02594],[-112.28068,42.02453],[-112.27708,42.02152],[-112.27939,42.01981],[-112.27948,42.01885],[-112.27602,42.01543],[-112.27518,42.0122],[-112.2706,42.00965],[-112.26647,42.00861],[-112.2626,42.00884],[-112.25742,42.00671],[-112.2498,42.00516],[-112.24696,42.0037],[-112.23575,42.00096],[-112.2202,41.99601]],[[-111.58548,42.30799],[-111.58876,42.30846],[-111.59146,42.30965]],[[-111.59146,42.30965],[-111.58968,42.31085],[-111.58972,42.31409],[-111.59232,42.31681],[-111.597,42.31675],[-111.60209,42.31829],[-111.60859,42.31717],[-111.61215,42.31797],[-111.61568,42.31729],[-111.61959,42.31838],[-111.62231,42.32021],[-111.62798,42.32234],[-111.62882,42.32219],[-111.62909,42.3213],[-111.63152,42.31924],[-111.63385,42.31839],[-111.63473,42.3161],[-111.63644,42.31468],[-111.63906,42.31391],[-111.6402,42.31416],[-111.6408,42.31585],[-111.64741,42.31888],[-111.64817,42.32082],[-111.65381,42.32087],[-111.65741,42.32231],[-111.6614,42.32252],[-111.6657,42.32062],[-111.66872,42.32065]],[[-111.62445,42.21173],[-111.62166,42.21469],[-111.61879,42.21953],[-111.61556,42.22246],[-111.61557,42.2239],[-111.61371,42.22759],[-111.61431,42.22938],[-111.61419,42.23299],[-111.61321,42.23409],[-111.61285,42.237],[-111.61487,42.24051],[-111.61412,42.24223],[-111.61465,42.245],[-111.61416,42.24637],[-111.61212,42.24838],[-111.61018,42.24928],[-111.60965,42.2503],[-111.60639,42.24968],[-111.60379,42.25002],[-111.5998,42.24845],[-111.59705,42.24914],[-111.59757,42.2514],[-111.59641,42.25635],[-111.59207,42.26112],[-111.59218,42.26186],[-111.59128,42.26281],[-111.58837,42.26491],[-111.58408,42.26538],[-111.58034,42.26668],[-111.57839,42.26842],[-111.57268,42.2701]],[[-111.71233,42.2408],[-111.71615,42.24269],[-111.72396,42.23999],[-111.7248,42.24196],[-111.72764,42.24461],[-111.72963,42.2476],[-111.73601,42.25076]],[[-111.62445,42.21173],[-111.62765,42.21406],[-111.63631,42.21753],[-111.63963,42.22093],[-111.64293,42.22255],[-111.64348,42.22595],[-111.64539,42.2304],[-111.65662,42.23063],[-111.65796,42.22962],[-111.66632,42.23183],[-111.67591,42.22891],[-111.68125,42.22936],[-111.68669,42.23112],[-111.69026,42.23325],[-111.6973,42.23363],[-111.70081,42.23653],[-111.71233,42.2408]],[[-111.57268,42.2701],[-111.57218,42.27119],[-111.56556,42.27432],[-111.56353,42.27468],[-111.56221,42.27677],[-111.56508,42.27835],[-111.57834,42.28044],[-111.57996,42.28334],[-111.58023,42.28513],[-111.58401,42.28603],[-111.58642,42.28782],[-111.58752,42.29077],[-111.5874,42.29315],[-111.5833,42.29469],[-111.5863,42.30389],[-111.58657,42.30668],[-111.58548,42.30799]],[[-111.59146,42.30965],[-111.59291,42.30784],[-111.59384,42.30761],[-111.59661,42.30335],[-111.60553,42.30181],[-111.60527,42.29989],[-111.60713,42.29803],[-111.60649,42.29651],[-111.6086,42.29282],[-111.62103,42.28673],[-111.62409,42.28665],[-111.62563,42.28754],[-111.62765,42.28586],[-111.62986,42.2854],[-111.63252,42.28586],[-111.63816,42.28513],[-111.64212,42.28607],[-111.64532,42.28769],[-111.64752,42.28966],[-111.65111,42.29138],[-111.65301,42.29152],[-111.66068,42.28661],[-111.66365,42.28633],[-111.66525,42.2853],[-111.66707,42.28576],[-111.66821,42.28396],[-111.66963,42.28352],[-111.67024,42.28246],[-111.67332,42.28149],[-111.67546,42.28008],[-111.6766,42.27817],[-111.68143,42.27607],[-111.68532,42.27334],[-111.68758,42.26757],[-111.68754,42.26631],[-111.69206,42.26509],[-111.6953,42.2656],[-111.70074,42.26288],[-111.70165,42.26087],[-111.70472,42.26074],[-111.70514,42.25934],[-111.70644,42.25817],[-111.7065,42.2564],[-111.70746,42.25499],[-111.70617,42.25406],[-111.7068,42.24921],[-111.71233,42.2408]],[[-112.16604,41.996],[-112.1673,41.99602],[-112.16835,41.99828],[-112.17205,42.00042],[-112.17327,42.00214],[-112.17599,42.00321],[-112.17719,42.00503],[-112.17925,42.00658],[-112.18028,42.00901],[-112.18537,42.01088],[-112.18681,42.01066],[-112.18896,42.00882],[-112.19594,42.00689],[-112.20135,42.00645],[-112.20349,42.00496],[-112.20696,42.00093],[-112.21124,41.99934],[-112.21863,41.99837],[-112.21956,41.99786],[-112.2202,41.99601]],[[-112.12909,41.94922],[-112.12867,41.95053],[-112.1301,41.95129],[-112.13202,41.95373],[-112.13427,41.9591],[-112.1372,41.96242],[-112.13755,41.96377],[-112.13855,41.96428],[-112.14268,41.96381],[-112.14534,41.96788],[-112.148,41.96857],[-112.15087,41.9704],[-112.15072,41.97248],[-112.15226,41.97564],[-112.15192,41.9772],[-112.15373,41.9798],[-112.15377,41.98485],[-112.15436,41.98606],[-112.15787,41.99142],[-112.15975,41.99275],[-112.16379,41.99361],[-112.16604,41.996]],[[-111.90245,42.29518],[-111.90161,42.29239],[-111.89712,42.28922],[-111.8938,42.2859],[-111.89239,42.28267],[-111.88958,42.27962]],[[-112.2202,41.99601],[-112.22273,41.99521],[-112.23356,41.99465],[-112.24698,41.99594],[-112.25723,41.99785],[-112.2645,41.997],[-112.26831,41.99547],[-112.26824,41.99187],[-112.26948,41.98991],[-112.27153,41.98923],[-112.27403,41.98725],[-112.27809,41.98703],[-112.28148,41.98819],[-112.28377,41.98772],[-112.28591,41.98561],[-112.29047,41.98359],[-112.29057,41.98266],[-112.29192,41.98163],[-112.2914,41.97969],[-112.29314,41.97896],[-112.29483,41.9771],[-112.29898,41.97841],[-112.30188,41.97697],[-112.30507,41.97639],[-112.31195,41.97671],[-112.31369,41.97486],[-112.31661,41.97409],[-112.31879,41.97419],[-112.32097,41.97553],[-112.32284,41.97551],[-112.32437,41.97377],[-112.32606,41.97335],[-112.32966,41.97094],[-112.34388,41.96859],[-112.34778,41.9664],[-112.34808,41.96521],[-112.35438,41.96371],[-112.36228,41.96018]],[[-111.81976,42.32506],[-111.82255,42.32465],[-111.82357,42.32361],[-111.8296,42.321],[-111.83198,42.32063],[-111.83726,42.3214],[-111.83886,42.32258],[-111.84297,42.32294],[-111.84714,42.32505],[-111.85145,42.32527],[-111.85308,42.32664],[-111.8576,42.32842],[-111.86129,42.32881]],[[-111.33754,41.84621],[-111.33127,41.84363],[-111.32482,41.8389]],[[-111.49275,41.88155],[-111.48811,41.88187],[-111.4846,41.88302],[-111.48484,41.88391],[-111.48378,41.88609],[-111.48132,41.88893],[-111.48127,41.89265],[-111.48021,41.89422],[-111.47796,41.89549],[-111.47809,41.89766],[-111.47715,41.89936],[-111.47474,41.90054],[-111.47538,41.90334],[-111.47286,41.90426],[-111.47146,41.90636],[-111.46797,41.90637],[-111.46528,41.90427],[-111.46175,41.90285],[-111.45715,41.90301],[-111.45481,41.90205],[-111.45209,41.90192],[-111.45095,41.90332],[-111.44766,41.90262],[-111.44913,41.89947],[-111.44781,41.89764],[-111.44391,41.89777],[-111.43853,41.89462],[-111.43448,41.89311],[-111.43293,41.8935],[-111.42553,41.89141],[-111.4255,41.88672],[-111.42126,41.88179],[-111.41757,41.87963],[-111.41679,41.87631],[-111.41252,41.8741],[-111.40422,41.86764],[-111.40126,41.86608],[-111.40099,41.86445],[-111.39987,41.86299],[-111.39595,41.86135],[-111.39303,41.85798],[-111.39134,41.85744],[-111.39166,41.8541],[-111.39287,41.85152],[-111.39206,41.85058],[-111.3879,41.85079],[-111.38505,41.84863],[-111.38084,41.84699],[-111.37949,41.84533],[-111.37727,41.84479],[-111.37616,41.84508],[-111.37144,41.84899],[-111.37187,41.8507],[-111.36989,41.85177],[-111.36678,41.84975],[-111.36474,41.84747],[-111.36455,41.84226],[-111.3612,41.83778],[-111.35489,41.83325],[-111.35179,41.83457],[-111.34149,41.84451],[-111.33754,41.84621]],[[-111.62456,42.18934],[-111.62667,42.18809],[-111.63584,42.18532],[-111.64022,42.1859],[-111.64632,42.18221],[-111.64763,42.18054],[-111.65031,42.18057],[-111.65344,42.18204],[-111.65842,42.18011]],[[-111.40744,42.01259],[-111.41903,42.01376],[-111.42522,42.01353],[-111.42695,42.0144],[-111.43342,42.01547],[-111.43686,42.01467],[-111.43976,42.01283],[-111.44193,42.01306],[-111.44432,42.01186],[-111.45158,42.01228],[-111.46042,42.01101],[-111.46349,42.01123],[-111.4666,42.00896],[-111.47119,42.00729],[-111.47149,42.00493],[-111.4766,42.00351],[-111.47946,42.00612],[-111.47676,42.00901],[-111.47557,42.01207],[-111.4779,42.01554],[-111.47988,42.01505],[-111.48398,42.0162],[-111.48873,42.01971],[-111.49557,42.01896],[-111.49828,42.01741],[-111.50475,42.02014],[-111.50635,42.0202],[-111.50778,42.01943],[-111.50957,42.01993]],[[-111.86129,42.32881],[-111.86182,42.32848],[-111.86305,42.32944],[-111.86975,42.32916],[-111.87343,42.32606],[-111.87013,42.32458],[-111.87207,42.32316],[-111.87199,42.32224],[-111.86933,42.32168],[-111.86862,42.32014],[-111.86366,42.31844],[-111.86427,42.31695],[-111.86333,42.31325],[-111.86187,42.31148],[-111.86189,42.30798],[-111.86393,42.30682],[-111.86412,42.30475],[-111.86654,42.30592],[-111.86983,42.30583],[-111.87688,42.3075],[-111.88052,42.30938],[-111.88502,42.30796],[-111.88715,42.30928],[-111.88865,42.30882],[-111.88887,42.30763],[-111.88974,42.30701],[-111.89336,42.30557],[-111.89326,42.30438],[-111.89538,42.30221],[-111.89836,42.30183],[-111.89979,42.29914],[-111.90104,42.29829],[-111.90245,42.29518]],[[-111.478,41.91314],[-111.47413,41.91339],[-111.47117,41.91663],[-111.46675,41.91964],[-111.46516,41.92235],[-111.46121,41.92306],[-111.459,41.92643],[-111.45532,41.93014],[-111.45576,41.93278],[-111.45424,41.93493],[-111.45188,41.93508],[-111.45123,41.93752],[-111.44709,41.93911],[-111.44328,41.94262],[-111.43684,41.94393],[-111.43557,41.94513],[-111.42771,41.94373],[-111.42526,41.94417],[-111.42357,41.94546],[-111.41786,41.94517],[-111.41659,41.94656],[-111.4106,41.94758],[-111.4081,41.9463],[-111.40404,41.94565],[-111.39996,41.94195],[-111.39708,41.94053],[-111.39261,41.93995],[-111.38905,41.9405]],[[-111.7598,42.29415],[-111.76977,42.29723],[-111.7729,42.29697],[-111.77443,42.2957],[-111.78079,42.29397],[-111.78731,42.29602],[-111.78907,42.29818],[-111.79108,42.29923],[-111.80034,42.30128],[-111.80631,42.30573],[-111.808,42.3092],[-111.81025,42.31113],[-111.81077,42.31569],[-111.80948,42.31836],[-111.80941,42.32456],[-111.81687,42.32238],[-111.81976,42.32506]],[[-111.81652,42.22291],[-111.82467,42.22357],[-111.82997,42.222],[-111.8312,42.22239],[-111.83315,42.22113],[-111.83495,42.22204],[-111.83794,42.22132],[-111.8421,42.22251],[-111.85208,42.22222],[-111.85367,42.22263],[-111.85567,42.22449],[-111.85966,42.22532],[-111.86303,42.22785],[-111.86484,42.22836],[-111.86878,42.22598],[-111.87519,42.22367],[-111.88445,42.21925],[-111.88457,42.21807],[-111.88956,42.21787],[-111.89121,42.21869],[-111.89381,42.21861],[-111.8978,42.21975],[-111.90101,42.21943],[-111.90391,42.21833],[-111.90123,42.22406],[-111.89853,42.225],[-111.89597,42.22832],[-111.89581,42.22953],[-111.89247,42.23296],[-111.8908,42.23354],[-111.88911,42.2326],[-111.88764,42.23289],[-111.88626,42.23234],[-111.88469,42.23454],[-111.88159,42.2346],[-111.87998,42.23533],[-111.87741,42.23892],[-111.87766,42.24033],[-111.87354,42.24075],[-111.87274,42.24311],[-111.87132,42.24481],[-111.86845,42.24741],[-111.86582,42.24825],[-111.8647,42.24975],[-111.86126,42.25214],[-111.8595,42.25587],[-111.85488,42.26045],[-111.85814,42.26643],[-111.86369,42.27062],[-111.86732,42.27203],[-111.87315,42.27237],[-111.87547,42.27184],[-111.87874,42.27297],[-111.88241,42.27306],[-111.88619,42.27771],[-111.88958,42.27962]],[[-111.7598,42.29415],[-111.76175,42.29248],[-111.76053,42.29003],[-111.76183,42.28582],[-111.76313,42.28442],[-111.76597,42.28315],[-111.76628,42.28115],[-111.76798,42.27869],[-111.76783,42.27629],[-111.77221,42.27389],[-111.77396,42.27176],[-111.77399,42.27092],[-111.77182,42.26798],[-111.77221,42.26671],[-111.77366,42.26562],[-111.77721,42.26542],[-111.78361,42.26329],[-111.78501,42.25644],[-111.78451,42.25277],[-111.7872,42.2507],[-111.79143,42.2497],[-111.79133,42.24831],[-111.79219,42.24756],[-111.79168,42.24479],[-111.79214,42.24354],[-111.7959,42.23957],[-111.79736,42.23971],[-111.79964,42.23778],[-111.80062,42.23371],[-111.80313,42.23125],[-111.80358,42.23003],[-111.8086,42.23022],[-111.81114,42.22817],[-111.81192,42.22663],[-111.81499,42.22497],[-111.81652,42.22291]],[[-111.08328,42.00752],[-111.09229,42.00676],[-111.09325,42.00622],[-111.0942,42.00433],[-111.09517,42.0042],[-111.10077,42.0041],[-111.10651,42.00596],[-111.10694,42.00665],[-111.10616,42.00848],[-111.1066,42.01157],[-111.10741,42.01284],[-111.11046,42.01465],[-111.11017,42.01693],[-111.11377,42.01837],[-111.11425,42.02073],[-111.11927,42.0211],[-111.12099,42.0235],[-111.1242,42.02562],[-111.12582,42.03001],[-111.1318,42.03123],[-111.13565,42.03531],[-111.13507,42.03607],[-111.13539,42.03788],[-111.13162,42.04071],[-111.1292,42.04142],[-111.1298,42.04269],[-111.13166,42.04344],[-111.13848,42.04377],[-111.14667,42.04302],[-111.14881,42.04209],[-111.14893,42.03897],[-111.14955,42.03811],[-111.15414,42.03654],[-111.15838,42.03418],[-111.16171,42.03383],[-111.16666,42.03499],[-111.17064,42.03479],[-111.17097,42.03834],[-111.17352,42.04109],[-111.17536,42.04452],[-111.18533,42.04445],[-111.19112,42.04526],[-111.19728,42.04462],[-111.21027,42.04602]],[[-111.23163,42.134],[-111.23639,42.13693],[-111.24141,42.13637],[-111.24409,42.13741],[-111.25063,42.13785],[-111.2526,42.13293],[-111.25425,42.13191],[-111.25821,42.11454],[-111.25955,42.11129],[-111.26254,42.10857],[-111.26692,42.10701]],[[-111.71837,42.33085],[-111.72607,42.33023],[-111.72725,42.32972],[-111.72872,42.32704],[-111.7318,42.32533],[-111.73118,42.32066],[-111.72535,42.31732],[-111.72322,42.31444],[-111.72899,42.31027],[-111.72959,42.30583],[-111.73644,42.30357],[-111.74266,42.29864],[-111.74817,42.29801],[-111.74966,42.29595],[-111.75083,42.29634],[-111.75265,42.29531],[-111.75395,42.29543],[-111.75826,42.29393],[-111.7598,42.29415]],[[-111.66872,42.32065],[-111.67213,42.32483],[-111.67447,42.32621]],[[-111.67447,42.32621],[-111.68003,42.32357],[-111.68278,42.32476],[-111.68948,42.32379],[-111.68972,42.32214],[-111.69088,42.32093],[-111.69531,42.31819],[-111.69808,42.31877],[-111.6999,42.32103],[-111.70243,42.32157],[-111.7067,42.32549],[-111.71289,42.32806],[-111.71568,42.33113],[-111.71837,42.33085]],[[-111.73601,42.25076],[-111.73702,42.25169],[-111.73584,42.25214],[-111.73271,42.25537],[-111.73168,42.26059],[-111.73067,42.26187],[-111.73117,42.26434],[-111.7305,42.26717],[-111.72871,42.26946],[-111.7304,42.27248],[-111.73015,42.27474],[-111.72474,42.27476],[-111.72304,42.27542],[-111.72079,42.27499],[-111.72097,42.27656],[-111.72297,42.27808],[-111.72208,42.28063],[-111.72222,42.2841],[-111.7182,42.28659],[-111.71241,42.28861],[-111.71144,42.28947],[-111.71191,42.29088],[-111.71142,42.29227],[-111.70701,42.29506],[-111.70002,42.29537],[-111.69725,42.29624],[-111.69284,42.29887],[-111.69171,42.30064],[-111.68838,42.30266],[-111.68463,42.30604],[-111.68163,42.30703],[-111.67973,42.30919],[-111.67579,42.31137],[-111.67364,42.31394],[-111.67246,42.31817],[-111.66872,42.32065]],[[-111.69222,42.19084],[-111.69395,42.18947],[-111.71489,42.18138],[-111.71901,42.17897],[-111.72102,42.1769],[-111.72891,42.17511],[-111.73426,42.17553],[-111.73747,42.1792],[-111.74132,42.18083],[-111.74802,42.18622],[-111.75198,42.18701],[-111.75442,42.18848],[-111.76094,42.19036],[-111.76352,42.19319],[-111.77032,42.19107],[-111.77369,42.19277],[-111.77837,42.19294],[-111.77761,42.19662],[-111.7804,42.1978],[-111.7816,42.19973],[-111.78109,42.2031],[-111.77923,42.20594],[-111.77319,42.20872],[-111.77217,42.21145],[-111.769,42.21383],[-111.76972,42.21857],[-111.76918,42.22115],[-111.76434,42.2232],[-111.76299,42.22686],[-111.75806,42.22738],[-111.75744,42.23021],[-111.75462,42.2336],[-111.75031,42.23362],[-111.74736,42.2346],[-111.7439,42.23639],[-111.74251,42.2365],[-111.73969,42.23865],[-111.73784,42.24229],[-111.73816,42.24542],[-111.73651,42.24796],[-111.73601,42.25076]],[[-111.21027,42.04602],[-111.20624,42.04888],[-111.20552,42.05007],[-111.20749,42.05123],[-111.2115,42.0513],[-111.21382,42.052],[-111.21314,42.05678],[-111.21335,42.06016],[-111.21188,42.06265],[-111.21383,42.06521],[-111.21164,42.06821],[-111.21151,42.06976],[-111.21329,42.07229],[-111.21611,42.0733],[-111.21578,42.07696],[-111.21847,42.0801],[-111.22016,42.08159],[-111.22343,42.08188],[-111.21589,42.08865],[-111.21483,42.0917],[-111.21126,42.0932],[-111.21074,42.09481],[-111.21462,42.09965],[-111.21737,42.10144],[-111.21614,42.10378],[-111.21699,42.10552],[-111.21663,42.11024],[-111.2188,42.11712],[-111.22341,42.11921],[-111.22451,42.12029],[-111.22895,42.12193],[-111.23047,42.12376],[-111.23059,42.12628]],[[-111.81652,42.22291],[-111.81608,42.2213],[-111.81994,42.21877],[-111.81959,42.21652],[-111.82192,42.21506],[-111.82446,42.21162],[-111.82827,42.20813],[-111.83178,42.2036],[-111.83332,42.20055],[-111.83704,42.19912],[-111.83723,42.19298],[-111.83889,42.18509],[-111.84389,42.18083],[-111.84964,42.18079],[-111.85611,42.17862],[-111.85919,42.17869],[-111.86177,42.17161],[-111.86589,42.17095],[-111.86937,42.17152],[-111.8737,42.16911],[-111.88445,42.16899],[-111.888,42.16805],[-111.88919,42.16629],[-111.89229,42.16591],[-111.89662,42.16363],[-111.9053,42.16114],[-111.9063,42.1576],[-111.90823,42.15443],[-111.90916,42.15395],[-111.90911,42.15302],[-111.9131,42.15099],[-111.91319,42.14887],[-111.91035,42.14709],[-111.91151,42.14194],[-111.91091,42.14061],[-111.91129,42.13808],[-111.91334,42.13409],[-111.9139,42.13424],[-111.91562,42.13812],[-111.91806,42.14052],[-111.91954,42.14155],[-111.92335,42.14251],[-111.92496,42.14439],[-111.92894,42.14405],[-111.9337,42.14134],[-111.93825,42.14059]],[[-111.27482,41.98823],[-111.26689,41.98637],[-111.2611,41.9836],[-111.25794,41.97986],[-111.25919,41.97113],[-111.25704,41.97137],[-111.25453,41.97031],[-111.24612,41.97059],[-111.24555,41.97016],[-111.24591,41.96912],[-111.24148,41.96541],[-111.23403,41.96109],[-111.23131,41.9604],[-111.23015,41.95931],[-111.22595,41.9576],[-111.22433,41.95621],[-111.22078,41.95553],[-111.21781,41.95606],[-111.2135,41.95414],[-111.20968,41.95497],[-111.20513,41.95214],[-111.20338,41.94813],[-111.208,41.94497],[-111.20877,41.94363],[-111.20854,41.94225],[-111.21334,41.9377],[-111.21331,41.93677],[-111.21001,41.93704],[-111.20515,41.93969],[-111.20204,41.93965],[-111.19921,41.93669],[-111.19406,41.93678],[-111.18708,41.93581],[-111.18278,41.93391],[-111.17941,41.93332],[-111.17866,41.93223],[-111.1799,41.9304],[-111.17739,41.92902],[-111.17606,41.92669],[-111.16846,41.9243]],[[-111.23059,42.12628],[-111.23163,42.134]],[[-111.59391,42.09343],[-111.59704,42.09583],[-111.59893,42.0985],[-111.59895,42.10197],[-111.60032,42.10395],[-111.60074,42.10623],[-111.60044,42.10732],[-111.59692,42.10978],[-111.59568,42.1122],[-111.59344,42.11375],[-111.59438,42.11672],[-111.59315,42.12008],[-111.59237,42.1209],[-111.59072,42.12119],[-111.59041,42.124],[-111.59129,42.12624],[-111.59101,42.12904],[-111.5921,42.1316],[-111.5891,42.13439],[-111.58975,42.13673],[-111.58836,42.13881],[-111.58838,42.14041],[-111.58716,42.14193]],[[-111.58716,42.14193],[-111.5905,42.14259],[-111.59763,42.14979],[-111.60013,42.15038],[-111.60269,42.15224],[-111.60617,42.15313],[-111.60804,42.15426],[-111.60911,42.15613],[-111.61074,42.15659],[-111.61298,42.16378],[-111.61328,42.16953],[-111.61244,42.17265],[-111.61393,42.1751],[-111.61583,42.18428],[-111.61719,42.186]],[[-111.61719,42.186],[-111.62307,42.18803],[-111.62456,42.18934]],[[-111.36506,42.11399],[-111.3647,42.11358],[-111.36767,42.11304],[-111.37228,42.10949],[-111.37514,42.10432],[-111.37559,42.10296],[-111.37534,42.10206],[-111.37473,42.10298],[-111.37511,42.09952],[-111.3761,42.09822],[-111.37616,42.09651],[-111.37978,42.0905],[-111.37988,42.08846],[-111.38072,42.0893],[-111.38054,42.09122],[-111.38108,42.09088],[-111.38222,42.08777],[-111.38096,42.0883],[-111.38194,42.08466],[-111.38121,42.08557],[-111.38082,42.08513],[-111.37947,42.08766],[-111.3791,42.08713],[-111.38156,42.08321],[-111.38287,42.08293],[-111.38317,42.08065],[-111.38236,42.08003],[-111.38399,42.07618],[-111.38213,42.07582],[-111.38246,42.07526],[-111.38443,42.07512],[-111.38483,42.07404],[-111.38464,42.07095],[-111.38365,42.07048],[-111.38478,42.06929],[-111.38482,42.06516],[-111.386,42.06385],[-111.38622,42.06177],[-111.38931,42.05892],[-111.38836,42.05829],[-111.38972,42.05618],[-111.38911,42.05384],[-111.39154,42.04871],[-111.39118,42.04744],[-111.39204,42.04389],[-111.39127,42.041],[-111.39281,42.03744],[-111.39473,42.03493],[-111.39428,42.03411],[-111.39509,42.03432],[-111.39613,42.0336],[-111.40157,42.02889],[-111.40714,42.02051],[-111.40809,42.01666],[-111.40744,42.01259]],[[-111.26692,42.10701],[-111.26854,42.11004],[-111.27069,42.11164],[-111.28068,42.11596],[-111.29937,42.12033],[-111.31293,42.12107],[-111.31393,42.12277],[-111.315,42.12279],[-111.31507,42.12199],[-111.31681,42.12152],[-111.33554,42.12135],[-111.34677,42.11983],[-111.3571,42.11758],[-111.3643,42.11451],[-111.36502,42.11472],[-111.36506,42.11399]],[[-111.33754,41.84621],[-111.31876,41.84641],[-111.30608,41.84808],[-111.30029,41.85047],[-111.29671,41.85414],[-111.29599,41.85733],[-111.2971,41.86601],[-111.29604,41.87215],[-111.29599,41.87662],[-111.29349,41.8785],[-111.29151,41.88211],[-111.29096,41.88936],[-111.28597,41.89443],[-111.28477,41.89669],[-111.28597,41.89935],[-111.28466,41.90259],[-111.28478,41.90606],[-111.28849,41.91566],[-111.289,41.92505],[-111.2877,41.92762],[-111.28361,41.93163],[-111.28152,41.93486],[-111.27863,41.94337],[-111.27804,41.95381],[-111.27404,41.96241],[-111.27344,41.96704],[-111.27102,41.97095],[-111.27098,41.97738],[-111.27452,41.98484],[-111.27482,41.98823]],[[-111.86999,42.12503],[-111.87149,42.12382],[-111.87611,42.12213],[-111.87841,42.11959],[-111.8835,42.11683],[-111.89555,42.11418],[-111.89746,42.11466],[-111.90364,42.11823],[-111.91004,42.11736],[-111.91007,42.11623],[-111.91395,42.11592],[-111.91406,42.11473],[-111.91584,42.11369],[-111.91785,42.11356],[-111.92239,42.116],[-111.92341,42.11755],[-111.92764,42.11784],[-111.92892,42.11875]],[[-112.07649,42.14883],[-112.07683,42.15052],[-112.07561,42.15385],[-112.07668,42.15635],[-112.07636,42.15824],[-112.07306,42.1633],[-112.08079,42.16962],[-112.08176,42.17338],[-112.08074,42.17439],[-112.08105,42.17587],[-112.0802,42.17851]],[[-112.42159,42.40499],[-112.42192,42.40592],[-112.42495,42.4075],[-112.42523,42.41004],[-112.42819,42.41497],[-112.4253,42.41557],[-112.42414,42.4173],[-112.42456,42.4192],[-112.42392,42.42211],[-112.4239,42.42743],[-112.42652,42.43011],[-112.43062,42.43088],[-112.4311,42.43274],[-112.43397,42.4355],[-112.43474,42.43859],[-112.44329,42.43881],[-112.44456,42.43737],[-112.44702,42.43614],[-112.45243,42.43567],[-112.45822,42.434],[-112.4596,42.43428],[-112.46145,42.43629],[-112.46536,42.43811],[-112.46952,42.43502],[-112.47077,42.43536],[-112.4716,42.43448],[-112.47388,42.43379],[-112.47598,42.4338],[-112.48196,42.43765],[-112.48753,42.43493],[-112.49215,42.43457],[-112.49344,42.43346],[-112.49512,42.43428]],[[-111.92892,42.11875],[-111.93004,42.11829],[-111.93274,42.11871],[-111.93403,42.11821],[-111.94547,42.11792],[-111.94615,42.11932],[-111.94775,42.12],[-111.96317,42.12094],[-111.96458,42.12234],[-111.96697,42.12709],[-111.96834,42.12831],[-111.98124,42.13256],[-111.98817,42.13403],[-111.99086,42.13501],[-111.99445,42.13748],[-112.00191,42.13803],[-112.00487,42.13972],[-112.00578,42.14185],[-112.00986,42.14101],[-112.01372,42.14215],[-112.01748,42.14224],[-112.03055,42.13957],[-112.0372,42.13994],[-112.04129,42.13843],[-112.04221,42.13977],[-112.04459,42.14131],[-112.04525,42.14443],[-112.04695,42.14671],[-112.04922,42.14635],[-112.052,42.14802],[-112.05714,42.14844],[-112.06223,42.14685],[-112.06597,42.14641],[-112.07649,42.14883]],[[-110.88119,41.08432],[-110.88657,41.08579],[-110.88758,41.0838],[-110.8924,41.07979],[-110.89482,41.07966],[-110.89695,41.07833],[-110.89954,41.07919],[-110.9016,41.07832],[-110.90362,41.07844],[-110.90671,41.07968],[-110.91063,41.08252],[-110.91156,41.08431],[-110.9124,41.0888],[-110.91431,41.09199],[-110.9231,41.09397]],[[-111.40744,42.01259],[-111.40621,42.01011],[-111.40803,42.00843],[-111.40895,42.00611],[-111.40767,42.00284],[-111.40944,41.99698],[-111.40912,41.99521],[-111.41038,41.99437],[-111.41079,41.99326],[-111.41056,41.99045],[-111.4092,41.98746],[-111.40851,41.98718],[-111.40883,41.98676],[-111.40589,41.98566],[-111.40769,41.98587],[-111.4074,41.98522],[-111.40643,41.98515],[-111.40835,41.98489],[-111.40656,41.98458],[-111.40725,41.98442],[-111.40696,41.98371],[-111.40301,41.97864],[-111.4021,41.97043],[-111.39865,41.96617],[-111.39865,41.96447],[-111.39994,41.96279],[-111.39996,41.95979],[-111.39819,41.9578],[-111.39198,41.95346],[-111.39083,41.95185],[-111.38994,41.94876],[-111.39012,41.94444],[-111.38905,41.9405]],[[-112.07649,42.14883],[-112.07708,42.14739],[-112.07671,42.14532],[-112.07805,42.14302],[-112.07754,42.14173],[-112.07858,42.13994],[-112.07756,42.13752],[-112.07921,42.13506],[-112.07953,42.13326],[-112.08058,42.13227],[-112.0799,42.13116],[-112.07367,42.12925],[-112.07129,42.12944],[-112.07029,42.13031],[-112.06847,42.13061],[-112.06265,42.12969],[-112.05855,42.12789],[-112.05786,42.12576],[-112.05626,42.12373],[-112.05316,42.12241],[-112.04894,42.11814],[-112.04799,42.11571],[-112.04811,42.11372],[-112.04675,42.11146],[-112.04684,42.10871],[-112.04497,42.10663],[-112.04286,42.10551],[-112.04213,42.10277],[-112.0399,42.09956],[-112.03469,42.09928],[-112.02985,42.1003],[-112.02719,42.09773],[-112.02445,42.09615],[-112.01628,42.09421],[-112.01365,42.09115],[-112.01207,42.0879],[-112.01343,42.08571],[-112.01045,42.08447],[-112.01031,42.07979],[-112.00914,42.07427],[-112.01047,42.07287],[-112.00917,42.07125],[-112.00801,42.06649],[-112.00836,42.05536],[-112.01068,42.05389],[-112.01123,42.0525],[-112.01058,42.05026],[-112.00774,42.0474],[-112.00594,42.04664],[-112.00075,42.04726],[-111.99735,42.04614],[-111.99509,42.04449],[-111.99542,42.04299],[-111.99296,42.04035],[-111.99025,42.0398],[-111.9884,42.04],[-111.98344,42.04391],[-111.97881,42.04354],[-111.96785,42.04523],[-111.95798,42.0453],[-111.95178,42.04205],[-111.94951,42.0398],[-111.94317,42.03626],[-111.94,42.03539],[-111.93509,42.03115],[-111.93523,42.02877],[-111.93314,42.02597],[-111.92881,42.02587],[-111.92487,42.02387]],[[-111.38905,41.9405],[-111.38931,41.93904],[-111.39339,41.93411],[-111.39578,41.92784],[-111.39563,41.92397],[-111.39107,41.91905],[-111.39155,41.91686],[-111.39043,41.91479],[-111.38676,41.91192],[-111.38303,41.91021],[-111.37528,41.90808],[-111.37037,41.90792],[-111.37088,41.90758],[-111.3697,41.90752],[-111.36864,41.90624],[-111.36897,41.90086],[-111.36657,41.89722],[-111.36601,41.89424],[-111.36631,41.88572],[-111.36483,41.87511],[-111.36506,41.86931],[-111.36421,41.86559],[-111.36518,41.86061],[-111.36449,41.85837],[-111.36288,41.85678],[-111.36326,41.85558],[-111.3628,41.85394],[-111.36147,41.85259],[-111.35258,41.84828],[-111.33754,41.84621]],[[-112.37253,42.45808],[-112.3733,42.45719],[-112.37641,42.45623],[-112.37928,42.45293],[-112.38257,42.45408],[-112.38599,42.45308],[-112.38475,42.45084],[-112.38601,42.4485],[-112.38551,42.44488],[-112.3869,42.44309],[-112.38419,42.43828],[-112.38376,42.43534],[-112.38462,42.43416],[-112.38523,42.42885],[-112.38754,42.42638],[-112.38623,42.42415],[-112.37941,42.42122],[-112.3804,42.41607],[-112.38646,42.41364],[-112.39084,42.41008],[-112.39245,42.40801],[-112.39288,42.40627],[-112.3958,42.40305],[-112.39731,42.40382],[-112.40143,42.40363],[-112.40401,42.40516],[-112.40671,42.40566],[-112.40885,42.40867],[-112.41127,42.40963],[-112.41462,42.408],[-112.41602,42.40565],[-112.42159,42.40499]],[[-111.64635,42.03423],[-111.64717,42.03547],[-111.64713,42.03675],[-111.64602,42.03914],[-111.64718,42.04142],[-111.64716,42.04293],[-111.65027,42.04536],[-111.65187,42.04908],[-111.6485,42.0511],[-111.64369,42.05592],[-111.6408,42.06167],[-111.64079,42.06499],[-111.64289,42.06766],[-111.64431,42.07206],[-111.6431,42.0775],[-111.64366,42.08402],[-111.64317,42.08696]],[[-112.33778,42.34743],[-112.33811,42.34949],[-112.34064,42.35264],[-112.34334,42.35418],[-112.34684,42.35495],[-112.35254,42.35505],[-112.35556,42.35599],[-112.35746,42.35709],[-112.35901,42.36056],[-112.36105,42.36161],[-112.36772,42.36215],[-112.3736,42.36467],[-112.3937,42.369],[-112.39733,42.36904],[-112.39955,42.36816],[-112.40274,42.3689],[-112.40661,42.36863],[-112.41216,42.36702],[-112.41763,42.36778],[-112.42109,42.3671],[-112.43331,42.3672],[-112.43537,42.36659],[-112.43682,42.36356],[-112.44268,42.35996],[-112.44593,42.36031],[-112.44662,42.36206],[-112.44596,42.36854],[-112.44399,42.37169],[-112.43859,42.37606],[-112.43639,42.37952],[-112.43271,42.38135],[-112.4281,42.38494],[-112.42793,42.3915],[-112.42897,42.39329],[-112.42928,42.39643],[-112.42456,42.39965],[-112.42298,42.40153],[-112.42272,42.40331],[-112.42159,42.40499]],[[-112.3306,42.34346],[-112.33778,42.34743]],[[-111.27482,41.98823],[-111.27141,41.99289],[-111.26407,41.99853],[-111.26137,42.00254],[-111.26034,42.00524],[-111.26098,42.01094],[-111.26036,42.01852],[-111.2588,42.02439],[-111.25941,42.02705],[-111.25942,42.03768],[-111.25812,42.04349],[-111.2581,42.04635],[-111.25579,42.05399],[-111.25536,42.06166],[-111.25386,42.06668],[-111.25401,42.06937],[-111.25458,42.06981],[-111.25351,42.07184],[-111.25499,42.07704],[-111.25483,42.0793],[-111.2583,42.08563],[-111.26286,42.09106],[-111.26218,42.09215],[-111.26282,42.09273],[-111.26215,42.09356],[-111.26238,42.0945],[-111.26132,42.09624],[-111.26133,42.09893],[-111.26211,42.10126],[-111.2641,42.10464],[-111.26692,42.10701]],[[-111.65842,42.18011],[-111.65852,42.18106],[-111.66198,42.18465],[-111.66325,42.18859],[-111.6648,42.19064],[-111.67516,42.1954],[-111.67888,42.19577],[-111.68165,42.19524],[-111.68406,42.1944],[-111.68564,42.1931],[-111.6891,42.19233],[-111.69222,42.19084]],[[-112.33778,42.34743],[-112.34029,42.34597],[-112.34281,42.34618],[-112.34914,42.3433],[-112.3522,42.34277],[-112.35668,42.34356],[-112.36296,42.34602],[-112.36927,42.34474],[-112.37407,42.34283],[-112.38278,42.34201],[-112.39215,42.34313],[-112.39435,42.3438],[-112.39682,42.34555],[-112.40375,42.34549],[-112.41206,42.3494],[-112.41548,42.34943],[-112.41671,42.34907],[-112.41945,42.34627],[-112.42427,42.34479],[-112.42558,42.34335],[-112.42816,42.34449],[-112.43053,42.34666],[-112.43346,42.34761],[-112.43691,42.34662],[-112.44143,42.34639],[-112.44194,42.34547],[-112.44455,42.34508],[-112.44754,42.3457],[-112.44855,42.34409],[-112.44834,42.33882],[-112.45211,42.34187],[-112.45561,42.34265],[-112.45734,42.34547],[-112.46576,42.34696],[-112.47578,42.35709],[-112.48382,42.35729],[-112.48635,42.35622],[-112.4896,42.35745],[-112.49305,42.35636],[-112.49476,42.35719],[-112.4981,42.35728],[-112.5001,42.35608],[-112.50042,42.35215],[-112.50309,42.35276],[-112.50899,42.35184]],[[-112.45783,42.24953],[-112.45945,42.24869],[-112.46472,42.2482],[-112.46724,42.24626],[-112.47463,42.24694],[-112.48086,42.24631],[-112.48226,42.24256],[-112.4876,42.23912],[-112.48945,42.23671],[-112.49455,42.23481],[-112.49739,42.23284],[-112.49851,42.22955]],[[-112.32717,42.32405],[-112.32902,42.32286],[-112.33289,42.32205],[-112.33866,42.31846],[-112.34347,42.31845],[-112.3454,42.31503],[-112.35173,42.31141],[-112.35579,42.31069],[-112.35976,42.30841],[-112.36189,42.30804],[-112.36753,42.30329],[-112.38269,42.293],[-112.38847,42.29202],[-112.39377,42.28997],[-112.39629,42.28797],[-112.39871,42.28789],[-112.39791,42.28656],[-112.39759,42.28337],[-112.39956,42.28122],[-112.40488,42.27835],[-112.41259,42.27531],[-112.41482,42.27356],[-112.41953,42.27182],[-112.42283,42.26972],[-112.42867,42.26779],[-112.42957,42.26661],[-112.43308,42.26459],[-112.44853,42.25972],[-112.44978,42.25758],[-112.44995,42.25511],[-112.45207,42.25305],[-112.45646,42.25153],[-112.45783,42.24953]],[[-112.45783,42.24953],[-112.45421,42.24993],[-112.45093,42.25116],[-112.44633,42.24971],[-112.43934,42.25019],[-112.44033,42.24517],[-112.43595,42.24457],[-112.42826,42.24541],[-112.42512,42.24373],[-112.42111,42.24608],[-112.41591,42.24736],[-112.41261,42.2494],[-112.41042,42.24964],[-112.40657,42.2514],[-112.40444,42.25064],[-112.40122,42.2508],[-112.40085,42.25173],[-112.39874,42.25264],[-112.39343,42.2517],[-112.38385,42.25333],[-112.37867,42.25157],[-112.37769,42.24956],[-112.37537,42.24811],[-112.37023,42.24586],[-112.36686,42.24521],[-112.36535,42.24382],[-112.36193,42.2436],[-112.36098,42.24299],[-112.36069,42.24155],[-112.36115,42.24141],[-112.36591,42.24181],[-112.36959,42.24087],[-112.37245,42.23807]],[[-111.69222,42.19084],[-111.68836,42.18645],[-111.68832,42.18469],[-111.69099,42.18196],[-111.69205,42.17941],[-111.69976,42.17048],[-111.70381,42.16884],[-111.71011,42.16789],[-111.71607,42.16559],[-111.71854,42.16411],[-111.72065,42.16105],[-111.73266,42.15781],[-111.73392,42.15625],[-111.73597,42.15567],[-111.73918,42.15284],[-111.74706,42.14909],[-111.74885,42.14882],[-111.75073,42.14966],[-111.75271,42.15657],[-111.75554,42.15579],[-111.75852,42.15651],[-111.75962,42.15783],[-111.76259,42.15772],[-111.76392,42.15897],[-111.7663,42.1594],[-111.77331,42.15834],[-111.77928,42.1615],[-111.78638,42.1605],[-111.78784,42.16097],[-111.79022,42.1634],[-111.7937,42.16334],[-111.79627,42.16124],[-111.79626,42.15861],[-111.79769,42.15624],[-111.79743,42.15319],[-111.80073,42.15266],[-111.80257,42.15429],[-111.80608,42.15423],[-111.80986,42.15558],[-111.81182,42.15529],[-111.81206,42.15375],[-111.81399,42.15227],[-111.81346,42.14954],[-111.81477,42.14681],[-111.81474,42.1425],[-111.81868,42.14004],[-111.82513,42.1407],[-111.83332,42.14331],[-111.83642,42.14531],[-111.84481,42.14627],[-111.84735,42.14747],[-111.85148,42.14688],[-111.85479,42.14722],[-111.86009,42.14579],[-111.8621,42.14615],[-111.86874,42.14532],[-111.87168,42.14275],[-111.87208,42.14147],[-111.87099,42.13824],[-111.86974,42.13681],[-111.86958,42.13295],[-111.86868,42.13155],[-111.86999,42.12503]],[[-111.86999,42.12503],[-111.87041,42.12212],[-111.86966,42.12082],[-111.87162,42.11616],[-111.8785,42.10844],[-111.88473,42.10445],[-111.88615,42.10203],[-111.88866,42.10026],[-111.89066,42.09652],[-111.8915,42.09299],[-111.89006,42.0921],[-111.88984,42.09129],[-111.89205,42.08899],[-111.89209,42.08705],[-111.8929,42.08533],[-111.89213,42.0821],[-111.89515,42.08025],[-111.89562,42.07912],[-111.8974,42.07897],[-111.89724,42.07745],[-111.90106,42.07213],[-111.90589,42.06809],[-111.90869,42.06727],[-111.90826,42.06571],[-111.90986,42.06377],[-111.90844,42.05579],[-111.90925,42.0531],[-111.90691,42.04956]],[[-112.33154,42.15601],[-112.33241,42.15835],[-112.33712,42.16374],[-112.33867,42.16927],[-112.34273,42.17302],[-112.34378,42.17613],[-112.34594,42.17849],[-112.34586,42.17952],[-112.34711,42.1812],[-112.34716,42.18618],[-112.34931,42.1896],[-112.35896,42.1949],[-112.3564,42.19866],[-112.35749,42.20208],[-112.35962,42.20439],[-112.36065,42.21051],[-112.35504,42.21299],[-112.35519,42.21537],[-112.3565,42.21907],[-112.35535,42.22118],[-112.35583,42.22898],[-112.36156,42.23474],[-112.36871,42.23503],[-112.37245,42.23807]],[[-112.28862,42.11983],[-112.29368,42.12314],[-112.30178,42.12511],[-112.30403,42.12834],[-112.3142,42.1352],[-112.31916,42.13781],[-112.3232,42.14275],[-112.32671,42.15209],[-112.33154,42.15601]],[[-111.76551,42.11133],[-111.76504,42.11377],[-111.76699,42.1158],[-111.76476,42.11771],[-111.76217,42.11758],[-111.75919,42.11877],[-111.75778,42.12342],[-111.75268,42.1246],[-111.74973,42.12448],[-111.74817,42.12837],[-111.74704,42.12967],[-111.73993,42.1306],[-111.73607,42.13325],[-111.73337,42.13721],[-111.727,42.14033],[-111.72242,42.1408],[-111.71629,42.14288],[-111.71068,42.14871],[-111.70738,42.15092],[-111.70633,42.15459],[-111.70337,42.15595],[-111.69875,42.15941],[-111.69612,42.1601],[-111.68984,42.15859],[-111.68467,42.15872],[-111.67949,42.15732],[-111.67785,42.15907],[-111.67412,42.15998],[-111.67242,42.16297],[-111.66932,42.16345],[-111.66705,42.16506],[-111.66605,42.17151],[-111.66495,42.17382],[-111.66363,42.17534],[-111.65905,42.17767],[-111.6591,42.17919],[-111.65842,42.18011]],[[-111.78774,42.02727],[-111.78907,42.02619],[-111.79136,42.02568],[-111.79292,42.02376],[-111.79335,42.02222],[-111.79794,42.0187],[-111.80419,42.01633],[-111.80519,42.01438],[-111.80781,42.0121],[-111.81233,42.01],[-111.81427,42.00974],[-111.8149,42.00857],[-111.81439,42.00732],[-111.8165,42.00574],[-111.81597,42.00318],[-111.81692,42.00034],[-111.81892,41.99679],[-111.82171,41.99422]],[[-112.28862,42.11983],[-112.28171,42.115],[-112.28076,42.11356],[-112.28084,42.11203]],[[-112.37245,42.23807],[-112.37849,42.23859],[-112.38761,42.23802],[-112.3909,42.23644],[-112.39907,42.23664],[-112.40574,42.23429],[-112.40691,42.22957],[-112.41144,42.22407],[-112.41782,42.22165],[-112.41831,42.217],[-112.41711,42.21368],[-112.41863,42.21197],[-112.419,42.21003],[-112.41852,42.20775],[-112.41972,42.20755],[-112.42145,42.206],[-112.43419,42.2045],[-112.43845,42.20543],[-112.44281,42.20515],[-112.44843,42.20698],[-112.45304,42.20366],[-112.45139,42.20009],[-112.45292,42.19801],[-112.45628,42.19807],[-112.45991,42.19907],[-112.46194,42.19861],[-112.46414,42.19931],[-112.4676,42.19846],[-112.47227,42.20004]],[[-111.92487,42.02387],[-111.93045,42.02233],[-111.93346,42.02389],[-111.93563,42.02299],[-111.94235,42.02213],[-111.95406,42.02617],[-111.9586,42.02504],[-111.96154,42.02567],[-111.96486,42.02743],[-111.9703,42.02781],[-111.97346,42.02895],[-111.97915,42.02914],[-111.98691,42.02724],[-111.99435,42.02241],[-111.99544,42.02031],[-111.99765,42.0184]],[[-112.33154,42.15601],[-112.33344,42.14839],[-112.33295,42.14695],[-112.3334,42.14616],[-112.34426,42.14685],[-112.34763,42.14618],[-112.35138,42.14444],[-112.35512,42.14511],[-112.35671,42.14602],[-112.36985,42.14782],[-112.38347,42.15387],[-112.38749,42.15311],[-112.39285,42.1543],[-112.40063,42.15142],[-112.4016,42.15037],[-112.40669,42.14818],[-112.4125,42.1465],[-112.41587,42.14799],[-112.41838,42.14698],[-112.42347,42.14755],[-112.42492,42.14837],[-112.42579,42.15033],[-112.43297,42.14963],[-112.43877,42.14738],[-112.44044,42.14766],[-112.44508,42.14635],[-112.44795,42.14623]],[[-112.29115,42.31662],[-112.29254,42.31334],[-112.2948,42.31114],[-112.29541,42.30926],[-112.29151,42.30474]],[[-112.28084,42.11203],[-112.28295,42.10866],[-112.28699,42.10531],[-112.2906,42.10492],[-112.29962,42.10957],[-112.30636,42.11482],[-112.31338,42.11783],[-112.3223,42.11909],[-112.32438,42.12233],[-112.32774,42.12319],[-112.33846,42.11977],[-112.34257,42.11655],[-112.34465,42.11578],[-112.34817,42.11594],[-112.35521,42.12003],[-112.35765,42.11951],[-112.35937,42.12074],[-112.36475,42.11945],[-112.36734,42.11986],[-112.37093,42.11936],[-112.37535,42.11751],[-112.3823,42.11631],[-112.38908,42.11262],[-112.39883,42.11198],[-112.40441,42.11408],[-112.40859,42.11207]],[[-112.41385,42.10001],[-112.4132,42.09681]],[[-112.29151,42.30474],[-112.29432,42.30283],[-112.29744,42.29789],[-112.29655,42.29705],[-112.29586,42.29321],[-112.29428,42.29062],[-112.29481,42.28784],[-112.29446,42.28522],[-112.29291,42.2821],[-112.29104,42.27354],[-112.2891,42.27029],[-112.28907,42.26888],[-112.28662,42.2655],[-112.2907,42.25963],[-112.29598,42.25646],[-112.30022,42.25293],[-112.3028,42.24785],[-112.30312,42.24573],[-112.30156,42.23176],[-112.29373,42.22011],[-112.2926,42.21748],[-112.29028,42.21623],[-112.28899,42.21459],[-112.28927,42.21224],[-112.29207,42.20951],[-112.29197,42.20771],[-112.29078,42.20522],[-112.28978,42.20444],[-112.28928,42.20202],[-112.29069,42.20084],[-112.29121,42.19695],[-112.29739,42.19057],[-112.29882,42.18314],[-112.30111,42.17777],[-112.29973,42.17126],[-112.29681,42.16518],[-112.29376,42.16151],[-112.29268,42.15394],[-112.28949,42.14767],[-112.29038,42.14161],[-112.28844,42.13986],[-112.2858,42.13448],[-112.28574,42.12896],[-112.28737,42.12358],[-112.2876,42.1204],[-112.28862,42.11983]],[[-112.2588,42.10673],[-112.2609,42.10167],[-112.26269,42.09969],[-112.26224,42.09894],[-112.26266,42.09807],[-112.26548,42.10057],[-112.27573,42.10199],[-112.2772,42.10301],[-112.28038,42.10801],[-112.28084,42.11203]],[[-112.25333,42.0922],[-112.25517,42.09281],[-112.25851,42.09839],[-112.25813,42.10204],[-112.2588,42.10673]],[[-111.00493,42.50251],[-111.00457,42.49264],[-111.0069,42.49052],[-111.00673,42.48715],[-111.00485,42.48228],[-111.00555,42.48136],[-111.00515,42.47945],[-111.00297,42.47797],[-111.00279,42.47552],[-111.00086,42.47189],[-111.00181,42.46935],[-111.00178,42.46728],[-110.99886,42.46883],[-110.99762,42.46806],[-110.99703,42.46684],[-110.99729,42.46577],[-110.99526,42.46649],[-110.99247,42.4653],[-110.99339,42.45973],[-110.99437,42.45798],[-110.99443,42.45374],[-110.99685,42.43874],[-110.99645,42.43301],[-110.99471,42.43069],[-110.99539,42.42947],[-110.99691,42.42856],[-110.99682,42.42618],[-110.99561,42.42238],[-110.99377,42.41953],[-110.99643,42.41584],[-110.99622,42.41497],[-110.99391,42.41343],[-110.99379,42.41203],[-110.99299,42.41111],[-110.99464,42.41055],[-110.99477,42.40744]],[[-111.64317,42.08696],[-111.64099,42.08936],[-111.64081,42.09243],[-111.63833,42.09943],[-111.63527,42.101],[-111.63465,42.10214],[-111.63714,42.10579],[-111.63783,42.108],[-111.64038,42.11067],[-111.64199,42.11499],[-111.64227,42.11877],[-111.64483,42.12285],[-111.64769,42.12411],[-111.6491,42.1259],[-111.65221,42.12776],[-111.66056,42.12851],[-111.6667,42.13083],[-111.66969,42.12959],[-111.67599,42.12982],[-111.67953,42.12603],[-111.67917,42.12533],[-111.67567,42.12517],[-111.6746,42.12423],[-111.67497,42.11705],[-111.67572,42.11638],[-111.68129,42.1156],[-111.68854,42.11211],[-111.69851,42.11045],[-111.70242,42.10838],[-111.70448,42.10453],[-111.70831,42.10136],[-111.71844,42.09862],[-111.72724,42.09809],[-111.7366,42.09655],[-111.73776,42.09798],[-111.73849,42.10217],[-111.73971,42.10313],[-111.74402,42.10409],[-111.74919,42.10114],[-111.75078,42.10587],[-111.75333,42.10695],[-111.76043,42.10724],[-111.76083,42.10884],[-111.76551,42.11133]],[[-111.78774,42.02727],[-111.78901,42.02773],[-111.79973,42.02703],[-111.8011,42.02805],[-111.79937,42.02846],[-111.79406,42.02796],[-111.79057,42.02982],[-111.78939,42.03141],[-111.78717,42.03213],[-111.77849,42.03203],[-111.76843,42.03366],[-111.76233,42.03783],[-111.76017,42.04099],[-111.75989,42.0435],[-111.75567,42.04688],[-111.75525,42.04936],[-111.74794,42.04934],[-111.74609,42.0487],[-111.74052,42.0498],[-111.73928,42.05216],[-111.73333,42.05632],[-111.73288,42.05801],[-111.73343,42.05923],[-111.73057,42.06139],[-111.72032,42.06584],[-111.71244,42.06763],[-111.70438,42.0742],[-111.70031,42.07439],[-111.69337,42.07354],[-111.67949,42.07435],[-111.67801,42.07623],[-111.67362,42.07811],[-111.67278,42.08019],[-111.67086,42.08026],[-111.66867,42.08171],[-111.66595,42.08234],[-111.66251,42.08503],[-111.65786,42.08686],[-111.65283,42.08615],[-111.64764,42.0873],[-111.64317,42.08696]],[[-110.81228,42.17724],[-110.81473,42.1743],[-110.81627,42.17471],[-110.81704,42.17631],[-110.81667,42.18176],[-110.81714,42.18296],[-110.81812,42.18412],[-110.82296,42.18583],[-110.82558,42.18479],[-110.83227,42.17646],[-110.83969,42.17861],[-110.84202,42.17731],[-110.84572,42.17802],[-110.84588,42.18005],[-110.84893,42.18079],[-110.85045,42.17864],[-110.85523,42.17885],[-110.86005,42.17695],[-110.86421,42.17832],[-110.87253,42.17803],[-110.87793,42.1788],[-110.88376,42.1781],[-110.88659,42.17733],[-110.88862,42.17568],[-110.89013,42.1755]],[[-112.12133,42.26682],[-112.12978,42.26799],[-112.13308,42.27],[-112.1355,42.26966],[-112.13769,42.2707],[-112.13933,42.27051],[-112.14038,42.27269],[-112.14272,42.27398],[-112.14449,42.27277],[-112.15075,42.27106],[-112.15323,42.26879],[-112.15408,42.26674],[-112.15984,42.2668],[-112.16382,42.26436],[-112.16606,42.26398],[-112.17012,42.26641],[-112.17223,42.26936],[-112.17427,42.27015],[-112.17597,42.27295],[-112.17849,42.27445],[-112.18374,42.27389],[-112.18558,42.27525],[-112.18931,42.27219],[-112.19411,42.27147],[-112.2013,42.27217],[-112.20274,42.27377],[-112.21081,42.27691],[-112.21327,42.27602],[-112.21713,42.27699],[-112.22267,42.28176],[-112.22585,42.28212],[-112.23371,42.28075],[-112.23464,42.28225],[-112.23757,42.28336],[-112.23768,42.28498],[-112.24436,42.28482],[-112.24982,42.28711],[-112.25419,42.2868],[-112.25584,42.28795],[-112.25728,42.29035],[-112.26552,42.29134],[-112.26916,42.2925],[-112.27108,42.29169],[-112.27289,42.2897],[-112.27878,42.28895],[-112.28153,42.29265],[-112.28598,42.29435],[-112.28579,42.29624],[-112.28753,42.29903],[-112.28645,42.30144],[-112.28751,42.30348],[-112.29151,42.30474]],[[-112.0693,42.18864],[-112.06914,42.1911],[-112.07003,42.19237],[-112.06874,42.19392],[-112.06879,42.19492],[-112.07061,42.19502],[-112.07298,42.19711],[-112.07192,42.19815],[-112.07201,42.19932],[-112.07026,42.20254],[-112.06876,42.20321],[-112.06609,42.20606],[-112.0608,42.2088],[-112.06192,42.21369],[-112.06737,42.22383],[-112.06769,42.2256],[-112.06913,42.22739],[-112.0691,42.22908],[-112.07017,42.23085],[-112.07027,42.23235],[-112.07253,42.2349],[-112.07467,42.23607],[-112.07432,42.23908],[-112.07525,42.24105],[-112.07669,42.24292],[-112.08436,42.24693],[-112.08628,42.25099],[-112.08794,42.25227],[-112.08987,42.25543],[-112.09043,42.2573],[-112.09354,42.26031],[-112.09397,42.26304],[-112.09666,42.26399],[-112.0963,42.26732],[-112.0979,42.26953]],[[-112.0802,42.17851],[-112.07951,42.18039],[-112.07671,42.18336],[-112.07603,42.18491],[-112.07334,42.18622],[-112.07088,42.18649],[-112.0693,42.18864]],[[-111.76551,42.11133],[-111.76721,42.11055],[-111.7695,42.10757],[-111.77164,42.10592],[-111.77355,42.10603],[-111.77452,42.10539],[-111.77575,42.10376],[-111.77605,42.10192],[-111.77901,42.09976],[-111.77835,42.09701],[-111.78,42.09645],[-111.78039,42.09447],[-111.78155,42.09275],[-111.78388,42.09093],[-111.78739,42.09022],[-111.78816,42.08916],[-111.79133,42.08897],[-111.79316,42.0852],[-111.79203,42.08283],[-111.79257,42.07826],[-111.79347,42.07656],[-111.79701,42.07668],[-111.80018,42.07413],[-111.80265,42.07337],[-111.80291,42.07173],[-111.80212,42.06966],[-111.80293,42.06535],[-111.80203,42.05927],[-111.80447,42.05701],[-111.81008,42.05423],[-111.81312,42.0507],[-111.81581,42.04993],[-111.81566,42.04779],[-111.81756,42.04207],[-111.82014,42.03965],[-111.82144,42.03665],[-111.82492,42.03511],[-111.8266,42.03272],[-111.82545,42.02571],[-111.82699,42.0222],[-111.83209,42.02039],[-111.83296,42.01804],[-111.83581,42.01686],[-111.83507,42.01545],[-111.8352,42.01353],[-111.83766,42.00881],[-111.8384,42.004],[-111.83759,42.00219],[-111.8385,42.00067],[-111.83752,41.9919],[-111.83824,41.98921]],[[-111.69177,42.00145],[-111.69206,42.0023],[-111.69959,42.00559],[-111.69539,42.00808],[-111.69437,42.01084],[-111.6947,42.01263],[-111.69857,42.01474],[-111.70006,42.01458],[-111.70957,42.01679],[-111.71909,42.01569],[-111.73016,42.0216],[-111.7374,42.02325],[-111.74888,42.02463],[-111.75144,42.02642],[-111.7539,42.02713],[-111.75678,42.02714],[-111.75998,42.02549],[-111.76597,42.02698],[-111.77806,42.02727],[-111.78461,42.0267],[-111.78774,42.02727]],[[-112.16131,42.16799],[-112.15925,42.16823],[-112.15793,42.16935],[-112.15358,42.1688],[-112.15104,42.16659],[-112.14651,42.16784],[-112.1453,42.16633],[-112.14175,42.1656],[-112.14112,42.16441],[-112.13642,42.16412],[-112.13545,42.16178],[-112.1342,42.16123],[-112.13273,42.16148],[-112.13172,42.16345],[-112.12836,42.16422],[-112.12268,42.1639],[-112.12222,42.16268],[-112.12031,42.16249],[-112.11921,42.16555],[-112.11776,42.16669],[-112.11719,42.16866],[-112.11521,42.16985],[-112.11311,42.17407],[-112.11094,42.17663],[-112.10524,42.18101],[-112.10263,42.17999],[-112.0983,42.18014],[-112.09483,42.17925],[-112.08585,42.18066],[-112.08196,42.1787],[-112.0802,42.17851]],[[-112.11332,42.26925],[-112.11703,42.26633],[-112.12013,42.26637]],[[-112.1657,42.09536],[-112.16428,42.09685],[-112.16363,42.10188],[-112.16218,42.10242],[-112.16197,42.10335],[-112.16234,42.10445],[-112.16537,42.10719],[-112.16505,42.1102],[-112.16657,42.11229],[-112.16834,42.121],[-112.16742,42.12212],[-112.16408,42.1233],[-112.16224,42.12592],[-112.16314,42.1267],[-112.16369,42.13268],[-112.16519,42.1345],[-112.16519,42.13745],[-112.16201,42.14185],[-112.16326,42.14373],[-112.16503,42.14455],[-112.16576,42.14666],[-112.16824,42.1478],[-112.1666,42.15001],[-112.16172,42.1507],[-112.16203,42.1536],[-112.16101,42.15745],[-112.16404,42.16627],[-112.16333,42.16754],[-112.16131,42.16799]],[[-111.90691,42.04956],[-111.90685,42.04841],[-111.90542,42.04622],[-111.90646,42.04183],[-111.90522,42.0378],[-111.90688,42.03493],[-111.90713,42.03324],[-111.90526,42.02963],[-111.9053,42.02846],[-111.9061,42.02755],[-111.9107,42.02754],[-111.91585,42.02639],[-111.91816,42.02439],[-111.91893,42.02245],[-111.92165,42.02233],[-111.92367,42.02383],[-111.92487,42.02387]],[[-111.86308,41.9907],[-111.8623,41.99721],[-111.86307,42.00062],[-111.8646,42.00305],[-111.87573,42.0093],[-111.88326,42.00962],[-111.89062,42.01356],[-111.89499,42.01403],[-111.89695,42.01546],[-111.9037,42.02302],[-111.90395,42.02363],[-111.90223,42.02621],[-111.90063,42.02634],[-111.89895,42.02744],[-111.8985,42.02987],[-111.8956,42.03313],[-111.89386,42.0423],[-111.89635,42.04626],[-111.90156,42.04675],[-111.90691,42.04956]],[[-112.12133,42.26682],[-112.12652,42.2657],[-112.13038,42.26397],[-112.13532,42.26334],[-112.13597,42.26222],[-112.13917,42.26279],[-112.14047,42.26449],[-112.14166,42.26358],[-112.14412,42.26344],[-112.14888,42.26127],[-112.15043,42.25968],[-112.15544,42.25902],[-112.15841,42.25535],[-112.16276,42.25506],[-112.16459,42.25552],[-112.16489,42.25301],[-112.16765,42.25244],[-112.17202,42.25044],[-112.17297,42.2489],[-112.17578,42.24733],[-112.17954,42.24876],[-112.18164,42.24873],[-112.18532,42.25086],[-112.19162,42.25064],[-112.19398,42.24969],[-112.19854,42.24913],[-112.20199,42.24664],[-112.20213,42.24544],[-112.20566,42.24428],[-112.21091,42.2452],[-112.21269,42.2421],[-112.2162,42.24013],[-112.21806,42.23619],[-112.21979,42.23537],[-112.22793,42.235],[-112.23027,42.23395],[-112.23792,42.22543],[-112.24541,42.21994],[-112.24893,42.21006],[-112.24889,42.20485],[-112.24669,42.19928],[-112.24731,42.19612],[-112.24325,42.19145],[-112.24308,42.18723],[-112.247,42.18376],[-112.25221,42.1769],[-112.25456,42.17242],[-112.25531,42.16533],[-112.25911,42.15819],[-112.25906,42.15659],[-112.25552,42.15038],[-112.256,42.14855],[-112.25777,42.1465],[-112.25768,42.13186],[-112.25706,42.12971],[-112.25418,42.12804],[-112.25323,42.12677],[-112.25277,42.11571],[-112.25306,42.11476],[-112.25662,42.11138],[-112.2588,42.10673]],[[-111.99765,42.0184],[-112.0024,42.0137],[-112.00699,42.01041],[-112.01224,42.00454],[-112.0131,42.00124],[-112.01123,42.00036],[-112.01103,41.99945],[-112.0127,41.99604],[-112.01292,41.9919],[-112.01145,41.98949]],[[-111.99765,42.0184],[-111.99696,42.02123],[-111.99277,42.0276],[-111.99314,42.02908],[-111.9925,42.0302],[-111.99854,42.02972],[-112.00204,42.03093],[-112.01012,42.03159],[-112.01652,42.03469],[-112.01874,42.03513],[-112.02362,42.03425],[-112.02628,42.03673],[-112.03172,42.03999],[-112.03593,42.04062],[-112.03812,42.0416],[-112.04324,42.04636],[-112.05071,42.04542],[-112.05193,42.04592],[-112.054,42.04827],[-112.06021,42.04728],[-112.06131,42.04861],[-112.0666,42.05005],[-112.07097,42.04984],[-112.07942,42.05226],[-112.08264,42.05157],[-112.08599,42.05247],[-112.08817,42.05211],[-112.09267,42.05457],[-112.09813,42.05486],[-112.10229,42.05578],[-112.10507,42.05558],[-112.10829,42.05753],[-112.10839,42.05965],[-112.11027,42.06077],[-112.11407,42.06133],[-112.12074,42.05974],[-112.1217,42.05886],[-112.12914,42.05995],[-112.13351,42.05749],[-112.13521,42.05193],[-112.13943,42.0509],[-112.14205,42.05163]],[[-112.14205,42.05163],[-112.14272,42.05299],[-112.14816,42.05198],[-112.14946,42.04962],[-112.1515,42.0477]],[[-111.63199,42.5466],[-111.63026,42.55029],[-111.63077,42.55216],[-111.62971,42.55379],[-111.63178,42.55766],[-111.63365,42.55904],[-111.63442,42.56105],[-111.63447,42.56253],[-111.63287,42.56514],[-111.63397,42.56652],[-111.63446,42.56919],[-111.63877,42.57357],[-111.64031,42.57394],[-111.64207,42.57545],[-111.64533,42.57965],[-111.65089,42.58403],[-111.65049,42.58709],[-111.65207,42.58929],[-111.65196,42.59119],[-111.6552,42.59517],[-111.65573,42.59844],[-111.66027,42.6034],[-111.66274,42.6048],[-111.66436,42.60755],[-111.66474,42.61078],[-111.66685,42.61731],[-111.66639,42.61834]],[[-112.01145,41.98949],[-112.01213,41.9884],[-112.01479,41.98768],[-112.01746,41.98795],[-112.01903,41.98611],[-112.02268,41.98606],[-112.02546,41.98498],[-112.03069,41.98554],[-112.03483,41.9838],[-112.04904,41.98843],[-112.05198,41.98808],[-112.05289,41.98681],[-112.05638,41.98527],[-112.06181,41.98434],[-112.06262,41.98918],[-112.0624,42.0002],[-112.06337,42.00213],[-112.06231,42.00384],[-112.063,42.00719],[-112.06185,42.00883],[-112.06084,42.01325],[-112.05847,42.01791],[-112.05888,42.02077],[-112.06071,42.02262],[-112.06517,42.0226],[-112.06742,42.02405],[-112.0716,42.02519],[-112.07365,42.02505],[-112.07619,42.02767],[-112.08407,42.02838],[-112.08585,42.03006],[-112.08985,42.03041],[-112.09259,42.02854],[-112.09538,42.02878],[-112.09976,42.02807],[-112.10348,42.03013],[-112.1063,42.03058],[-112.10796,42.03174],[-112.10857,42.03317],[-112.11108,42.03298],[-112.116,42.03436],[-112.11788,42.03594],[-112.12671,42.03396],[-112.12934,42.03426],[-112.13237,42.03321],[-112.13636,42.0367],[-112.13729,42.04046],[-112.14178,42.04345],[-112.14127,42.04723],[-112.14205,42.05163]],[[-111.7441,42.63649],[-111.74217,42.63421],[-111.74161,42.63158],[-111.74207,42.62899],[-111.74268,42.62807],[-111.74395,42.62783],[-111.74507,42.62554],[-111.74843,42.62545],[-111.75009,42.62327],[-111.7495,42.62057],[-111.74985,42.61893],[-111.75304,42.61735],[-111.7532,42.61602],[-111.75551,42.61263],[-111.75997,42.61099],[-111.76297,42.61068],[-111.76698,42.60626],[-111.76936,42.60552],[-111.77007,42.6037],[-111.77293,42.60398],[-111.77587,42.6033],[-111.77871,42.60133],[-111.78056,42.60089],[-111.78125,42.59976],[-111.78349,42.59855],[-111.78487,42.59419],[-111.78954,42.59345],[-111.79429,42.5906],[-111.80357,42.58958],[-111.80916,42.59016],[-111.81378,42.58985],[-111.81641,42.58767],[-111.81841,42.58723],[-111.81814,42.58483],[-111.81677,42.58382],[-111.8158,42.57853],[-111.81473,42.57691],[-111.81246,42.56874],[-111.81026,42.56655],[-111.80985,42.56477],[-111.80549,42.56029],[-111.8072,42.55618],[-111.80726,42.55446],[-111.80986,42.55328],[-111.81016,42.55137],[-111.80896,42.54893],[-111.81118,42.54462],[-111.81014,42.541],[-111.81085,42.53886],[-111.81014,42.53758],[-111.8085,42.53674],[-111.80802,42.53474],[-111.80611,42.53471],[-111.80544,42.5309],[-111.80639,42.52805],[-111.80572,42.52643],[-111.80208,42.52404],[-111.8053,42.52108],[-111.80522,42.51978],[-111.80417,42.51741],[-111.79835,42.51037],[-111.79816,42.50648],[-111.79619,42.50452],[-111.79447,42.5049],[-111.7946,42.5027],[-111.79246,42.50158],[-111.79338,42.50076],[-111.7953,42.50048],[-111.79663,42.50077],[-111.7973,42.50179],[-111.79915,42.50203],[-111.80742,42.5009],[-111.81084,42.50102]],[[-111.93063,42.52223],[-111.92777,42.52058],[-111.92303,42.51534],[-111.91817,42.51339],[-111.91784,42.50675],[-111.91684,42.5057],[-111.91315,42.50571],[-111.91062,42.50415],[-111.90884,42.50209],[-111.90848,42.50127],[-111.90895,42.50076],[-111.90555,42.49524],[-111.9011,42.49101],[-111.89714,42.49005],[-111.89796,42.48749],[-111.89725,42.48622],[-111.89361,42.48144],[-111.89037,42.47971]],[[-112.16131,42.16799],[-112.16286,42.16908],[-112.16297,42.17126],[-112.16428,42.1726],[-112.16905,42.17139],[-112.17058,42.17253],[-112.17258,42.17237],[-112.17498,42.17481],[-112.17637,42.17528],[-112.17733,42.17929],[-112.17893,42.18025],[-112.18058,42.18275],[-112.18168,42.18307],[-112.18101,42.18532],[-112.18539,42.18649],[-112.19024,42.18614],[-112.1907,42.18739],[-112.18995,42.19118],[-112.19111,42.19338],[-112.19051,42.19561],[-112.19407,42.19796],[-112.19518,42.20136],[-112.19502,42.20288],[-112.19418,42.2034],[-112.19271,42.20284],[-112.18889,42.20392],[-112.18867,42.20534],[-112.1851,42.20773],[-112.18005,42.20725],[-112.17744,42.21003],[-112.17385,42.20997],[-112.16966,42.2118],[-112.16896,42.21507],[-112.16584,42.21623],[-112.16107,42.2225],[-112.15908,42.22803],[-112.15695,42.22876],[-112.15611,42.23711],[-112.14863,42.23996],[-112.14789,42.2427],[-112.14713,42.24329],[-112.14497,42.24295],[-112.1371,42.2442],[-112.13344,42.24953],[-112.12756,42.25293],[-112.12568,42.25586],[-112.12553,42.25934],[-112.12406,42.26052],[-112.12283,42.26335],[-112.12013,42.26637]],[[-110.89013,42.1755],[-110.89037,42.17473],[-110.89303,42.17363],[-110.89676,42.17628],[-110.89942,42.1804],[-110.91004,42.1824],[-110.91183,42.18408],[-110.91886,42.18546],[-110.92304,42.19015],[-110.93166,42.19202],[-110.93308,42.19418],[-110.93936,42.1971],[-110.94514,42.19767],[-110.9465,42.19843],[-110.95287,42.19755],[-110.95698,42.20153],[-110.9607,42.20155],[-110.96143,42.20234],[-110.96512,42.20219],[-110.96832,42.20044]],[[-111.96168,41.89802],[-111.9635,41.8993],[-111.96453,41.90214],[-111.96739,41.90441],[-111.96806,41.90703],[-111.97102,41.9067],[-111.97419,41.91056],[-111.9767,41.91131],[-111.98113,41.90942],[-111.98191,41.9105],[-111.98116,41.91172],[-111.9842,41.91357],[-111.99394,41.91578],[-111.99837,41.92429],[-112.00386,41.92542],[-112.00848,41.92811],[-112.01294,41.92744],[-112.01758,41.92769],[-112.02291,41.93154],[-112.02243,41.93391],[-112.01573,41.94158],[-112.01587,41.9459],[-112.01502,41.94935],[-112.01292,41.95205],[-112.01269,41.95388],[-112.01003,41.95854],[-112.00888,41.96005],[-112.00637,41.96118],[-112.00359,41.96374],[-112.00172,41.96426],[-112.00451,41.96653],[-112.00514,41.96894],[-112.00435,41.96949],[-112.00381,41.97128],[-112.00446,41.97284],[-112.0031,41.97394],[-112.00229,41.9758],[-112.00252,41.97849],[-112.00723,41.98136],[-112.0071,41.98331],[-112.00342,41.98578],[-112.00348,41.98632],[-112.00844,41.98978],[-112.00996,41.99013],[-112.01145,41.98949]],[[-110.83306,42.08804],[-110.82931,42.08895],[-110.8248,42.08862],[-110.82339,42.0877],[-110.81963,42.08768],[-110.81664,42.09015],[-110.81648,42.09328],[-110.81553,42.09276],[-110.814,42.08973],[-110.81277,42.089],[-110.80242,42.08817]],[[-110.86956,41.20591],[-110.87124,41.20565],[-110.87183,41.20479],[-110.87224,41.19959],[-110.8743,41.19581],[-110.87389,41.19381],[-110.8756,41.19191],[-110.87547,41.18991],[-110.8732,41.18408],[-110.87656,41.18031],[-110.87526,41.17909],[-110.87628,41.17714],[-110.87599,41.16808],[-110.87492,41.16438],[-110.87547,41.16136],[-110.87226,41.15853],[-110.86868,41.15748],[-110.86883,41.15588],[-110.86683,41.15446],[-110.86616,41.15299],[-110.86694,41.15148],[-110.86626,41.14841],[-110.86783,41.14487],[-110.87115,41.14136],[-110.87435,41.13594],[-110.87619,41.1304],[-110.87113,41.12232],[-110.86877,41.11345],[-110.86961,41.1122],[-110.87014,41.10842],[-110.87627,41.10157],[-110.87931,41.09519],[-110.88184,41.09316],[-110.88058,41.08812],[-110.88119,41.08432]],[[-110.80453,42.27948],[-110.8155,42.2787],[-110.81599,42.28355],[-110.81434,42.29042],[-110.81476,42.29604],[-110.82055,42.29897],[-110.82322,42.29487],[-110.82757,42.29684],[-110.82943,42.29935],[-110.83117,42.29966],[-110.83041,42.30562],[-110.82783,42.30919],[-110.82722,42.31703],[-110.82649,42.31781],[-110.82665,42.32275],[-110.82781,42.32836],[-110.83126,42.32889],[-110.83215,42.33142],[-110.83236,42.33671],[-110.83679,42.33885],[-110.83846,42.34032],[-110.8395,42.34259],[-110.84203,42.34473],[-110.84438,42.34529],[-110.84769,42.34457],[-110.85092,42.34184],[-110.85148,42.34632],[-110.85068,42.34688],[-110.8501,42.34969],[-110.85137,42.35168],[-110.85201,42.35469],[-110.85333,42.35638],[-110.85504,42.36394],[-110.85671,42.36583],[-110.85819,42.36642],[-110.85968,42.3705],[-110.8621,42.37373],[-110.86001,42.37632]],[[-110.82454,41.22427],[-110.82735,41.22437],[-110.83093,41.22264],[-110.8379,41.22225],[-110.83906,41.22169],[-110.84738,41.22165],[-110.85232,41.22264],[-110.85835,41.21973],[-110.86219,41.21872],[-110.864,41.21901],[-110.86563,41.2201],[-110.86955,41.21991],[-110.87601,41.21518],[-110.87764,41.21245],[-110.87689,41.21184],[-110.87474,41.21214],[-110.87442,41.2092],[-110.86956,41.20591]],[[-110.86956,41.20591],[-110.86854,41.20523],[-110.86873,41.20411],[-110.8676,41.20222],[-110.86722,41.19727],[-110.86505,41.1949],[-110.86501,41.19272],[-110.86263,41.19082],[-110.85928,41.18518],[-110.85749,41.18351],[-110.85657,41.1814],[-110.85688,41.17953],[-110.85203,41.17926],[-110.85072,41.17849],[-110.85253,41.17607],[-110.85143,41.17365],[-110.84493,41.17224],[-110.84204,41.1726],[-110.84023,41.17075],[-110.84029,41.16904],[-110.83533,41.16628],[-110.83497,41.16531],[-110.83254,41.16367],[-110.83034,41.16316],[-110.8273,41.16395],[-110.82642,41.16213],[-110.82714,41.16125],[-110.82134,41.16123],[-110.81159,41.16232],[-110.80766,41.16119],[-110.8047,41.16124],[-110.80184,41.16009],[-110.79846,41.15766],[-110.79691,41.15575],[-110.79621,41.1525],[-110.79731,41.14731]],[[-110.91523,42.31777],[-110.91471,42.32053],[-110.91541,42.32419],[-110.91411,42.32738],[-110.9113,42.32994],[-110.91033,42.33346],[-110.9109,42.33751],[-110.90496,42.33814],[-110.89928,42.34001],[-110.9,42.34581],[-110.89905,42.34804],[-110.8954,42.34946],[-110.8929,42.34863],[-110.89318,42.35589],[-110.89182,42.35739],[-110.89157,42.3589],[-110.89247,42.36256],[-110.88978,42.37995],[-110.8882,42.38434],[-110.88515,42.4044],[-110.88424,42.40706],[-110.88306,42.43064],[-110.88229,42.43481],[-110.8811,42.43669],[-110.88194,42.43962],[-110.88326,42.4411],[-110.88525,42.44215],[-110.88992,42.44193],[-110.88856,42.45064]],[[-111.00042,41.29992],[-110.99787,41.29917],[-110.99249,41.29483],[-110.98689,41.29151],[-110.98183,41.28972],[-110.97893,41.28761],[-110.97376,41.28541],[-110.96996,41.28148],[-110.96336,41.27906],[-110.95813,41.2754],[-110.95291,41.27464],[-110.94784,41.27145],[-110.94583,41.27092],[-110.94077,41.2724],[-110.94046,41.27388],[-110.9386,41.27618],[-110.93518,41.27671],[-110.9341,41.27633],[-110.92856,41.28127],[-110.92739,41.28309],[-110.92603,41.28306],[-110.92561,41.28136],[-110.92084,41.28119],[-110.91791,41.27811],[-110.91316,41.27597],[-110.90701,41.27663],[-110.90626,41.27532],[-110.90371,41.27452],[-110.90225,41.27219],[-110.9001,41.27261],[-110.89719,41.27224],[-110.8955,41.2728],[-110.8915,41.2724],[-110.87952,41.2762],[-110.87383,41.27656],[-110.86284,41.28049],[-110.86025,41.28526],[-110.86308,41.2874],[-110.86308,41.28799],[-110.85675,41.28947],[-110.84759,41.29551]],[[-110.94663,41.09759],[-110.94303,41.10036],[-110.93812,41.10301],[-110.93606,41.10683],[-110.92841,41.11535],[-110.92537,41.11701],[-110.92072,41.11773],[-110.91756,41.12028],[-110.9172,41.12253],[-110.91083,41.12458],[-110.91377,41.12616],[-110.91478,41.12736],[-110.91433,41.12918],[-110.91109,41.13229],[-110.9122,41.13671],[-110.90563,41.14177],[-110.90263,41.14274],[-110.90001,41.14572],[-110.90653,41.1457],[-110.90491,41.14756],[-110.90549,41.14943],[-110.91067,41.15167],[-110.9117,41.15582],[-110.91288,41.15616],[-110.91359,41.15743],[-110.91721,41.16009],[-110.91748,41.16343],[-110.92113,41.16723],[-110.91951,41.1704],[-110.91966,41.17114],[-110.91764,41.17367],[-110.91774,41.17725],[-110.93063,41.17905],[-110.93366,41.17827],[-110.9341,41.17917],[-110.9446,41.17753],[-110.94733,41.18054],[-110.94768,41.18216],[-110.95101,41.18434],[-110.94996,41.18764],[-110.96236,41.18399],[-110.96669,41.1814],[-110.96941,41.18505],[-110.97852,41.18361],[-110.97946,41.18454],[-110.9785,41.18954],[-110.98288,41.1899]],[[-110.83832,41.71284],[-110.83629,41.71548],[-110.83405,41.71597],[-110.82707,41.72143],[-110.82219,41.72123],[-110.81894,41.72024],[-110.81256,41.72203],[-110.80748,41.72158],[-110.80647,41.72211],[-110.80354,41.72604],[-110.79541,41.7284],[-110.77985,41.72879],[-110.7674,41.73232],[-110.75672,41.73344],[-110.744,41.73667],[-110.74312,41.73805],[-110.7421,41.74259],[-110.74053,41.74477],[-110.73863,41.74607],[-110.73785,41.74819],[-110.73088,41.7497],[-110.72507,41.75245],[-110.72423,41.7553],[-110.72064,41.75762],[-110.71716,41.76182],[-110.71679,41.76793],[-110.71533,41.76898],[-110.70951,41.76951],[-110.70772,41.77297],[-110.70542,41.77557],[-110.70601,41.778],[-110.70462,41.78044],[-110.70741,41.78225],[-110.70338,41.78549],[-110.70116,41.79056],[-110.70156,41.79435],[-110.69794,41.79796],[-110.69981,41.80011],[-110.70028,41.80228],[-110.69883,41.80446],[-110.69857,41.80603],[-110.69893,41.80765],[-110.70079,41.81039],[-110.70045,41.81253],[-110.70083,41.81358],[-110.70331,41.8131]],[[-111.00373,42.33053],[-111.00051,42.32121],[-110.99847,42.32079],[-110.99698,42.31874],[-110.99562,42.31799],[-110.99541,42.31398],[-110.99463,42.31295],[-110.9949,42.31055]],[[-110.94567,42.28122],[-110.94499,42.27939],[-110.9499,42.27682],[-110.94881,42.27363],[-110.94946,42.27292],[-110.95065,42.27215],[-110.95359,42.27175],[-110.95662,42.26696],[-110.96297,42.26569],[-110.96618,42.2633],[-110.96794,42.26054],[-110.96815,42.25995],[-110.96617,42.25589],[-110.96517,42.25184],[-110.96547,42.25094],[-110.96437,42.24899],[-110.96313,42.24359],[-110.9679,42.24232],[-110.97066,42.24358],[-110.97456,42.24205],[-110.97735,42.24241],[-110.97914,42.24118],[-110.98736,42.23865],[-110.99602,42.23806],[-110.99676,42.23776],[-110.99725,42.23643],[-110.99595,42.23346],[-110.99594,42.23163]],[[-110.70331,41.8131],[-110.70103,41.81795],[-110.69815,41.82011]],[[-110.83157,41.76807],[-110.8294,41.76702],[-110.82491,41.76841],[-110.81957,41.76796],[-110.81622,41.76942],[-110.80773,41.76898],[-110.80504,41.76949],[-110.80211,41.76856],[-110.79898,41.76868],[-110.79642,41.7676],[-110.7924,41.76751],[-110.7856,41.77043],[-110.77931,41.77408],[-110.77372,41.77571],[-110.76296,41.78268],[-110.7466,41.78434],[-110.74537,41.78582],[-110.74116,41.78662],[-110.73825,41.78912],[-110.73766,41.79115],[-110.73538,41.79309],[-110.7347,41.79556],[-110.73134,41.79706],[-110.72584,41.79808],[-110.72393,41.80115],[-110.7196,41.80257],[-110.7165,41.80594],[-110.71172,41.8087],[-110.71068,41.81128],[-110.70967,41.8122],[-110.70654,41.81216],[-110.70331,41.8131]],[[-110.69815,41.82011],[-110.69599,41.82296],[-110.6913,41.82521],[-110.69076,41.82722],[-110.68293,41.82877],[-110.67985,41.82853],[-110.67608,41.83033],[-110.67545,41.83121],[-110.67604,41.83373],[-110.67397,41.83603],[-110.66959,41.83804],[-110.66755,41.8397],[-110.66415,41.84058],[-110.66195,41.84577],[-110.66209,41.84705],[-110.66326,41.84849],[-110.66904,41.85107],[-110.66967,41.85406],[-110.67296,41.85752],[-110.66951,41.85933],[-110.66865,41.86184],[-110.66689,41.86217],[-110.66453,41.86393],[-110.66105,41.86522],[-110.65631,41.87013],[-110.6504,41.87043],[-110.64751,41.87264],[-110.64664,41.87471],[-110.64284,41.87524],[-110.63997,41.87647]],[[-110.86001,42.37632],[-110.86295,42.3815],[-110.86629,42.38365],[-110.86552,42.38833],[-110.86349,42.39369],[-110.86198,42.39362],[-110.85949,42.39778],[-110.85566,42.4017],[-110.85262,42.40383],[-110.8518,42.40649],[-110.85782,42.40842],[-110.85926,42.4113],[-110.85807,42.41284],[-110.85942,42.41509],[-110.85834,42.41736],[-110.8587,42.4186],[-110.85787,42.42168],[-110.86122,42.42504],[-110.86128,42.42842],[-110.85941,42.44243],[-110.85718,42.4513],[-110.85899,42.45286],[-110.85965,42.45444],[-110.85842,42.46031],[-110.85041,42.47324],[-110.84799,42.47869],[-110.85645,42.48055],[-110.85886,42.48176],[-110.85931,42.48258]],[[-110.99594,42.23163],[-110.99421,42.23023],[-110.99321,42.22634],[-110.99224,42.22508],[-110.99256,42.2223],[-110.98892,42.22131],[-110.98463,42.21732],[-110.98274,42.21187],[-110.98018,42.20693],[-110.97888,42.20677],[-110.97658,42.20488],[-110.97225,42.2038],[-110.96832,42.20044]],[[-110.85367,41.98032],[-110.85497,41.97281],[-110.85872,41.96579],[-110.86087,41.96403],[-110.86497,41.96293],[-110.85959,41.95753],[-110.85851,41.95495],[-110.85761,41.94807],[-110.8523,41.94727],[-110.85,41.94391],[-110.84846,41.93773],[-110.84903,41.93708],[-110.84869,41.93421],[-110.8494,41.92952],[-110.848,41.92073],[-110.84869,41.91391],[-110.84826,41.91052],[-110.8484,41.90846],[-110.84954,41.90635],[-110.84826,41.90284],[-110.84936,41.90141],[-110.85416,41.89809],[-110.86064,41.89638]],[[-110.77411,41.87895],[-110.77621,41.88255],[-110.78032,41.88595],[-110.77777,41.89162],[-110.77132,41.89582],[-110.7649,41.89676],[-110.76292,41.89957],[-110.76461,41.90762],[-110.77335,41.91263],[-110.78017,41.91512],[-110.77991,41.92038],[-110.77804,41.92832],[-110.77938,41.931],[-110.77932,41.93239],[-110.77787,41.93542]],[[-110.86285,41.87067],[-110.86198,41.86556],[-110.86031,41.86264],[-110.86044,41.86053],[-110.85884,41.85939],[-110.85451,41.85823],[-110.85433,41.85596],[-110.85056,41.85351],[-110.84992,41.84982],[-110.85112,41.84757],[-110.85121,41.84355],[-110.8536,41.84024],[-110.85353,41.83946],[-110.85243,41.83856],[-110.8501,41.83824],[-110.84169,41.8295],[-110.83701,41.82906],[-110.83688,41.82704],[-110.83498,41.82514],[-110.83207,41.82596],[-110.8296,41.82508],[-110.82772,41.8228],[-110.82174,41.82567],[-110.82164,41.82716],[-110.81947,41.82961],[-110.81781,41.8294],[-110.81324,41.83069],[-110.81205,41.82969],[-110.80534,41.83156],[-110.80305,41.83346],[-110.80054,41.83453],[-110.79986,41.83577],[-110.79788,41.83696],[-110.79596,41.8372],[-110.79391,41.83867],[-110.79311,41.84037],[-110.79361,41.84325],[-110.79885,41.84859],[-110.80457,41.84883],[-110.81013,41.85065],[-110.80991,41.85147],[-110.80243,41.85468],[-110.80096,41.8574],[-110.80121,41.86053],[-110.7983,41.8647],[-110.79664,41.86608],[-110.7934,41.86697],[-110.7922,41.86836],[-110.79002,41.86944],[-110.79068,41.87123],[-110.78942,41.87168],[-110.78874,41.87277],[-110.78378,41.87534],[-110.77846,41.87613],[-110.77692,41.87799],[-110.77411,41.87895]],[[-110.83306,42.08804],[-110.83301,42.0839],[-110.8343,42.07963],[-110.83259,42.07697],[-110.83265,42.07478],[-110.83854,42.07639],[-110.84186,42.07822],[-110.84631,42.07761],[-110.84813,42.07909],[-110.85151,42.08012],[-110.85268,42.07752],[-110.85474,42.07642],[-110.85874,42.07553],[-110.86342,42.07626],[-110.87336,42.08005],[-110.87832,42.08068],[-110.9,42.08744],[-110.90619,42.08526],[-110.90988,42.08313],[-110.91507,42.08268],[-110.91907,42.08146],[-110.91876,42.07534],[-110.91675,42.07239],[-110.91442,42.06402],[-110.91069,42.06103],[-110.91191,42.05266],[-110.91528,42.05191],[-110.91641,42.05255],[-110.91936,42.05227],[-110.92239,42.05115],[-110.92273,42.04806],[-110.92707,42.04886],[-110.92768,42.04836],[-110.92831,42.04436],[-110.93076,42.04194],[-110.94161,42.04197],[-110.94647,42.0417],[-110.94784,42.04104],[-110.94693,42.04013],[-110.93704,42.03861],[-110.9298,42.03646],[-110.92814,42.03493],[-110.92774,42.03221],[-110.92218,42.03125],[-110.92179,42.02886],[-110.91759,42.02611],[-110.91353,42.02488],[-110.91304,42.02435],[-110.91338,42.02322]],[[-110.80392,42.38579],[-110.80416,42.38395],[-110.80317,42.38281],[-110.79439,42.3797],[-110.7937,42.37755],[-110.7943,42.37479],[-110.79381,42.37023],[-110.78902,42.36899],[-110.78942,42.37027],[-110.78884,42.37292],[-110.77972,42.37731],[-110.76618,42.37908],[-110.76505,42.38041],[-110.76102,42.38142],[-110.75912,42.38026],[-110.75302,42.37879],[-110.74858,42.37894],[-110.7429,42.38036],[-110.74229,42.38099],[-110.74146,42.38595],[-110.73928,42.38944],[-110.73828,42.39306],[-110.73416,42.39569],[-110.73053,42.39933],[-110.73025,42.40076],[-110.72653,42.40327],[-110.72473,42.40334],[-110.72192,42.40102],[-110.71834,42.40009],[-110.71536,42.39842],[-110.71223,42.39821],[-110.7047,42.40285],[-110.70122,42.40361],[-110.70012,42.40595],[-110.69559,42.40858],[-110.69314,42.40928],[-110.69289,42.41059],[-110.69197,42.41147],[-110.68466,42.4164],[-110.68495,42.41796],[-110.68378,42.42469],[-110.6859,42.42911],[-110.69118,42.43132],[-110.69633,42.43466],[-110.69995,42.43802],[-110.70026,42.4398],[-110.70344,42.44303],[-110.69845,42.44211],[-110.69351,42.44373],[-110.69415,42.44577],[-110.69374,42.44866],[-110.68925,42.44942],[-110.68144,42.45797]],[[-110.86001,42.37632],[-110.85852,42.37585],[-110.85514,42.37639],[-110.85355,42.37587],[-110.85098,42.37694],[-110.84673,42.37336],[-110.83545,42.37412],[-110.83282,42.37497],[-110.82574,42.3746],[-110.82517,42.37611],[-110.82608,42.38032],[-110.82291,42.38086],[-110.81939,42.38241],[-110.8112,42.38297],[-110.80791,42.38485],[-110.80392,42.38579]],[[-110.85931,42.48258],[-110.86039,42.48594]],[[-110.88856,42.45064],[-110.88513,42.45373],[-110.88205,42.45468],[-110.87489,42.45864],[-110.87109,42.46344],[-110.8676,42.46557],[-110.86677,42.46736],[-110.86287,42.46866],[-110.86009,42.47449],[-110.85931,42.48258]],[[-110.80392,42.38579],[-110.80277,42.38733],[-110.80298,42.38845],[-110.80182,42.38976],[-110.80229,42.39195],[-110.80145,42.39346],[-110.8022,42.39711],[-110.8011,42.39827],[-110.80083,42.40286],[-110.79988,42.40536],[-110.80028,42.41243],[-110.7985,42.41517],[-110.79749,42.42074],[-110.79619,42.42223],[-110.79554,42.42511],[-110.7968,42.42923],[-110.7964,42.43738],[-110.79517,42.44056],[-110.79288,42.44334],[-110.79131,42.44776],[-110.79278,42.45015],[-110.79103,42.45131],[-110.79135,42.45396],[-110.78934,42.45844],[-110.78853,42.46335],[-110.78627,42.46745],[-110.78514,42.46795],[-110.78387,42.47142],[-110.78417,42.47298],[-110.77863,42.478],[-110.77264,42.47834],[-110.76434,42.48721],[-110.76415,42.48879],[-110.76915,42.49002],[-110.77108,42.4921],[-110.76968,42.4944],[-110.77044,42.49676],[-110.76828,42.50098],[-110.76494,42.50038],[-110.75928,42.50087],[-110.75765,42.50369],[-110.757,42.50388],[-110.7471,42.50476],[-110.74471,42.50425],[-110.74357,42.5098],[-110.73737,42.51198],[-110.73716,42.51424],[-110.73492,42.5206],[-110.72797,42.51927],[-110.72707,42.52133],[-110.72756,42.52304],[-110.72883,42.52405],[-110.72752,42.52929],[-110.72876,42.53402],[-110.72638,42.53601],[-110.72301,42.53756]],[[-110.99477,42.40744],[-110.99314,42.40599],[-110.99429,42.40254],[-110.99401,42.40183],[-110.99122,42.39984]],[[-110.94567,42.28122],[-110.94464,42.2825],[-110.94303,42.28311],[-110.93551,42.28412],[-110.93153,42.28615],[-110.92868,42.2866],[-110.92689,42.28795],[-110.92725,42.29065],[-110.92662,42.29275],[-110.92299,42.29334],[-110.9225,42.29401],[-110.92198,42.29721],[-110.92234,42.29896],[-110.92044,42.30579],[-110.92068,42.31163],[-110.91959,42.31303],[-110.91764,42.31348],[-110.91534,42.31506],[-110.91523,42.31777]],[[-110.89013,42.1755],[-110.88951,42.17712],[-110.88945,42.18272],[-110.89096,42.1857],[-110.89085,42.18818],[-110.8917,42.1907],[-110.89065,42.19558],[-110.89297,42.19794],[-110.89083,42.2005],[-110.89207,42.20349],[-110.89113,42.20908],[-110.88924,42.21221],[-110.88881,42.22719],[-110.8883,42.22947],[-110.88729,42.23045],[-110.88676,42.23495],[-110.88801,42.24323],[-110.89006,42.24576],[-110.8899,42.24978],[-110.89185,42.25266],[-110.89392,42.25776],[-110.89399,42.26564],[-110.89392,42.26667],[-110.89077,42.27117],[-110.88987,42.2765],[-110.89153,42.28252],[-110.89449,42.28633],[-110.89481,42.2888],[-110.8941,42.28963],[-110.89413,42.29148],[-110.89887,42.30581],[-110.90062,42.30817],[-110.90122,42.3104],[-110.9035,42.31237],[-110.90292,42.3132],[-110.90426,42.31705],[-110.90666,42.31931],[-110.90716,42.32355],[-110.91523,42.31777]],[[-110.94084,42.14993],[-110.93884,42.14781],[-110.94057,42.14239],[-110.93797,42.13784],[-110.93583,42.13579],[-110.93452,42.13532],[-110.93069,42.13594],[-110.92876,42.13549],[-110.92635,42.13773],[-110.91912,42.13832],[-110.91579,42.13714],[-110.91532,42.13659],[-110.91583,42.13316],[-110.91357,42.13263],[-110.91327,42.13203],[-110.91642,42.12109],[-110.91852,42.11849],[-110.92774,42.11733],[-110.93173,42.11818],[-110.93099,42.11535],[-110.93198,42.11307],[-110.9318,42.11161],[-110.93485,42.11098],[-110.93384,42.10832],[-110.93405,42.10691],[-110.93854,42.10523],[-110.93821,42.1027],[-110.94,42.10184],[-110.94116,42.10005],[-110.94214,42.09839],[-110.94198,42.09646],[-110.94481,42.09516],[-110.93234,42.09462],[-110.92792,42.09546],[-110.92314,42.09726],[-110.91509,42.09705],[-110.91125,42.09857],[-110.90729,42.09765],[-110.90558,42.09834],[-110.90314,42.09691],[-110.89959,42.09628],[-110.89559,42.09401],[-110.89175,42.09297],[-110.88833,42.09341],[-110.88248,42.09261],[-110.87812,42.09278],[-110.87079,42.09476],[-110.86333,42.10005],[-110.85503,42.10052],[-110.849,42.09916],[-110.848,42.09749],[-110.84342,42.0956],[-110.83944,42.0949],[-110.83871,42.09389],[-110.83602,42.09393],[-110.83407,42.09208],[-110.83284,42.09199],[-110.83306,42.08804]],[[-110.96832,42.20044],[-110.96725,42.19953],[-110.96633,42.19672],[-110.95995,42.18949],[-110.95988,42.18386],[-110.96176,42.18233],[-110.96027,42.18083],[-110.95729,42.174],[-110.95498,42.17031],[-110.95079,42.16783],[-110.95215,42.16123],[-110.95156,42.15864],[-110.94613,42.1554],[-110.94233,42.15214],[-110.94084,42.14993]],[[-110.9949,42.31055],[-110.98894,42.30875],[-110.98742,42.30744],[-110.98249,42.30544],[-110.98044,42.3052],[-110.98012,42.30274],[-110.97657,42.29718],[-110.97192,42.30006],[-110.96643,42.29687],[-110.96329,42.29886],[-110.95788,42.29844],[-110.95472,42.30005],[-110.95387,42.29905],[-110.94991,42.28822],[-110.94567,42.28122]],[[-110.99122,42.39984],[-110.98703,42.40238],[-110.98342,42.40303],[-110.98125,42.40509],[-110.97976,42.40563],[-110.9762,42.40491],[-110.97419,42.40294],[-110.97071,42.4026],[-110.96923,42.40589],[-110.96946,42.40973],[-110.97117,42.41189],[-110.9703,42.41433],[-110.96104,42.41361],[-110.95615,42.4146],[-110.95348,42.41672],[-110.94778,42.41701],[-110.94704,42.42518],[-110.94508,42.4258],[-110.94408,42.42716],[-110.94111,42.42888],[-110.94071,42.42989],[-110.93761,42.43019],[-110.93499,42.43704],[-110.93122,42.43745],[-110.93058,42.43938],[-110.92968,42.43962],[-110.92866,42.44245],[-110.92806,42.44828],[-110.92691,42.45127],[-110.92757,42.45293],[-110.9272,42.45493],[-110.9171,42.45588],[-110.91422,42.45429],[-110.90942,42.45382],[-110.90642,42.45465],[-110.90279,42.4543],[-110.89927,42.45498],[-110.8912,42.45253],[-110.89044,42.45213],[-110.89044,42.4512],[-110.88856,42.45064]],[[-110.86542,41.05046],[-110.87528,41.05999],[-110.87902,41.06165],[-110.88165,41.06506],[-110.8783,41.0691],[-110.88011,41.07048],[-110.88049,41.07211],[-110.88188,41.07383],[-110.87896,41.0793],[-110.87952,41.08266],[-110.88119,41.08432]],[[-110.85835,41.74226],[-110.85836,41.74335],[-110.85676,41.74565],[-110.85231,41.74874],[-110.8523,41.7508],[-110.84814,41.75578],[-110.84571,41.75697],[-110.83531,41.75872],[-110.83724,41.76122],[-110.83733,41.76228],[-110.83241,41.76535],[-110.83157,41.76807]],[[-111.79573,41.74518],[-111.78746,41.74752],[-111.78259,41.74764],[-111.77868,41.74926],[-111.77433,41.74935],[-111.77269,41.75008],[-111.77127,41.75343],[-111.76492,41.75511],[-111.76247,41.75827],[-111.76033,41.75991]],[[-111.88742,41.74394],[-111.86669,41.74308],[-111.84871,41.74438],[-111.83903,41.74234],[-111.83053,41.74267],[-111.81762,41.74134],[-111.81525,41.74212],[-111.81413,41.74132],[-111.81036,41.74165],[-111.80746,41.74091],[-111.80342,41.74314],[-111.79787,41.74411],[-111.79573,41.74518]],[[-112.08833,41.58306],[-112.0937,41.58291],[-112.09415,41.58467],[-112.09315,41.58583],[-112.0934,41.58723],[-112.09472,41.58833],[-112.10196,41.5909],[-112.10514,41.59269]],[[-111.9787,41.45988],[-111.97878,41.46064],[-111.97654,41.46385],[-111.97269,41.46486],[-111.97089,41.46734],[-111.97107,41.4703],[-111.97185,41.47128],[-111.97382,41.47248],[-111.97574,41.47276],[-111.97477,41.47458],[-111.97513,41.4801],[-111.9742,41.48268],[-111.97793,41.48772],[-111.98121,41.48915],[-111.98245,41.49246],[-111.98563,41.49543],[-111.99459,41.49936],[-112.0008,41.50131],[-111.99918,41.50443],[-111.99587,41.50607],[-111.99327,41.50641],[-111.99186,41.50532],[-111.98883,41.50526],[-111.97542,41.5069],[-111.97173,41.50641],[-111.96931,41.50856],[-111.96921,41.51157],[-111.97256,41.51336],[-111.97264,41.5153],[-111.9695,41.51585],[-111.96879,41.51799],[-111.96919,41.51999],[-111.97235,41.52634],[-111.97216,41.52833],[-111.97419,41.53012],[-111.97756,41.53086],[-111.98082,41.53077],[-111.98156,41.53129],[-111.98186,41.53395]],[[-110.9231,41.09397],[-110.92441,41.09435],[-110.92671,41.09149],[-110.93268,41.08882],[-110.9348,41.08714],[-110.94198,41.08489]],[[-110.9476,41.61946],[-110.94416,41.62016],[-110.94261,41.621],[-110.94079,41.62332],[-110.93534,41.62517],[-110.93258,41.62262],[-110.93058,41.61947],[-110.92781,41.61767],[-110.9241,41.61664],[-110.92128,41.61683]],[[-112.01361,41.64418],[-112.0184,41.64366],[-112.02179,41.6441],[-112.02789,41.64313],[-112.0327,41.64458],[-112.03824,41.64443],[-112.04496,41.64264],[-112.04854,41.64029],[-112.04918,41.63841],[-112.05207,41.63553],[-112.05398,41.63177],[-112.05752,41.63033],[-112.06275,41.62962],[-112.06886,41.62694],[-112.07573,41.62267],[-112.0761,41.62075],[-112.0806,41.61818],[-112.08279,41.61581],[-112.08371,41.61374],[-112.08405,41.60864],[-112.08265,41.60116],[-112.08281,41.59852],[-112.08588,41.5857],[-112.08669,41.58407],[-112.08833,41.58306]],[[-112.17189,41.59554],[-112.17911,41.59116],[-112.18325,41.58686],[-112.18482,41.58364],[-112.1846,41.58045],[-112.19981,41.57645],[-112.20706,41.56617],[-112.21646,41.56209],[-112.2192,41.5602],[-112.22115,41.55775],[-112.22358,41.55686],[-112.23112,41.559],[-112.23428,41.55905],[-112.23352,41.56046],[-112.23034,41.563],[-112.22751,41.56425],[-112.22595,41.57035],[-112.22289,41.57258],[-112.22049,41.57607],[-112.2208,41.57843],[-112.22259,41.58183],[-112.22313,41.58458],[-112.22662,41.58648],[-112.22709,41.58774],[-112.22976,41.58944],[-112.2327,41.5927],[-112.23055,41.59821],[-112.22906,41.60009],[-112.22937,41.60102],[-112.2278,41.60195]],[[-111.95885,41.43236],[-111.96242,41.43288],[-111.96431,41.43454],[-111.96468,41.43646],[-111.96642,41.43771],[-111.96665,41.44014],[-111.96784,41.44089],[-111.96845,41.44294],[-111.96588,41.44557],[-111.96662,41.44929],[-111.96781,41.4513],[-111.97407,41.45523],[-111.97473,41.45709],[-111.97742,41.45835],[-111.9787,41.45988]],[[-110.84732,41.70829],[-110.84456,41.70998],[-110.83929,41.71141],[-110.83832,41.71284]],[[-110.83832,41.71284],[-110.84282,41.71695],[-110.84296,41.71849],[-110.84205,41.72073],[-110.84281,41.72547],[-110.84204,41.72754],[-110.84356,41.73122],[-110.84482,41.73196],[-110.84775,41.73203],[-110.84852,41.73508],[-110.85077,41.73591],[-110.85224,41.73752],[-110.85592,41.73797],[-110.85746,41.73894],[-110.85775,41.74159],[-110.85835,41.74226]],[[-110.88566,41.86569],[-110.88678,41.86633],[-110.891,41.86507],[-110.89783,41.86591],[-110.90122,41.86357],[-110.90433,41.86265],[-110.90558,41.86333],[-110.90694,41.86319],[-110.91392,41.85889],[-110.91982,41.85775],[-110.92312,41.85306],[-110.92787,41.8508],[-110.93272,41.84926],[-110.93538,41.8497]],[[-111.9787,41.45988],[-111.98038,41.45928],[-111.98313,41.45982],[-111.9904,41.45975],[-111.99597,41.46129],[-112.00041,41.45824],[-112.00336,41.45805],[-112.00585,41.45697],[-112.00959,41.45695],[-112.01102,41.45821],[-112.01365,41.45913],[-112.01722,41.4578],[-112.02569,41.45882],[-112.03041,41.45835],[-112.03194,41.45768],[-112.03281,41.4563],[-112.03565,41.45588],[-112.04085,41.4579],[-112.0449,41.45852],[-112.07349,41.45891],[-112.07802,41.46015],[-112.08325,41.46569],[-112.09061,41.47105],[-112.0925,41.47463],[-112.09348,41.47818],[-112.09347,41.48086],[-112.09228,41.48427],[-112.09303,41.49074],[-112.09375,41.49218],[-112.09597,41.49397],[-112.09638,41.49523],[-112.09451,41.50043],[-112.09195,41.50253],[-112.08717,41.50998],[-112.08259,41.51418],[-112.08007,41.51761],[-112.07769,41.52565],[-112.07347,41.53215],[-112.07318,41.53418],[-112.07356,41.5386],[-112.07812,41.558],[-112.07824,41.56379],[-112.08331,41.57234],[-112.08833,41.58306]],[[-111.11378,41.62885],[-111.11013,41.63042],[-111.10961,41.63322],[-111.1084,41.63483],[-111.108,41.63879],[-111.10289,41.64561],[-111.10084,41.65092],[-111.09899,41.65039],[-111.09662,41.65101],[-111.09543,41.65254],[-111.09648,41.65404],[-111.0931,41.65578],[-111.09198,41.65853],[-111.08159,41.6605],[-111.07945,41.6617],[-111.07749,41.66037],[-111.07736,41.65905],[-111.07568,41.65887],[-111.07087,41.6595],[-111.06514,41.66172],[-111.06044,41.66145],[-111.05932,41.66233],[-111.05955,41.66569],[-111.05147,41.67487],[-111.05113,41.67742]],[[-111.05579,41.77028],[-111.05949,41.77045],[-111.06069,41.77134],[-111.06149,41.77264],[-111.06182,41.77693],[-111.06469,41.77973],[-111.06527,41.78179],[-111.06364,41.78194],[-111.06009,41.78383],[-111.0482,41.78175],[-111.04344,41.78007],[-111.03777,41.7797],[-111.02804,41.77762],[-111.02381,41.77225],[-111.01962,41.76828],[-111.01061,41.76275],[-111.00519,41.7602],[-111.00116,41.75982],[-110.99809,41.75773],[-110.99738,41.75514],[-110.99371,41.75593],[-110.99109,41.75774],[-110.99039,41.75968],[-110.98718,41.76278],[-110.98735,41.76642],[-110.98632,41.76923],[-110.98279,41.77054],[-110.97948,41.77007]],[[-111.05113,41.67742],[-111.04833,41.677],[-111.04316,41.67047],[-111.03963,41.6702],[-111.03712,41.66908],[-111.03448,41.66963],[-111.02843,41.66729],[-111.02641,41.66725],[-111.02272,41.66523],[-111.02206,41.66411],[-111.0158,41.66202],[-111.0109,41.66072],[-111.00565,41.66039],[-111.00316,41.65845],[-110.99949,41.65731],[-110.99639,41.65521],[-110.99142,41.65461],[-110.99089,41.65538],[-110.98799,41.65648],[-110.98702,41.66024],[-110.98383,41.66023],[-110.97851,41.65637],[-110.97593,41.65316],[-110.9719,41.6522],[-110.97192,41.6511],[-110.96789,41.64631],[-110.96211,41.64502],[-110.96016,41.64126],[-110.95575,41.63919],[-110.95363,41.63699],[-110.95184,41.63186],[-110.94701,41.63147],[-110.94589,41.62889],[-110.94547,41.62509],[-110.9476,41.61946]],[[-110.88566,41.86569],[-110.88183,41.86638],[-110.87878,41.86803],[-110.87679,41.86774],[-110.87394,41.86848],[-110.87081,41.8703],[-110.86285,41.87067]],[[-110.86285,41.87067],[-110.86175,41.87131],[-110.86156,41.87237],[-110.86226,41.87502],[-110.86175,41.87769],[-110.86306,41.88174],[-110.86128,41.88618],[-110.86309,41.88768],[-110.8635,41.89219],[-110.86064,41.89638]],[[-111.05579,41.77028],[-111.05115,41.76933],[-111.04429,41.77096],[-111.03643,41.77147],[-111.03457,41.77102],[-111.032,41.76893],[-111.02977,41.7648],[-111.02766,41.7624],[-111.02426,41.76036],[-111.01912,41.75391],[-111.01723,41.75039],[-111.01446,41.7473],[-111.01371,41.74255],[-111.01257,41.74007],[-111.01391,41.73722],[-111.01707,41.73411],[-111.01761,41.73275],[-111.02204,41.73116],[-111.02193,41.7294],[-111.0255,41.72276],[-111.03412,41.71978],[-111.03447,41.71744],[-111.03631,41.7151],[-111.0421,41.71003],[-111.0441,41.70559],[-111.04346,41.704],[-111.04379,41.70226],[-111.0496,41.69588],[-111.04793,41.69258],[-111.05143,41.68971],[-111.05284,41.68542],[-111.05517,41.68229],[-111.05455,41.68043],[-111.05113,41.67742]],[[-111.24594,41.75019],[-111.23015,41.74941],[-111.21957,41.74955],[-111.21454,41.75193],[-111.20779,41.75193],[-111.202,41.75496],[-111.19686,41.75583],[-111.1955,41.75673],[-111.19507,41.75842],[-111.19386,41.75921],[-111.17953,41.75936],[-111.17455,41.76331],[-111.17318,41.76259],[-111.16445,41.7611],[-111.16361,41.7603],[-111.15904,41.76031],[-111.15828,41.76118],[-111.15631,41.76173],[-111.15368,41.7644],[-111.1473,41.76377],[-111.14212,41.76473],[-111.13665,41.76434],[-111.13529,41.76503],[-111.13603,41.76626],[-111.13572,41.76673],[-111.12597,41.76795],[-111.12292,41.76781],[-111.11972,41.76621],[-111.11651,41.76685],[-111.11416,41.76645],[-111.11346,41.76525],[-111.10331,41.76384],[-111.10011,41.76513],[-111.08604,41.76501],[-111.08225,41.76644],[-111.07696,41.76567],[-111.07095,41.7661],[-111.06055,41.76786],[-111.05826,41.76852],[-111.05579,41.77028]],[[-111.06037,41.82552],[-111.0549,41.82441]],[[-110.83157,41.76807],[-110.83421,41.76973],[-110.83484,41.77081],[-110.83914,41.77094],[-110.84241,41.77283],[-110.84798,41.78076],[-110.84928,41.78429],[-110.8474,41.78725],[-110.84579,41.79226],[-110.84445,41.79334],[-110.84349,41.79548],[-110.84241,41.79541],[-110.84115,41.79682],[-110.84195,41.79901],[-110.84377,41.79924],[-110.84889,41.79765],[-110.84977,41.79795],[-110.85253,41.79997],[-110.85408,41.80434],[-110.85948,41.80812],[-110.86183,41.80839],[-110.86717,41.80765],[-110.87632,41.81227],[-110.88061,41.81194],[-110.88423,41.81281],[-110.88595,41.81234],[-110.88822,41.81502],[-110.8875,41.81592],[-110.88803,41.81708],[-110.88946,41.81783],[-110.89225,41.81806],[-110.89453,41.82109],[-110.89832,41.82196],[-110.8902,41.82201],[-110.88862,41.82256],[-110.88613,41.82486],[-110.8853,41.82789],[-110.88239,41.83085],[-110.88236,41.83285],[-110.8814,41.83505],[-110.88207,41.84154],[-110.88475,41.84711],[-110.88313,41.85334],[-110.88449,41.85431],[-110.88673,41.85469],[-110.8921,41.85782],[-110.89049,41.86136],[-110.88799,41.86148],[-110.88482,41.86338],[-110.88566,41.86569]],[[-110.93538,41.8497],[-110.94399,41.85111],[-110.94691,41.84937],[-110.9583,41.8518],[-110.96052,41.85095],[-110.96155,41.84986],[-110.96498,41.83515],[-110.96992,41.82841],[-110.97073,41.82551],[-110.97391,41.82026],[-110.9741,41.8186],[-110.97695,41.81838],[-110.98134,41.81496],[-110.98533,41.81362],[-110.98821,41.81339],[-110.99231,41.81451],[-110.99845,41.8148],[-111.00724,41.81349],[-111.01278,41.81373],[-111.01878,41.81234],[-111.0336,41.81354],[-111.03613,41.81559],[-111.03949,41.81707],[-111.04067,41.8184],[-111.04621,41.8206],[-111.04895,41.82281],[-111.0549,41.82441]],[[-111.89333,41.89339],[-111.90086,41.88888],[-111.90572,41.88953],[-111.90878,41.89202],[-111.91331,41.90129],[-111.91821,41.9035],[-111.92517,41.90341],[-111.93011,41.90608],[-111.94399,41.90677],[-111.95285,41.90625],[-111.95639,41.90501],[-111.95833,41.90113],[-111.95836,41.89935],[-111.96168,41.89802]],[[-110.79731,41.14731],[-110.79882,41.14346],[-110.79897,41.14068],[-110.80165,41.13728],[-110.80137,41.13499],[-110.80551,41.12849],[-110.8077,41.12755]],[[-110.97948,41.77007],[-110.97381,41.76827],[-110.97369,41.7649],[-110.97129,41.76397],[-110.97078,41.76272],[-110.9687,41.76114],[-110.96868,41.75922],[-110.9672,41.75785],[-110.96575,41.7548],[-110.96164,41.75165],[-110.96229,41.74866],[-110.96029,41.74735],[-110.95966,41.7455],[-110.95717,41.74317],[-110.95315,41.74396],[-110.95236,41.74609],[-110.95098,41.74701],[-110.94421,41.74494],[-110.93841,41.74677],[-110.93227,41.74713],[-110.92822,41.74593],[-110.92688,41.74288],[-110.92466,41.74018],[-110.92389,41.74021],[-110.92238,41.74103],[-110.91959,41.74456],[-110.91826,41.75126],[-110.91502,41.754],[-110.91306,41.75475],[-110.91201,41.75063],[-110.91008,41.74999],[-110.90191,41.74975],[-110.89741,41.74806],[-110.89539,41.74674],[-110.89552,41.74157],[-110.89283,41.74137],[-110.88659,41.73845],[-110.88538,41.73894],[-110.87504,41.73901],[-110.87038,41.73777],[-110.86758,41.7396],[-110.8652,41.73976],[-110.85835,41.74226]],[[-110.9231,41.09397],[-110.92337,41.09251],[-110.92128,41.09102],[-110.9209,41.08867],[-110.91676,41.08101],[-110.91605,41.0765],[-110.91322,41.07129],[-110.90938,41.06762],[-110.90532,41.06527],[-110.90374,41.063],[-110.90011,41.06005],[-110.89971,41.05143],[-110.89543,41.04711],[-110.89461,41.04326],[-110.89316,41.04106],[-110.89282,41.03621],[-110.88998,41.03228],[-110.88716,41.02533],[-110.88122,41.01786],[-110.87772,41.01642],[-110.8759,41.01425],[-110.87322,41.00889],[-110.87108,41.00771],[-110.87018,41.00565],[-110.86778,41.00361],[-110.86287,40.99562],[-110.8622,40.99269],[-110.85927,40.98953],[-110.85782,40.98295],[-110.85414,40.97558],[-110.84512,40.96469],[-110.84322,40.9606],[-110.84267,40.95543],[-110.84085,40.95248],[-110.83976,40.94544],[-110.83621,40.94214],[-110.8347,40.93711],[-110.83275,40.93657],[-110.83096,40.93505],[-110.829,40.93483],[-110.82722,40.93246],[-110.82714,40.93075],[-110.82424,40.92913],[-110.82122,40.92531],[-110.8138,40.92469],[-110.8118,40.923],[-110.80991,40.9249],[-110.80844,40.92426],[-110.80542,40.92452],[-110.80425,40.92331],[-110.80148,40.92366],[-110.79897,40.92233],[-110.79948,40.92053],[-110.79874,40.91877],[-110.79747,40.91813],[-110.79868,40.91558],[-110.79819,40.91292],[-110.80045,40.91063],[-110.79948,40.90862],[-110.80119,40.90675],[-110.79992,40.90524],[-110.79951,40.9011]],[[-111.0549,41.82441],[-111.05488,41.82211],[-111.05588,41.82001],[-111.05364,41.81816],[-111.05297,41.81563],[-111.05523,41.81357],[-111.05555,41.81203],[-111.05298,41.80895],[-111.0501,41.80844],[-111.04623,41.80928],[-111.04295,41.80824],[-111.03804,41.80844],[-111.03613,41.8077],[-111.03522,41.80479],[-111.03174,41.80512],[-111.02945,41.80447],[-111.02716,41.80519],[-111.025,41.80506],[-111.02388,41.80434],[-111.02358,41.80317],[-111.02342,41.80012],[-111.02426,41.79835],[-111.02409,41.79729],[-111.02056,41.79453],[-111.01998,41.79319],[-111.01646,41.79071],[-111.01612,41.78733],[-111.01506,41.78493],[-111.01591,41.78338],[-111.0102,41.78342],[-111.00734,41.78185],[-111.00504,41.78315],[-110.99944,41.78424],[-110.9939,41.78404],[-110.99135,41.78478],[-110.99043,41.78409],[-110.98825,41.78395],[-110.98666,41.78178],[-110.98195,41.77975],[-110.9798,41.77756],[-110.97512,41.77448],[-110.97948,41.77007]],[[-110.8077,41.12755],[-110.80802,41.12883],[-110.81009,41.12921],[-110.81211,41.12857],[-110.81561,41.12608],[-110.81824,41.11881],[-110.82454,41.10917],[-110.82822,41.10108],[-110.83004,41.09934],[-110.8321,41.09415],[-110.83446,41.09233],[-110.83855,41.0913],[-110.8401,41.08963],[-110.84233,41.08663],[-110.84303,41.08192],[-110.84622,41.07536],[-110.84969,41.07371],[-110.85077,41.07012],[-110.8532,41.06759],[-110.85872,41.0596],[-110.85959,41.05723],[-110.86114,41.05648],[-110.86457,41.05295],[-110.86542,41.05046]],[[-110.86542,41.05046],[-110.86417,41.04787],[-110.86209,41.03811],[-110.85942,41.03631],[-110.86093,41.02975],[-110.86077,41.02584],[-110.85923,41.02514],[-110.85663,41.02508],[-110.85238,41.02239],[-110.85072,41.02237],[-110.84837,41.021],[-110.84834,41.01959],[-110.8493,41.01759],[-110.84891,41.01412],[-110.84772,41.01318],[-110.84561,41.01373],[-110.84202,41.01019],[-110.8423,41.00706],[-110.84183,41.00576],[-110.8379,41.00638],[-110.83428,41.00599],[-110.83343,41.00877],[-110.83244,41.00947],[-110.82821,41.01082],[-110.82483,41.01007],[-110.82395,41.00426],[-110.82646,40.99995],[-110.82497,40.99874],[-110.82317,40.99849],[-110.82294,40.9959],[-110.8216,40.99366],[-110.81714,40.99093],[-110.80523,40.9881],[-110.80419,40.98658],[-110.80377,40.98385],[-110.80231,40.98207],[-110.79846,40.98128],[-110.79574,40.9818],[-110.7938,40.97992],[-110.79366,40.98303],[-110.7891,40.98581],[-110.7876,40.98843],[-110.78562,40.98941],[-110.78487,40.9908],[-110.78271,40.99175],[-110.78003,40.9963],[-110.77749,40.99815],[-110.77567,40.99811],[-110.77456,40.9973],[-110.77116,40.99919],[-110.7655,40.99713],[-110.76226,40.99666],[-110.75826,40.99373],[-110.75481,40.99311],[-110.75054,40.99095],[-110.74804,40.99102],[-110.74557,40.9892],[-110.7423,40.98976],[-110.73892,40.98903]],[[-110.73892,40.98903],[-110.73734,40.98977],[-110.73808,40.99119],[-110.73725,40.9924],[-110.73776,40.99529],[-110.74414,40.99882],[-110.74423,40.99982],[-110.74606,41.00165],[-110.74698,41.00457],[-110.74907,41.0062],[-110.75044,41.00958],[-110.75288,41.0095],[-110.75669,41.0119],[-110.76405,41.01224],[-110.76944,41.01478],[-110.77838,41.01577],[-110.77928,41.01735],[-110.77976,41.02044],[-110.78066,41.0216],[-110.7807,41.02431],[-110.78467,41.02502],[-110.7875,41.02678],[-110.78867,41.02797],[-110.79074,41.03241],[-110.79288,41.033],[-110.79312,41.03398],[-110.79438,41.03431],[-110.79904,41.033],[-110.80033,41.03317],[-110.80171,41.03495],[-110.80475,41.03497],[-110.81105,41.03848],[-110.81143,41.04177],[-110.81296,41.04603],[-110.81069,41.04749],[-110.80989,41.05114],[-110.80977,41.05675],[-110.81011,41.05819],[-110.81153,41.05843],[-110.81329,41.06025],[-110.81365,41.06378],[-110.81322,41.06593],[-110.80996,41.06898],[-110.80857,41.07142],[-110.80439,41.07406],[-110.80336,41.07623],[-110.79979,41.07831],[-110.79724,41.08068],[-110.79431,41.08208],[-110.79322,41.08445],[-110.79082,41.08686],[-110.78934,41.08788],[-110.78526,41.08875],[-110.78329,41.09209],[-110.78223,41.09972],[-110.78263,41.10096],[-110.7848,41.10269],[-110.79138,41.11124],[-110.80043,41.11402],[-110.80595,41.1133],[-110.80693,41.1158],[-110.8078,41.11619],[-110.81262,41.11472],[-110.81196,41.11639],[-110.809,41.11996],[-110.81022,41.12026],[-110.80866,41.12351],[-110.8077,41.12755]],[[-111.00042,41.29992],[-110.99918,41.30192],[-110.9936,41.30348],[-110.99043,41.30696],[-110.9857,41.30803],[-110.98287,41.30799],[-110.98164,41.30707],[-110.9794,41.30739],[-110.97794,41.3101],[-110.97667,41.31005],[-110.97471,41.31112],[-110.97447,41.31377],[-110.97644,41.31825],[-110.97324,41.31721],[-110.97299,41.31807],[-110.97086,41.31965],[-110.9689,41.32008],[-110.96826,41.32123],[-110.96314,41.32191],[-110.96006,41.31979],[-110.95729,41.31965],[-110.95112,41.32218],[-110.94643,41.32276],[-110.94175,41.32523],[-110.93741,41.32604],[-110.93386,41.32563],[-110.93321,41.32757],[-110.92787,41.33334],[-110.92699,41.33601],[-110.92425,41.33716],[-110.9187,41.33799],[-110.90972,41.33553],[-110.90347,41.33618],[-110.90116,41.33721],[-110.90416,41.34427],[-110.90412,41.3462],[-110.90157,41.3474],[-110.90136,41.34844],[-110.90433,41.34957],[-110.90792,41.35242]],[[-110.741,41.09139],[-110.74176,41.09318],[-110.74112,41.09483],[-110.73836,41.09936],[-110.73512,41.10256],[-110.73642,41.10459],[-110.73611,41.10618],[-110.73497,41.10742],[-110.73479,41.10941],[-110.7316,41.11203],[-110.73493,41.1171],[-110.7374,41.11889],[-110.73606,41.12034],[-110.73631,41.12266],[-110.73366,41.12509],[-110.73313,41.13006],[-110.73507,41.13179],[-110.73492,41.13377],[-110.73591,41.13498],[-110.73179,41.1401],[-110.73305,41.14319],[-110.73877,41.14457],[-110.7408,41.1441],[-110.74239,41.14497],[-110.74829,41.14554],[-110.74956,41.14617],[-110.75101,41.14852],[-110.75477,41.14967],[-110.75789,41.14909],[-110.76211,41.15076],[-110.76499,41.14985],[-110.76935,41.15066],[-110.77134,41.15037],[-110.7753,41.1483],[-110.78243,41.1464],[-110.78349,41.1445],[-110.78538,41.1438],[-110.78989,41.14505],[-110.79571,41.14569],[-110.7968,41.14622],[-110.79731,41.14731]],[[-110.73892,40.98903],[-110.73624,40.98765],[-110.73536,40.98594],[-110.73369,40.98522],[-110.7332,40.98435]],[[-111.48152,41.47666],[-111.48211,41.47888],[-111.48001,41.48263],[-111.47996,41.48392],[-111.47827,41.48706],[-111.4761,41.48813]],[[-110.89026,41.45564],[-110.89675,41.45498],[-110.90089,41.45276],[-110.90301,41.44949],[-110.90462,41.44849],[-110.91076,41.44979],[-110.91565,41.45236],[-110.91803,41.45453],[-110.9219,41.45471],[-110.92184,41.4614],[-110.92244,41.46368],[-110.92412,41.46549],[-110.92301,41.46766],[-110.92306,41.46969],[-110.92415,41.47108],[-110.92498,41.47403],[-110.92697,41.47496],[-110.93379,41.4758],[-110.93742,41.47776],[-110.94671,41.47485],[-110.95356,41.48238],[-110.95614,41.48336],[-110.95671,41.48482],[-110.96017,41.48485],[-110.96151,41.49134],[-110.96367,41.4912],[-110.96794,41.49311],[-110.97064,41.49772],[-110.97263,41.49842],[-110.97285,41.50024],[-110.97374,41.50112],[-110.97564,41.50029],[-110.97828,41.4973],[-110.98181,41.49624],[-110.98054,41.49534],[-110.9802,41.49416],[-110.98262,41.49108],[-110.98385,41.49046],[-110.98634,41.49136],[-110.99139,41.49065],[-110.99599,41.49233],[-111.00028,41.49132],[-111.00203,41.49402],[-111.00647,41.49664],[-111.00687,41.49825],[-111.00628,41.4999],[-111.00081,41.50301],[-110.99868,41.50638],[-110.99961,41.50775],[-110.99648,41.5087],[-110.99446,41.51155],[-110.99403,41.51442],[-110.99609,41.5173],[-110.99798,41.51865],[-110.99875,41.52113],[-110.9907,41.52425],[-110.98814,41.52719],[-110.98718,41.53133],[-110.98452,41.53517],[-110.98453,41.53764],[-110.9853,41.5385],[-110.98516,41.54276],[-110.98284,41.54586],[-110.98365,41.5482],[-110.98282,41.55129],[-110.98416,41.55322],[-110.98425,41.55642],[-110.98557,41.55847],[-110.98834,41.56059],[-110.98977,41.56407],[-110.9914,41.56484],[-110.99262,41.56872],[-110.99456,41.56942],[-110.99483,41.57258]],[[-111.03668,41.41379],[-111.03594,41.41303],[-111.03269,41.41267],[-111.02477,41.4148],[-111.01819,41.41453],[-111.01247,41.41582],[-111.00467,41.41469],[-111.00147,41.41608],[-111.0006,41.41422],[-110.99872,41.41284],[-110.99477,41.41378],[-110.98934,41.41134],[-110.9812,41.41105],[-110.97762,41.41179],[-110.97494,41.41351],[-110.96996,41.4154],[-110.96917,41.41696],[-110.96223,41.41756],[-110.95479,41.41195],[-110.95216,41.41189],[-110.95016,41.4127],[-110.94511,41.41221],[-110.94313,41.41339],[-110.93736,41.41505],[-110.93423,41.41486],[-110.93138,41.41715],[-110.92722,41.41867],[-110.92354,41.41899],[-110.91137,41.42275],[-110.90691,41.42348],[-110.89769,41.42751],[-110.88853,41.42889]],[[-110.99483,41.57258],[-110.99737,41.5731],[-110.99931,41.57738],[-110.99713,41.58067],[-110.99397,41.58281],[-110.9936,41.58693],[-110.98893,41.59259],[-110.98807,41.6031],[-110.9869,41.60645],[-110.98843,41.6107],[-110.98835,41.61271],[-110.98421,41.61419],[-110.9788,41.61437],[-110.97117,41.61203],[-110.96884,41.61324],[-110.96811,41.61481],[-110.96695,41.61481],[-110.96298,41.61726],[-110.9594,41.61593],[-110.95598,41.61599],[-110.95403,41.61654],[-110.95067,41.61951],[-110.9476,41.61946]],[[-111.11351,41.57148],[-111.10672,41.57193],[-111.1052,41.57149],[-111.10224,41.56889],[-111.0986,41.56741],[-111.09574,41.56226],[-111.09046,41.56045],[-111.08809,41.55772],[-111.08789,41.55636],[-111.08863,41.5543],[-111.08826,41.54962],[-111.08558,41.54545],[-111.08503,41.54342],[-111.08782,41.53854],[-111.09276,41.53567],[-111.09403,41.5343],[-111.09197,41.52778],[-111.08079,41.53335],[-111.07629,41.53451],[-111.06656,41.53501],[-111.05879,41.53798],[-111.05674,41.54076],[-111.05172,41.54473],[-111.04693,41.54547],[-111.0378,41.54929],[-111.03644,41.551],[-111.03614,41.55268],[-111.03187,41.55832],[-111.02954,41.56004],[-111.02406,41.5605],[-111.0215,41.55967],[-111.01759,41.56209],[-111.01138,41.55935],[-111.00967,41.55741],[-111.00686,41.55784],[-111.00539,41.55888],[-111.00411,41.56202],[-111.00092,41.56293],[-111.00036,41.56863],[-110.99483,41.57258]],[[-110.90939,40.95676],[-110.91045,40.96067],[-110.91457,40.96543],[-110.91439,40.96669],[-110.9156,40.96932],[-110.91518,40.97129],[-110.91653,40.97284],[-110.91531,40.97451],[-110.91757,40.97774],[-110.91702,40.97994],[-110.91767,40.98124],[-110.91803,40.9866],[-110.91756,40.98829],[-110.91961,40.98935],[-110.92115,40.99221],[-110.9196,40.99706],[-110.9209,41.00072],[-110.91999,41.0023],[-110.92054,41.00366],[-110.91976,41.00574],[-110.92052,41.00694],[-110.92208,41.00734],[-110.92378,41.00987],[-110.92276,41.01244],[-110.92513,41.01383],[-110.92633,41.01292],[-110.92742,41.01351],[-110.9255,41.01537],[-110.92393,41.01573],[-110.92245,41.01775],[-110.9246,41.01926],[-110.92832,41.01818],[-110.93206,41.01841],[-110.93421,41.01728],[-110.93645,41.01798],[-110.93662,41.01926],[-110.93516,41.01982],[-110.93504,41.0204],[-110.93654,41.02172],[-110.93901,41.02243],[-110.93716,41.02929],[-110.93908,41.02974],[-110.9456,41.02842],[-110.94804,41.02967],[-110.94505,41.03311],[-110.94561,41.03414],[-110.94857,41.03557],[-110.94761,41.04035],[-110.94856,41.04193],[-110.94789,41.04414],[-110.94539,41.04701],[-110.94357,41.05083],[-110.94571,41.05187],[-110.9478,41.05193],[-110.94872,41.05302],[-110.94925,41.05526],[-110.95595,41.05845],[-110.95875,41.05859],[-110.9595,41.05947]],[[-110.94198,41.08489],[-110.9453,41.08466],[-110.94936,41.08342],[-110.9506,41.08374],[-110.94967,41.08532],[-110.94967,41.0875],[-110.94781,41.08874],[-110.9441,41.09494],[-110.94626,41.09657],[-110.94663,41.09759]],[[-110.98288,41.1899],[-110.97664,41.19413],[-110.97333,41.19728],[-110.96506,41.20139],[-110.95885,41.20563],[-110.95741,41.20905],[-110.95745,41.21033],[-110.95093,41.21516],[-110.95229,41.21556],[-110.95361,41.21758],[-110.95604,41.21787],[-110.95606,41.21908],[-110.95465,41.22082],[-110.95403,41.22551],[-110.95624,41.2274],[-110.95199,41.23191],[-110.95107,41.23448],[-110.95118,41.23615],[-110.95203,41.23862],[-110.95358,41.23994],[-110.95761,41.23965],[-110.95703,41.2411],[-110.95814,41.24297],[-110.96189,41.24357],[-110.96258,41.24484],[-110.96535,41.24481],[-110.968,41.24075],[-110.96957,41.24162],[-110.98018,41.25235],[-110.98149,41.25483],[-110.97578,41.26146],[-110.97788,41.26579],[-110.97988,41.268],[-110.98068,41.27257],[-110.98349,41.27702],[-110.98028,41.27988],[-110.97967,41.28174],[-110.98006,41.28363],[-110.98461,41.28825],[-110.99414,41.29182],[-110.99676,41.29391],[-110.99924,41.29496],[-111.00057,41.29678],[-111.00228,41.29778]],[[-110.94663,41.09759],[-110.94992,41.09658],[-110.95547,41.09686],[-110.957,41.09768],[-110.95605,41.09987],[-110.95752,41.10215],[-110.96282,41.10288],[-110.95945,41.1078],[-110.96053,41.10987],[-110.97252,41.11567],[-110.97117,41.11836],[-110.97311,41.12144],[-110.97911,41.12043],[-110.98041,41.12484],[-110.98259,41.1252],[-110.98941,41.12852],[-110.99012,41.12959],[-110.98958,41.1317],[-110.99003,41.13278],[-110.99157,41.13453],[-110.99345,41.13493],[-110.99425,41.13592],[-110.99231,41.14123],[-110.99625,41.14193],[-111.00238,41.14054],[-111.00009,41.1456],[-111.00105,41.14996],[-111.00285,41.15041],[-111.00847,41.14887],[-111.01281,41.15373],[-111.01676,41.15098],[-111.02094,41.15016],[-111.02262,41.15043],[-111.02692,41.14814],[-111.02909,41.14763],[-111.03335,41.14885],[-111.03483,41.14792],[-111.0371,41.15036],[-111.03698,41.15309],[-111.03793,41.15342],[-111.04009,41.15672],[-111.04156,41.15743],[-111.04289,41.15945],[-111.04251,41.16533],[-111.03773,41.1683],[-111.03561,41.16864],[-111.03501,41.17201],[-111.03067,41.17269],[-111.02934,41.17507],[-111.02725,41.17598],[-111.02343,41.17937],[-111.02185,41.17933],[-111.0157,41.18305],[-111.01247,41.18419],[-111.00944,41.18416],[-111.00154,41.18769],[-111.00065,41.18754],[-111.00049,41.18518],[-110.99606,41.18288],[-110.99321,41.18542],[-110.98288,41.1899]],[[-110.9595,41.05947],[-110.95718,41.06058],[-110.955,41.06335],[-110.95134,41.06504],[-110.9522,41.06833],[-110.94842,41.07283],[-110.94862,41.0736],[-110.9475,41.07526],[-110.94682,41.07799],[-110.94283,41.08282],[-110.94198,41.08489]],[[-111.00228,41.29778],[-111.00506,41.29978],[-111.01183,41.31144],[-111.01279,41.31109],[-111.01321,41.30732],[-111.01262,41.3052],[-111.0109,41.30313],[-111.01124,41.30066],[-111.01662,41.29935],[-111.01908,41.29777],[-111.01808,41.29471],[-111.01837,41.29211],[-111.02091,41.28879],[-111.02194,41.28382],[-111.02558,41.28135],[-111.02525,41.27621],[-111.02578,41.27484]],[[-111.02578,41.27484],[-111.03202,41.27478],[-111.04429,41.27164],[-111.04581,41.27253],[-111.04825,41.27173],[-111.05651,41.27198],[-111.05913,41.27104],[-111.06421,41.27286],[-111.06513,41.27454],[-111.06663,41.27546],[-111.07399,41.27448],[-111.07424,41.27735],[-111.07588,41.28033],[-111.07425,41.28115],[-111.0735,41.28326],[-111.06887,41.28784],[-111.06794,41.29038],[-111.06633,41.29179],[-111.06758,41.29238],[-111.06942,41.29141],[-111.07603,41.2918]],[[-111.10461,41.05275],[-111.10003,41.0515],[-111.09728,41.05293],[-111.09541,41.05562],[-111.09707,41.05807],[-111.09639,41.05962],[-111.09683,41.06107],[-111.09435,41.06085],[-111.09435,41.06417],[-111.09368,41.06539],[-111.09206,41.06601],[-111.09089,41.06893],[-111.0918,41.07091],[-111.0888,41.07133],[-111.08835,41.07223],[-111.08879,41.07356],[-111.08746,41.07384],[-111.08647,41.07491],[-111.08416,41.07526],[-111.0826,41.07665],[-111.07959,41.07633],[-111.07326,41.07763],[-111.06928,41.08051],[-111.06192,41.08416],[-111.06077,41.08555],[-111.05215,41.08962],[-111.04325,41.09701],[-111.03513,41.10045],[-111.0339,41.10199],[-111.03127,41.10283],[-111.02162,41.10801],[-111.01362,41.10802],[-111.00971,41.11068],[-111.00829,41.1104],[-111.0058,41.10828],[-111.00562,41.10744],[-111.00667,41.10566],[-111.00633,41.10451],[-111.00132,41.10128],[-111.00125,41.09491],[-110.99718,41.09524],[-110.9936,41.0931],[-110.99572,41.09028],[-110.99357,41.08762],[-110.99378,41.08598],[-110.99667,41.08218],[-110.99847,41.0808],[-110.99702,41.07858],[-110.99515,41.07839],[-110.99342,41.076],[-110.99579,41.07361],[-110.99521,41.07155],[-110.99299,41.0719],[-110.98782,41.06912],[-110.98687,41.06787],[-110.98273,41.06708],[-110.98304,41.06442],[-110.9798,41.06436],[-110.97915,41.06307],[-110.97761,41.06202],[-110.97746,41.06004],[-110.97892,41.05796],[-110.97862,41.05761],[-110.97587,41.05753],[-110.97447,41.05666],[-110.97104,41.05775],[-110.96939,41.05776],[-110.9679,41.05699],[-110.96517,41.05765],[-110.96195,41.05947],[-110.9595,41.05947]],[[-111.26481,41.53158],[-111.26772,41.53134],[-111.26902,41.5333],[-111.27167,41.53548],[-111.27631,41.53495],[-111.28062,41.53639],[-111.28264,41.54058],[-111.28766,41.54109],[-111.28798,41.54574],[-111.28975,41.54737],[-111.2902,41.55085],[-111.29652,41.54946]],[[-111.55807,41.57124],[-111.55744,41.57547],[-111.55415,41.5772],[-111.55024,41.58171],[-111.54745,41.58201],[-111.54757,41.58445],[-111.54471,41.58688],[-111.54372,41.5887]],[[-111.04991,41.21475],[-111.04317,41.2159],[-111.04013,41.21544],[-111.03859,41.21592],[-111.03776,41.21726],[-111.03546,41.21764],[-111.03453,41.2191],[-111.03211,41.21887],[-111.03384,41.22069],[-111.0341,41.22372],[-111.03334,41.22573],[-111.02551,41.2353],[-111.0215,41.23816],[-111.01574,41.24387],[-111.01459,41.24582],[-111.01214,41.24701],[-111.00908,41.25037],[-111.00847,41.25199],[-111.00978,41.25371],[-111.00973,41.2554],[-111.00757,41.25769],[-111.00554,41.25852],[-111.00602,41.25936],[-111.009,41.26091],[-111.01238,41.26089],[-111.01578,41.26001],[-111.02178,41.26178],[-111.02255,41.266],[-111.02532,41.26655],[-111.02563,41.26974],[-111.02631,41.27082],[-111.02578,41.27484]],[[-111.92439,41.74519],[-111.91963,41.74622],[-111.91281,41.74654],[-111.89595,41.74327],[-111.88742,41.74394]],[[-111.07113,41.17616],[-111.0692,41.17599],[-111.06851,41.17683],[-111.06701,41.17699],[-111.06248,41.18034],[-111.06242,41.18229],[-111.06062,41.18196],[-111.0581,41.18305],[-111.05682,41.18632],[-111.05305,41.1871],[-111.05245,41.18879],[-111.05039,41.18979],[-111.04922,41.19153],[-111.04921,41.1972],[-111.0473,41.19863],[-111.04539,41.20165],[-111.04895,41.2046],[-111.05091,41.20498],[-111.0525,41.20706],[-111.05202,41.20956],[-111.05288,41.21211],[-111.04991,41.21475]],[[-111.04991,41.21475],[-111.05073,41.21703],[-111.05033,41.21835],[-111.05609,41.22263],[-111.05462,41.2277],[-111.05697,41.22863],[-111.05605,41.23067],[-111.05396,41.23294],[-111.05388,41.23642],[-111.05702,41.23933],[-111.05528,41.24545],[-111.05298,41.24852],[-111.05354,41.24987],[-111.05308,41.25181],[-111.05346,41.2532],[-111.0617,41.25627],[-111.06672,41.2555],[-111.06891,41.25437],[-111.0701,41.25295],[-111.07476,41.25081],[-111.08069,41.25212],[-111.08442,41.25042],[-111.08596,41.25036],[-111.08839,41.25241],[-111.09224,41.2536],[-111.09796,41.253],[-111.09962,41.25338],[-111.1023,41.25119],[-111.10728,41.25121],[-111.11796,41.24717],[-111.12226,41.24444],[-111.12331,41.24302],[-111.12839,41.24198],[-111.13117,41.24052],[-111.13304,41.23896],[-111.13403,41.23698],[-111.13799,41.23676],[-111.13893,41.23747],[-111.13983,41.23975],[-111.14222,41.24029],[-111.1444,41.23889],[-111.14916,41.24058],[-111.15173,41.23858],[-111.15363,41.23951],[-111.15513,41.23914],[-111.15676,41.24006],[-111.1588,41.23893],[-111.16353,41.24057],[-111.16425,41.24175],[-111.16868,41.24009],[-111.1713,41.23727],[-111.17421,41.23569],[-111.17664,41.23338],[-111.1773,41.23144],[-111.17979,41.23041],[-111.18646,41.22506],[-111.19192,41.22241],[-111.19936,41.22235],[-111.20139,41.22045],[-111.20898,41.21656],[-111.2189,41.21247],[-111.22144,41.21283]],[[-111.04286,41.43872],[-111.04427,41.44064],[-111.04179,41.44357],[-111.03871,41.44592],[-111.03637,41.44946],[-111.0369,41.4521],[-111.03804,41.45396],[-111.03794,41.45632],[-111.03752,41.45771],[-111.03544,41.45921],[-111.0336,41.4618],[-111.03298,41.46535],[-111.03382,41.46654],[-111.03396,41.46955],[-111.03702,41.47085],[-111.04026,41.47446],[-111.04192,41.47506],[-111.0426,41.47648],[-111.04251,41.47903],[-111.04922,41.48193],[-111.04919,41.48256],[-111.04562,41.4854],[-111.0465,41.48591],[-111.04766,41.48844],[-111.04723,41.49027],[-111.04798,41.49296],[-111.04724,41.4953],[-111.06172,41.49378],[-111.06349,41.49257],[-111.06491,41.49442],[-111.06534,41.49778],[-111.06992,41.50069],[-111.07435,41.49992],[-111.07715,41.50109],[-111.07854,41.50085],[-111.08366,41.50191],[-111.08524,41.50278],[-111.08936,41.503],[-111.09037,41.50473],[-111.09197,41.50516],[-111.09609,41.50506],[-111.09658,41.50747],[-111.09587,41.50949],[-111.09635,41.5104],[-111.09767,41.51086],[-111.09811,41.51235],[-111.10389,41.51292],[-111.10641,41.51674],[-111.11291,41.51984]],[[-111.88171,41.78971],[-111.88316,41.7925],[-111.88555,41.79452],[-111.89862,41.80102],[-111.89844,41.80231],[-111.89606,41.80245],[-111.89442,41.80425],[-111.89333,41.8083],[-111.89162,41.81124],[-111.89142,41.82196],[-111.88946,41.82341],[-111.88697,41.82419],[-111.88348,41.82396],[-111.87735,41.82216],[-111.87354,41.82269],[-111.86719,41.82495]],[[-111.07603,41.2918],[-111.07903,41.29499],[-111.08015,41.30079],[-111.07897,41.30198],[-111.07504,41.30245],[-111.07333,41.30656],[-111.06892,41.31155],[-111.06722,41.31718],[-111.06936,41.32275],[-111.06925,41.32464],[-111.06751,41.32682],[-111.06637,41.33016],[-111.06428,41.33222],[-111.06324,41.33487],[-111.06117,41.33688],[-111.06045,41.34011],[-111.04793,41.34716],[-111.04778,41.35002],[-111.04691,41.35196],[-111.04871,41.3545],[-111.04808,41.35536],[-111.04801,41.35882],[-111.04292,41.36595],[-111.04075,41.37386],[-111.04159,41.37539],[-111.04116,41.37681],[-111.04306,41.37773],[-111.0433,41.37892],[-111.04293,41.38058],[-111.0403,41.3849],[-111.04234,41.38698],[-111.03899,41.39505],[-111.0382,41.39896],[-111.03886,41.40303],[-111.0404,41.40672],[-111.0404,41.40884],[-111.03877,41.41179],[-111.03668,41.41379]],[[-111.03668,41.41379],[-111.03689,41.41503],[-111.03825,41.41644],[-111.03765,41.4189],[-111.03859,41.42176],[-111.03783,41.42472],[-111.04008,41.43129],[-111.03956,41.43433],[-111.04111,41.43562],[-111.04286,41.43872]],[[-111.2014,41.2751],[-111.19277,41.2727],[-111.18705,41.27276],[-111.18313,41.27421],[-111.17686,41.27521],[-111.16484,41.27442],[-111.16145,41.27295],[-111.156,41.27283],[-111.15247,41.2749],[-111.14429,41.27589],[-111.13999,41.27602],[-111.13842,41.27489],[-111.13296,41.27544],[-111.13086,41.27485],[-111.12943,41.2754],[-111.12997,41.27816],[-111.13141,41.28013],[-111.12879,41.28201],[-111.12835,41.28365],[-111.11724,41.2866],[-111.11391,41.28944],[-111.11004,41.28899],[-111.10893,41.28682],[-111.10602,41.28635],[-111.09086,41.29354],[-111.08501,41.29222],[-111.07603,41.2918]],[[-111.5006,41.43777],[-111.4988,41.43768],[-111.4957,41.43546],[-111.49234,41.4346],[-111.47724,41.43546],[-111.46803,41.4332],[-111.46381,41.43439],[-111.46008,41.43418],[-111.45715,41.43546],[-111.45552,41.43361],[-111.45373,41.43308],[-111.43574,41.43356],[-111.43266,41.4345],[-111.42869,41.43714],[-111.42391,41.43687],[-111.41664,41.43763],[-111.41399,41.43982],[-111.41108,41.44079],[-111.40581,41.44019],[-111.40124,41.4407],[-111.39724,41.44274],[-111.39412,41.44585],[-111.39045,41.44576],[-111.38542,41.44676],[-111.38327,41.44827],[-111.37997,41.44935]],[[-111.04286,41.43872],[-111.04575,41.43599],[-111.05039,41.43385],[-111.05289,41.43181],[-111.06782,41.42575],[-111.07116,41.42642],[-111.07164,41.42794],[-111.0732,41.42941],[-111.07327,41.43193],[-111.07518,41.43493],[-111.07589,41.43899],[-111.07827,41.44117],[-111.07562,41.44653],[-111.07621,41.44983],[-111.07475,41.45242],[-111.07712,41.45647],[-111.07655,41.4593],[-111.07795,41.46061],[-111.07819,41.46213],[-111.08118,41.46386],[-111.08232,41.46567],[-111.08368,41.46631],[-111.08492,41.46858],[-111.08729,41.4693],[-111.08923,41.47087],[-111.09085,41.46988],[-111.09232,41.4712],[-111.09254,41.47332],[-111.09161,41.47515],[-111.09561,41.47812],[-111.09925,41.47751],[-111.10375,41.47767],[-111.10445,41.47935],[-111.10915,41.48004],[-111.1108,41.48233],[-111.11291,41.48356],[-111.1148,41.48569],[-111.11633,41.48512],[-111.1203,41.48514],[-111.12864,41.48745],[-111.12891,41.4764],[-111.12769,41.47306],[-111.12751,41.47016],[-111.12478,41.46647],[-111.1214,41.46375],[-111.12861,41.45544],[-111.12848,41.4545],[-111.12654,41.45259],[-111.12893,41.45075],[-111.12839,41.44794],[-111.12896,41.44636],[-111.13416,41.44012],[-111.13585,41.43948],[-111.14085,41.4322]],[[-111.41067,41.62734],[-111.41197,41.62909],[-111.41188,41.63169]],[[-111.29652,41.54946],[-111.29621,41.55146],[-111.2923,41.55724],[-111.29147,41.5597],[-111.2892,41.56183],[-111.28904,41.56535],[-111.28492,41.56807],[-111.28498,41.57072],[-111.28388,41.57197]],[[-110.8125,40.85717],[-110.81467,40.85817],[-110.82073,40.85681],[-110.82388,40.85853],[-110.8288,40.86362],[-110.8304,40.86626],[-110.83557,40.86724]],[[-111.50085,41.46432],[-111.48984,41.46621],[-111.48855,41.46871],[-111.49031,41.47135],[-111.49036,41.47278],[-111.48557,41.47429],[-111.48152,41.47666]],[[-111.9413,41.81935],[-111.94466,41.82293],[-111.94821,41.82331],[-111.95135,41.82477],[-111.95329,41.83043],[-111.95552,41.83384],[-111.96085,41.83881],[-111.96188,41.8411],[-111.96522,41.84343]],[[-111.88171,41.78971],[-111.88597,41.78926],[-111.89194,41.78536],[-111.8974,41.78502],[-111.89989,41.78513],[-111.90368,41.78634],[-111.91334,41.78606],[-111.92312,41.78486],[-111.92464,41.78548],[-111.92579,41.78728],[-111.92918,41.78807]],[[-110.83557,40.86724],[-110.83613,40.86509],[-110.83833,40.86328],[-110.83874,40.86188],[-110.83794,40.86051],[-110.83919,40.85801],[-110.83859,40.85149],[-110.83959,40.84667],[-110.83652,40.84323],[-110.83332,40.84271],[-110.83237,40.8414],[-110.83233,40.83975],[-110.8305,40.83812],[-110.83359,40.83572],[-110.83333,40.83333],[-110.83589,40.82931],[-110.83725,40.82532],[-110.83732,40.82285],[-110.83611,40.82044],[-110.8374,40.81447],[-110.84146,40.80587],[-110.84297,40.80119],[-110.84445,40.79944],[-110.8482,40.79118],[-110.85088,40.78738],[-110.85708,40.78114],[-110.85978,40.77623],[-110.86043,40.77351],[-110.85995,40.77024],[-110.85864,40.76809],[-110.85833,40.76601],[-110.85609,40.76306],[-110.85696,40.75737],[-110.85634,40.75442],[-110.85363,40.74992],[-110.85225,40.74868],[-110.85185,40.74717],[-110.84917,40.74462],[-110.84884,40.74282],[-110.8452,40.74022],[-110.84364,40.7361],[-110.84528,40.73467],[-110.84784,40.73023],[-110.84751,40.72535]],[[-111.24211,41.46271],[-111.24154,41.4652],[-111.23986,41.46817],[-111.24024,41.47072],[-111.23941,41.47371],[-111.24192,41.47787],[-111.23663,41.48429],[-111.2351,41.48492],[-111.22981,41.48422],[-111.22626,41.48566],[-111.22033,41.49242],[-111.21763,41.49401],[-111.21606,41.49667],[-111.21144,41.49711],[-111.20706,41.50205],[-111.20326,41.50235],[-111.20106,41.50354],[-111.19905,41.50346],[-111.19757,41.50413],[-111.18789,41.51316],[-111.18756,41.51499],[-111.1865,41.5164],[-111.18346,41.51739],[-111.18089,41.51705],[-111.17833,41.51753]],[[-111.35901,41.41765],[-111.35126,41.42112],[-111.34422,41.4269],[-111.33877,41.4284],[-111.33601,41.43179],[-111.32923,41.43543],[-111.3241,41.44003],[-111.31575,41.44051],[-111.31206,41.44221],[-111.30833,41.44263],[-111.30689,41.44357],[-111.30302,41.44443],[-111.29836,41.44815],[-111.28828,41.4477],[-111.2867,41.44911],[-111.27885,41.44886],[-111.26937,41.45054],[-111.26831,41.45179],[-111.2604,41.4519],[-111.25972,41.45426],[-111.25578,41.45639],[-111.25193,41.45551],[-111.24761,41.45556],[-111.24696,41.45652],[-111.2442,41.45693],[-111.24152,41.45959],[-111.24211,41.46271]],[[-111.44295,41.53127],[-111.44175,41.53525],[-111.4436,41.54079],[-111.4452,41.54213],[-111.44508,41.54438],[-111.44257,41.54605],[-111.44293,41.5478],[-111.44212,41.54903],[-111.43565,41.55089],[-111.43355,41.55276],[-111.43285,41.55438],[-111.43331,41.55542],[-111.4321,41.55783],[-111.43221,41.55938],[-111.43059,41.56102],[-111.43155,41.56266],[-111.42942,41.56679],[-111.43061,41.56872],[-111.4306,41.57583],[-111.4298,41.57772],[-111.4276,41.57866],[-111.42689,41.5856],[-111.42808,41.58695],[-111.42915,41.59011],[-111.4288,41.59128],[-111.42716,41.59265],[-111.42797,41.59547],[-111.42774,41.59766],[-111.42676,41.5993],[-111.4279,41.60198],[-111.42735,41.60396],[-111.42791,41.60593]],[[-111.92918,41.78807],[-111.93048,41.79409],[-111.93167,41.79503],[-111.94356,41.79431]],[[-111.48152,41.47666],[-111.47962,41.47439],[-111.47704,41.47324],[-111.47488,41.47369],[-111.4726,41.47596],[-111.47053,41.47699],[-111.46595,41.47681],[-111.46224,41.4778],[-111.45962,41.47613],[-111.45821,41.47313],[-111.45064,41.47176],[-111.44503,41.47285],[-111.43128,41.4729],[-111.42836,41.47494],[-111.42253,41.47536],[-111.418,41.47495],[-111.41648,41.4726],[-111.4151,41.47206],[-111.40085,41.47285],[-111.38948,41.47106],[-111.38327,41.47071],[-111.38127,41.46975],[-111.3781,41.46975]],[[-111.4761,41.48813],[-111.47548,41.48883],[-111.47498,41.49482],[-111.47814,41.49739],[-111.47544,41.4981],[-111.47475,41.50015],[-111.47632,41.50056],[-111.47645,41.50177],[-111.47807,41.50289],[-111.47827,41.50371],[-111.47118,41.50664],[-111.46912,41.50872],[-111.46678,41.50949],[-111.46617,41.51249],[-111.46517,41.51328],[-111.46479,41.51478],[-111.46274,41.51598],[-111.46048,41.51879],[-111.45812,41.51938],[-111.4565,41.52077],[-111.45763,41.52393],[-111.45715,41.52569],[-111.456,41.52676],[-111.45904,41.52912],[-111.45942,41.53057],[-111.45895,41.53173],[-111.45672,41.53219],[-111.45307,41.52988],[-111.45061,41.53032],[-111.44868,41.53162],[-111.44295,41.53127]],[[-111.29652,41.54946],[-111.30315,41.54822],[-111.30808,41.546],[-111.32292,41.54513],[-111.32449,41.54351],[-111.32889,41.54175],[-111.33262,41.54169],[-111.33497,41.54056],[-111.33829,41.54042],[-111.34197,41.53856],[-111.35007,41.53857],[-111.35457,41.53945],[-111.37161,41.53762],[-111.38056,41.53588],[-111.38267,41.53261],[-111.38831,41.53276],[-111.39044,41.5313],[-111.39116,41.52955],[-111.39653,41.52754],[-111.40308,41.5223],[-111.41089,41.51863],[-111.41674,41.51915],[-111.42665,41.52378],[-111.43031,41.52312],[-111.43872,41.52545],[-111.44184,41.52675],[-111.4436,41.52822],[-111.44295,41.53127]],[[-111.55807,41.57124],[-111.55304,41.56881],[-111.55296,41.56698],[-111.55097,41.56446],[-111.5417,41.56083],[-111.53913,41.55917],[-111.53838,41.55785],[-111.53591,41.55729],[-111.53605,41.55513],[-111.5344,41.55314],[-111.52417,41.54556],[-111.51636,41.54445],[-111.51142,41.54583],[-111.50875,41.54778],[-111.50777,41.54754],[-111.50778,41.54654],[-111.51103,41.54284],[-111.51149,41.54055],[-111.51138,41.53959],[-111.50949,41.53857],[-111.50876,41.53707],[-111.50877,41.53644],[-111.51077,41.53485],[-111.51024,41.53326],[-111.50837,41.53113],[-111.51416,41.52768],[-111.51286,41.52629],[-111.51149,41.52069],[-111.51275,41.51847],[-111.51734,41.51539],[-111.51717,41.51364],[-111.5179,41.51197],[-111.51692,41.50977],[-111.50505,41.50441],[-111.50419,41.50315],[-111.50379,41.50034],[-111.49752,41.50012],[-111.49355,41.49834],[-111.49385,41.49691],[-111.49296,41.4946],[-111.48865,41.48975],[-111.48549,41.48992],[-111.4761,41.48813]],[[-111.42791,41.60593],[-111.42736,41.60663],[-111.42768,41.60926],[-111.42655,41.6106],[-111.4276,41.61499],[-111.42982,41.61842],[-111.42876,41.62028],[-111.42271,41.62412],[-111.41699,41.62262],[-111.41421,41.62482],[-111.41211,41.62555],[-111.41067,41.62734]],[[-111.86664,41.62756],[-111.86668,41.6285],[-111.86789,41.62975],[-111.87077,41.63055],[-111.8675,41.63529],[-111.86842,41.63781],[-111.87725,41.64088],[-111.88345,41.64133],[-111.88799,41.64246],[-111.89217,41.64679],[-111.89562,41.65238],[-111.89723,41.66048],[-111.90142,41.66576],[-111.90505,41.6692],[-111.90395,41.67136],[-111.90537,41.67417],[-111.91328,41.67511],[-111.9184,41.67399],[-111.91954,41.6743],[-111.92151,41.6786],[-111.92165,41.68132],[-111.9211,41.68283],[-111.92283,41.68433],[-111.92367,41.68704],[-111.9254,41.68866],[-111.92475,41.69161],[-111.91979,41.69418],[-111.92111,41.69955],[-111.92193,41.70684],[-111.93104,41.71153],[-111.93731,41.71156],[-111.9386,41.71484],[-111.94528,41.72053],[-111.94758,41.72455],[-111.94618,41.72626],[-111.9422,41.72732],[-111.93887,41.72745],[-111.92723,41.72606],[-111.91635,41.72218],[-111.91239,41.72181]],[[-111.76033,41.75991],[-111.76408,41.76082],[-111.7662,41.76222],[-111.77255,41.76865],[-111.78,41.76817],[-111.78355,41.76898],[-111.78681,41.76865],[-111.79992,41.77015],[-111.81182,41.77241],[-111.8178,41.7745],[-111.82933,41.77531],[-111.83783,41.77773],[-111.84764,41.77799],[-111.8489,41.77862],[-111.84951,41.78292],[-111.85323,41.78548],[-111.87229,41.79017],[-111.88171,41.78971]],[[-111.17833,41.51753],[-111.1763,41.51866],[-111.15996,41.51844],[-111.1512,41.51971],[-111.14554,41.52206],[-111.13869,41.52625],[-111.13609,41.5284],[-111.13552,41.53017],[-111.13434,41.53085],[-111.13651,41.53159],[-111.15049,41.53054],[-111.15635,41.5299],[-111.16763,41.52734],[-111.17176,41.52726],[-111.17638,41.52775],[-111.1806,41.52995],[-111.18496,41.5307],[-111.18686,41.53247],[-111.18857,41.53287],[-111.19793,41.53082],[-111.19891,41.52796],[-111.20133,41.52818],[-111.20352,41.52736],[-111.20493,41.52922],[-111.20665,41.53002],[-111.20753,41.53152],[-111.21296,41.5319],[-111.21379,41.53288],[-111.21557,41.53317],[-111.21926,41.53184],[-111.21979,41.53081],[-111.22767,41.53221],[-111.22821,41.53388],[-111.235,41.53523],[-111.23945,41.53704],[-111.24427,41.53562],[-111.24847,41.5358],[-111.25324,41.53414],[-111.25796,41.53419],[-111.26208,41.53327],[-111.26481,41.53158]],[[-111.37997,41.44935],[-111.37834,41.44747],[-111.37846,41.44458],[-111.37501,41.443],[-111.37124,41.43975],[-111.3717,41.43065],[-111.37316,41.42639],[-111.36391,41.42348],[-111.35901,41.41765]],[[-111.3781,41.46975],[-111.37592,41.46035],[-111.377,41.45794],[-111.38111,41.45355],[-111.37997,41.44935]],[[-111.88742,41.74394],[-111.89222,41.75134],[-111.89982,41.75519],[-111.91205,41.75657],[-111.91851,41.75486],[-111.9223,41.75467],[-111.92368,41.75545],[-111.93198,41.76411],[-111.93345,41.76455],[-111.93589,41.76413],[-111.93757,41.76485],[-111.93685,41.77015],[-111.93772,41.77448],[-111.93555,41.78212],[-111.93288,41.78549],[-111.92918,41.78807]],[[-112.22106,41.92509],[-112.21923,41.92695],[-112.21251,41.9294],[-112.20481,41.93385],[-112.20271,41.93623],[-112.20235,41.93977],[-112.19987,41.94038],[-112.19996,41.94103],[-112.20206,41.94272],[-112.20667,41.94395],[-112.21512,41.94204],[-112.21898,41.94177],[-112.22829,41.94236],[-112.23293,41.94389],[-112.2433,41.94557],[-112.24617,41.94434],[-112.25147,41.94393],[-112.25464,41.9384],[-112.257,41.93601],[-112.25715,41.93501],[-112.2604,41.93515],[-112.26285,41.93429],[-112.26617,41.93549],[-112.27157,41.935],[-112.27596,41.93332],[-112.28518,41.93109],[-112.28916,41.93126],[-112.29391,41.93029],[-112.30179,41.9274],[-112.30282,41.92533],[-112.31174,41.9262],[-112.31583,41.92555],[-112.322,41.92856],[-112.32534,41.92915],[-112.3272,41.92733],[-112.33022,41.92686],[-112.33221,41.92553],[-112.33645,41.92457],[-112.33843,41.9234],[-112.34691,41.92347],[-112.34875,41.92416],[-112.35414,41.92274],[-112.35739,41.92355],[-112.35821,41.92429],[-112.36039,41.9241],[-112.36465,41.92618],[-112.36795,41.92621]],[[-111.54372,41.5887],[-111.54152,41.58711],[-111.53651,41.58671],[-111.53096,41.58915],[-111.52735,41.58795],[-111.52185,41.58865],[-111.51966,41.58962],[-111.51541,41.58886],[-111.51367,41.5901],[-111.50569,41.58863],[-111.50171,41.58618],[-111.49462,41.5886],[-111.49148,41.58884],[-111.48854,41.58803],[-111.48534,41.58991],[-111.47769,41.59065],[-111.47561,41.59176],[-111.4721,41.59157],[-111.46815,41.59262],[-111.46395,41.59464],[-111.46164,41.59447],[-111.45994,41.59679],[-111.45609,41.59662],[-111.45417,41.59777],[-111.45279,41.5996],[-111.44999,41.59998],[-111.44937,41.60099],[-111.44041,41.60199],[-111.43991,41.60339],[-111.43821,41.60412],[-111.4341,41.60304],[-111.42791,41.60593]],[[-111.66938,41.53106],[-111.66837,41.52882],[-111.66889,41.52601],[-111.6611,41.52448],[-111.65694,41.52136],[-111.65545,41.5197],[-111.65539,41.51764],[-111.65454,41.51736],[-111.65269,41.51723],[-111.64889,41.51829],[-111.64603,41.51771],[-111.64034,41.52491],[-111.63929,41.52541],[-111.6362,41.52484],[-111.6358,41.52282],[-111.63359,41.52035],[-111.63436,41.51802],[-111.63371,41.51513],[-111.63395,41.51226],[-111.6324,41.50703],[-111.63487,41.50403],[-111.63425,41.50216],[-111.6351,41.49939],[-111.63732,41.49782],[-111.63592,41.49585],[-111.63159,41.49422],[-111.62345,41.49637],[-111.6207,41.49623],[-111.61396,41.49191],[-111.60993,41.49088],[-111.60599,41.49132],[-111.60532,41.48948],[-111.60357,41.48758],[-111.60332,41.48498],[-111.59244,41.48602],[-111.58866,41.48451],[-111.5858,41.48571],[-111.58023,41.4865]],[[-111.4164,41.63941],[-111.41388,41.64187],[-111.40885,41.64464],[-111.40827,41.64933],[-111.40368,41.65162],[-111.40165,41.65437],[-111.40232,41.65948],[-111.40678,41.66309],[-111.40581,41.66501],[-111.40642,41.66633],[-111.40717,41.66678],[-111.40964,41.66591],[-111.41196,41.66592],[-111.41407,41.66667],[-111.41466,41.66826],[-111.4141,41.67081],[-111.41511,41.67341],[-111.4143,41.67489],[-111.41531,41.67634]],[[-111.58023,41.4865],[-111.57949,41.4889],[-111.58017,41.49168],[-111.57895,41.49335],[-111.57879,41.49833],[-111.57672,41.50605],[-111.57709,41.50839],[-111.57297,41.50975],[-111.5721,41.51098],[-111.57271,41.51313],[-111.56931,41.51608],[-111.56932,41.51732],[-111.56801,41.51846],[-111.57084,41.52045],[-111.57287,41.52304],[-111.57035,41.52698],[-111.57286,41.5304],[-111.57065,41.53258],[-111.57097,41.53619],[-111.56612,41.53941],[-111.56678,41.54203],[-111.56538,41.54795],[-111.56636,41.5502],[-111.5666,41.55327],[-111.56511,41.56116],[-111.56326,41.56605],[-111.56087,41.56682],[-111.55988,41.56998],[-111.55807,41.57124]],[[-112.04303,41.71144],[-112.03963,41.71536],[-112.03999,41.71733],[-112.03831,41.71977],[-112.03924,41.72277],[-112.03895,41.72375],[-112.03737,41.72489],[-112.03645,41.72708],[-112.03392,41.72888],[-112.02998,41.73521],[-112.02578,41.73891],[-112.02615,41.74229],[-112.02373,41.7431],[-112.01675,41.74403],[-112.0116,41.74373],[-112.009,41.74463],[-112.00308,41.74492],[-112.00056,41.74669],[-111.98585,41.74711],[-111.9822,41.74866],[-111.97792,41.74949],[-111.96267,41.7496],[-111.95313,41.75043],[-111.95121,41.75114],[-111.94895,41.75313],[-111.93907,41.75105],[-111.92439,41.74519]],[[-111.3781,41.46975],[-111.3689,41.47172],[-111.36329,41.47152],[-111.35605,41.47392],[-111.34196,41.47572],[-111.33796,41.47729],[-111.33575,41.47969],[-111.33116,41.47971],[-111.32931,41.48118],[-111.32657,41.48144],[-111.32024,41.48469],[-111.31804,41.48693],[-111.31783,41.48834],[-111.31675,41.48955],[-111.31296,41.49088],[-111.3065,41.4907],[-111.30055,41.49269],[-111.29667,41.4929],[-111.29548,41.49241],[-111.29555,41.49105],[-111.28957,41.48674],[-111.28621,41.4877],[-111.27738,41.48714],[-111.26749,41.48936],[-111.26033,41.49171],[-111.25586,41.49401],[-111.25819,41.49721],[-111.25723,41.49874],[-111.25735,41.50609],[-111.2596,41.50679],[-111.26989,41.50521],[-111.26976,41.50778],[-111.26777,41.51102],[-111.26766,41.51404],[-111.26427,41.51733],[-111.2646,41.52011],[-111.26732,41.52131],[-111.26419,41.52628],[-111.264,41.52884],[-111.26481,41.53158]],[[-111.26229,41.76429],[-111.26241,41.76721],[-111.26408,41.77206],[-111.26344,41.77336],[-111.2638,41.77541],[-111.26454,41.77758],[-111.26679,41.78037],[-111.26651,41.78229],[-111.26402,41.78456],[-111.2639,41.78623],[-111.26512,41.78758],[-111.27168,41.79053],[-111.27287,41.79377],[-111.26434,41.79654],[-111.26343,41.79924],[-111.25966,41.80065],[-111.25643,41.80471],[-111.2505,41.80817],[-111.24556,41.81374]],[[-111.17193,41.90691],[-111.1746,41.90513],[-111.18232,41.90418],[-111.18343,41.90243],[-111.18524,41.90154],[-111.18933,41.90126],[-111.18948,41.89965],[-111.1918,41.89678],[-111.19492,41.89541],[-111.19396,41.89397],[-111.19506,41.89172],[-111.19485,41.88974],[-111.19775,41.88719],[-111.19906,41.88387],[-111.20524,41.87982],[-111.20813,41.87933],[-111.21002,41.87759],[-111.21233,41.87393],[-111.21686,41.87407],[-111.21945,41.87292],[-111.22688,41.87267],[-111.23129,41.87137],[-111.23581,41.87153],[-111.24225,41.8739],[-111.24556,41.87334],[-111.24776,41.86662],[-111.25065,41.86308],[-111.25549,41.86269],[-111.25434,41.85959],[-111.25461,41.85837],[-111.25609,41.85551],[-111.2588,41.85302]],[[-111.41676,41.71407],[-111.41793,41.71614],[-111.41751,41.72032],[-111.41817,41.72204],[-111.41998,41.72315],[-111.42001,41.72456],[-111.42872,41.72669],[-111.43686,41.73326],[-111.44191,41.73573],[-111.44188,41.73842],[-111.44069,41.73971],[-111.44064,41.74116],[-111.44147,41.74218],[-111.44445,41.74337],[-111.44514,41.74479],[-111.44445,41.74608],[-111.44188,41.7479],[-111.44281,41.7504],[-111.44116,41.75605],[-111.44188,41.75739],[-111.44455,41.75852],[-111.4455,41.76044],[-111.44519,41.7641],[-111.44384,41.76512],[-111.44477,41.76722],[-111.44336,41.77132]],[[-111.24556,41.81374],[-111.24345,41.81267],[-111.24021,41.81213],[-111.23208,41.80609],[-111.22894,41.80579],[-111.22737,41.80278],[-111.22363,41.80155],[-111.20651,41.79978],[-111.20394,41.80105],[-111.19619,41.80141],[-111.19043,41.80482],[-111.18722,41.80599],[-111.17095,41.8055],[-111.16191,41.81087],[-111.15522,41.81174],[-111.15032,41.81828],[-111.14443,41.8201],[-111.13876,41.81853],[-111.13371,41.81961],[-111.13041,41.82178],[-111.12981,41.82571],[-111.12722,41.8258],[-111.12709,41.82859],[-111.12493,41.82976],[-111.12059,41.82932],[-111.11703,41.82987],[-111.11421,41.82803],[-111.11472,41.82459],[-111.1073,41.82137],[-111.10602,41.82196],[-111.09496,41.82206],[-111.08697,41.81968],[-111.07706,41.8157],[-111.07004,41.8179],[-111.06689,41.81978],[-111.06484,41.82007],[-111.06401,41.82085],[-111.06389,41.82235],[-111.06037,41.82552]],[[-111.54372,41.5887],[-111.5444,41.593],[-111.5479,41.59609],[-111.55046,41.59496],[-111.55549,41.59486],[-111.55926,41.5975],[-111.56599,41.60039],[-111.56931,41.59953]],[[-111.41531,41.67634],[-111.42136,41.67421],[-111.42391,41.67489],[-111.42674,41.67798]],[[-111.5623,41.62505],[-111.55014,41.62804],[-111.5461,41.63064],[-111.54567,41.63191],[-111.54297,41.63296],[-111.5346,41.63467],[-111.53197,41.63433],[-111.52696,41.63706],[-111.52218,41.63708],[-111.52119,41.63787],[-111.51654,41.63908],[-111.50752,41.64073],[-111.50538,41.64229],[-111.50276,41.64203],[-111.49913,41.64337],[-111.4931,41.64414],[-111.48664,41.6437],[-111.48541,41.64233],[-111.48092,41.64183],[-111.47159,41.63706],[-111.47005,41.64011],[-111.46457,41.63954],[-111.45972,41.643],[-111.45753,41.64335],[-111.4528,41.64078],[-111.45142,41.64171],[-111.44902,41.64142],[-111.44745,41.64285],[-111.44125,41.64022],[-111.43842,41.63828],[-111.43349,41.6386],[-111.43132,41.63781],[-111.42558,41.63945],[-111.42324,41.63926],[-111.41864,41.64024],[-111.4164,41.63941]],[[-111.44336,41.77132],[-111.44643,41.77296],[-111.44957,41.77207],[-111.45056,41.77403],[-111.4524,41.77574],[-111.45213,41.77821],[-111.45464,41.77949],[-111.45515,41.78314],[-111.45341,41.78537],[-111.45444,41.78823],[-111.45354,41.7907],[-111.4518,41.79141],[-111.4509,41.79263],[-111.45241,41.79613],[-111.4525,41.79898],[-111.45408,41.80208],[-111.45353,41.80507],[-111.45733,41.80741],[-111.45771,41.80962],[-111.45684,41.81218],[-111.46125,41.81433],[-111.46116,41.81837],[-111.46795,41.82469],[-111.47144,41.82591],[-111.47657,41.82936],[-111.4807,41.83432],[-111.49336,41.84281],[-111.49745,41.84698],[-111.50145,41.84977]],[[-112.12222,41.92865],[-112.12281,41.93204],[-112.12419,41.93444],[-112.12432,41.94087],[-112.12692,41.94606],[-112.12779,41.94615],[-112.12901,41.94815],[-112.12909,41.94922]],[[-112.12909,41.94922],[-112.13132,41.94927],[-112.13664,41.94678],[-112.14098,41.94616],[-112.14516,41.9411],[-112.14727,41.94042],[-112.14945,41.93811],[-112.15515,41.93745],[-112.16404,41.93519],[-112.1778,41.92934],[-112.19789,41.92757],[-112.20157,41.92863],[-112.20509,41.92858],[-112.21891,41.92603],[-112.22106,41.92509]],[[-111.42674,41.67798],[-111.4253,41.68456],[-111.42581,41.68674],[-111.42446,41.6881],[-111.42399,41.69191],[-111.42873,41.69603],[-111.42703,41.69681],[-111.42017,41.69703],[-111.42028,41.69856],[-111.42171,41.70043],[-111.42109,41.70644],[-111.41779,41.70942],[-111.41788,41.71092],[-111.41676,41.71407]],[[-112.22106,41.92509],[-112.22832,41.92163],[-112.2366,41.91972],[-112.23995,41.9172],[-112.241,41.91449],[-112.24477,41.91351],[-112.24918,41.91349],[-112.25079,41.91055],[-112.25492,41.90877],[-112.26002,41.90858],[-112.26665,41.90642],[-112.26995,41.90754],[-112.27258,41.90571],[-112.27553,41.90675],[-112.27808,41.90585],[-112.28096,41.90626],[-112.28443,41.90564],[-112.28748,41.90403],[-112.29096,41.90416],[-112.29273,41.90485],[-112.29717,41.90371],[-112.30151,41.90499],[-112.30613,41.90363],[-112.30997,41.90402],[-112.31217,41.902],[-112.31511,41.90081]],[[-111.50782,41.85245],[-111.50265,41.85896],[-111.50201,41.86107],[-111.50849,41.86628],[-111.50925,41.86837],[-111.50355,41.86803],[-111.50051,41.8708],[-111.49451,41.87365],[-111.49261,41.87668],[-111.49227,41.8789],[-111.49275,41.88155]],[[-112.0678,41.88153],[-112.07147,41.88486],[-112.07194,41.88613],[-112.07496,41.88817],[-112.07561,41.89067],[-112.07927,41.89414],[-112.07921,41.89594],[-112.08556,41.90332],[-112.09335,41.9071],[-112.0961,41.90747],[-112.10115,41.91003],[-112.10483,41.91064],[-112.10683,41.91253],[-112.10891,41.91651],[-112.11147,41.91708],[-112.11488,41.91938],[-112.12222,41.92865]],[[-111.2588,41.85302],[-111.26236,41.85373],[-111.26978,41.85101],[-111.26942,41.8496],[-111.26773,41.84795],[-111.26842,41.84549],[-111.27427,41.84395],[-111.27504,41.84316],[-111.27987,41.8426],[-111.27976,41.83959],[-111.28328,41.83499],[-111.28667,41.83328],[-111.29021,41.83256],[-111.29513,41.82893],[-111.29597,41.82917],[-111.29598,41.83095],[-111.30033,41.83075],[-111.30345,41.83192],[-111.30478,41.83189],[-111.30783,41.83039],[-111.31175,41.83059],[-111.31982,41.83626],[-111.32482,41.8389]],[[-111.06037,41.82552],[-111.05841,41.82808],[-111.05694,41.82856],[-111.05417,41.82797],[-111.05326,41.82974],[-111.05464,41.82963],[-111.05569,41.83052],[-111.05957,41.83151],[-111.06554,41.83175],[-111.07126,41.83318],[-111.07747,41.83597],[-111.08121,41.83945],[-111.08545,41.84038],[-111.08668,41.84331],[-111.08659,41.84474],[-111.08897,41.84584],[-111.08819,41.85006],[-111.08972,41.8513],[-111.08976,41.85289],[-111.09094,41.85398],[-111.09743,41.85436],[-111.1028,41.85307],[-111.10926,41.85385],[-111.11202,41.85874],[-111.11714,41.85994],[-111.11609,41.86374],[-111.11417,41.86552],[-111.11504,41.86861],[-111.11749,41.871],[-111.11844,41.87302],[-111.12069,41.87381],[-111.12265,41.87604],[-111.12612,41.87708],[-111.12815,41.87933],[-111.13142,41.88153],[-111.13414,41.88299],[-111.13669,41.88346],[-111.13984,41.89007],[-111.14265,41.89224],[-111.15184,41.89361],[-111.15436,41.89538],[-111.16102,41.89698],[-111.16118,41.89926],[-111.16255,41.90113],[-111.16556,41.9036],[-111.17193,41.90691]],[[-111.86308,41.9907],[-111.86325,41.98926],[-111.85478,41.97922],[-111.85316,41.97526],[-111.85125,41.97248],[-111.84909,41.9624],[-111.85032,41.95986],[-111.85513,41.95571],[-111.85946,41.9498],[-111.86136,41.94143],[-111.86714,41.92735],[-111.86751,41.92434],[-111.86683,41.92224],[-111.87035,41.9203],[-111.87393,41.91942],[-111.87713,41.91678],[-111.88061,41.91565],[-111.88213,41.91402],[-111.88061,41.90997],[-111.88228,41.90799],[-111.88198,41.9068],[-111.88274,41.90433],[-111.87806,41.90163],[-111.87988,41.90041],[-111.8791,41.89756]],[[-111.33469,41.79161],[-111.33785,41.79401],[-111.34016,41.79738],[-111.34017,41.79817],[-111.3381,41.80005],[-111.33974,41.80127],[-111.33931,41.80411],[-111.34196,41.80529],[-111.34047,41.80789],[-111.34061,41.80944],[-111.34103,41.81011],[-111.34463,41.81138],[-111.34468,41.81496],[-111.34389,41.81637],[-111.3447,41.8177],[-111.34458,41.81903],[-111.34825,41.82031],[-111.3535,41.8208],[-111.35683,41.82233],[-111.35797,41.81787],[-111.36043,41.81354],[-111.36387,41.8049],[-111.36524,41.79972],[-111.36864,41.7957],[-111.36913,41.79297],[-111.37177,41.788],[-111.37471,41.78505],[-111.37723,41.78426],[-111.38155,41.78096],[-111.38367,41.77854],[-111.38739,41.77656],[-111.39119,41.77326],[-111.40172,41.77273],[-111.40408,41.77124],[-111.40567,41.77144],[-111.40944,41.77043],[-111.41588,41.77163],[-111.41733,41.77323],[-111.41729,41.77448],[-111.42363,41.77561],[-111.42594,41.77469],[-111.42821,41.77157],[-111.43115,41.76908],[-111.43616,41.76967],[-111.43922,41.76925],[-111.44336,41.77132]],[[-111.32482,41.8389],[-111.3271,41.83862],[-111.32826,41.83745],[-111.32734,41.83674],[-111.3273,41.83249],[-111.32633,41.82708],[-111.31936,41.82093],[-111.31883,41.81885],[-111.31782,41.81796],[-111.31862,41.81614],[-111.31488,41.81365],[-111.31655,41.80821],[-111.31618,41.80674],[-111.31472,41.8057],[-111.31499,41.80445],[-111.31447,41.80371],[-111.31531,41.80178],[-111.31956,41.80032],[-111.32134,41.79816],[-111.32249,41.79332],[-111.33059,41.79044],[-111.33469,41.79161]],[[-112.12222,41.92865],[-112.12458,41.92726],[-112.12468,41.92631],[-112.12721,41.92432],[-112.12694,41.92261],[-112.12982,41.92146],[-112.13032,41.92071],[-112.13022,41.91886],[-112.13171,41.91607],[-112.1303,41.91535],[-112.13008,41.91255],[-112.13063,41.91049],[-112.13286,41.9081],[-112.13507,41.90669],[-112.13881,41.90578],[-112.14267,41.90188],[-112.15356,41.89435],[-112.15675,41.89095],[-112.16575,41.88521],[-112.1676,41.88021],[-112.16802,41.87023],[-112.16909,41.86908],[-112.17103,41.86835],[-112.1733,41.86582],[-112.17453,41.86586],[-112.17594,41.8643],[-112.18279,41.86356],[-112.18867,41.85976],[-112.19209,41.85902],[-112.2021,41.85957],[-112.21065,41.85866],[-112.2133,41.85658],[-112.21662,41.85667],[-112.21897,41.8546],[-112.22611,41.8549],[-112.23282,41.85399],[-112.23404,41.85559],[-112.24234,41.86112],[-112.24638,41.86488],[-112.25055,41.86129],[-112.25826,41.85906]],[[-111.48639,41.66952],[-111.48504,41.66787],[-111.48175,41.66817],[-111.47654,41.6671],[-111.4681,41.6688],[-111.46538,41.66859],[-111.46334,41.67092],[-111.46109,41.67177],[-111.45777,41.6718],[-111.45369,41.67496],[-111.45121,41.674],[-111.44516,41.67421],[-111.44243,41.67301],[-111.44096,41.67484],[-111.43613,41.67655],[-111.433,41.67944],[-111.42674,41.67798]],[[-112.16556,41.69841],[-112.1644,41.6899],[-112.162,41.68311],[-112.16455,41.68191],[-112.16667,41.67975],[-112.1677,41.67265],[-112.16619,41.66806],[-112.16298,41.66253],[-112.16264,41.66045],[-112.16683,41.65279],[-112.17441,41.6508],[-112.17729,41.64889],[-112.17814,41.6468],[-112.1806,41.63211],[-112.17993,41.62835],[-112.17603,41.61812],[-112.17814,41.61174],[-112.17705,41.60963],[-112.1745,41.60799],[-112.17485,41.60541],[-112.17377,41.60272],[-112.17133,41.60177],[-112.17081,41.60013],[-112.1723,41.5966],[-112.17189,41.59554]],[[-112.17189,41.59554],[-112.16974,41.59476],[-112.16399,41.59523],[-112.15799,41.59338],[-112.14954,41.59356],[-112.14051,41.59198],[-112.1287,41.5912],[-112.12304,41.5882],[-112.11999,41.58577],[-112.11838,41.5854],[-112.1171,41.58614]],[[-111.59962,41.64336],[-111.59655,41.64526],[-111.59663,41.64687],[-111.59557,41.64855],[-111.59212,41.64658],[-111.59075,41.64985],[-111.5884,41.65127],[-111.58506,41.65111],[-111.58268,41.65481],[-111.58527,41.65829],[-111.58481,41.65916],[-111.58265,41.66025],[-111.58212,41.66307],[-111.57931,41.66611],[-111.57607,41.66612],[-111.57562,41.66694],[-111.57317,41.6677],[-111.57224,41.66448],[-111.57081,41.664],[-111.56708,41.66463],[-111.56387,41.66699],[-111.56103,41.66809],[-111.55522,41.66573],[-111.55104,41.66614],[-111.54674,41.66468],[-111.54544,41.66555],[-111.54359,41.66575],[-111.53993,41.66526],[-111.53757,41.66698],[-111.52298,41.66656],[-111.5211,41.66997],[-111.51431,41.67127],[-111.50893,41.67141],[-111.50393,41.67007],[-111.502,41.67154],[-111.50083,41.67155],[-111.4964,41.6697],[-111.49527,41.66853],[-111.49266,41.66924],[-111.48639,41.66952]],[[-112.06394,41.86799],[-112.06467,41.87069],[-112.06386,41.87537],[-112.06572,41.87694],[-112.06569,41.87825],[-112.0678,41.88153]],[[-112.11955,41.78634],[-112.13798,41.78282],[-112.14146,41.78351],[-112.1468,41.78784],[-112.14799,41.79014],[-112.14873,41.79437],[-112.146,41.79783],[-112.1447,41.80145],[-112.14439,41.80627],[-112.14509,41.81785],[-112.14765,41.82205],[-112.15009,41.83027],[-112.15122,41.83128],[-112.15792,41.83375],[-112.15816,41.83517],[-112.15974,41.83706],[-112.16032,41.83957],[-112.16159,41.84028],[-112.17587,41.84444],[-112.18187,41.8468],[-112.18327,41.84657],[-112.19131,41.84181],[-112.19563,41.84086],[-112.20133,41.84104],[-112.20629,41.83946],[-112.21025,41.84092],[-112.21498,41.83951],[-112.21812,41.84048],[-112.2223,41.84081],[-112.22679,41.84246],[-112.22985,41.8448],[-112.23387,41.84548],[-112.23668,41.84405],[-112.2378,41.84273],[-112.24552,41.84265],[-112.25003,41.84081],[-112.2548,41.84142],[-112.25823,41.84326],[-112.26017,41.84344]],[[-111.24556,41.81374],[-111.24534,41.81531],[-111.24605,41.81629],[-111.25577,41.81976],[-111.25347,41.82539],[-111.2575,41.82766],[-111.25833,41.83019],[-111.25627,41.83109],[-111.24534,41.83129],[-111.24472,41.83287],[-111.24575,41.83778],[-111.24748,41.83926],[-111.25052,41.84038],[-111.24962,41.84233],[-111.25033,41.84393],[-111.2561,41.85107],[-111.2588,41.85302]],[[-112.10514,41.59269],[-112.1047,41.59478],[-112.10555,41.597],[-112.11078,41.60116],[-112.11123,41.6031],[-112.10965,41.60805],[-112.10882,41.61516],[-112.10902,41.62369],[-112.10766,41.62603],[-112.10428,41.62908],[-112.10368,41.63273],[-112.10123,41.63521],[-112.10424,41.63983],[-112.11081,41.64539],[-112.11119,41.64648],[-112.11054,41.6489],[-112.10723,41.65214],[-112.10578,41.66469],[-112.10395,41.669],[-112.10129,41.66987],[-112.08974,41.67016],[-112.085,41.66882],[-112.08113,41.66625],[-112.08073,41.66464],[-112.08224,41.66354],[-112.08118,41.66258],[-112.06324,41.66273],[-112.05286,41.66331],[-112.04806,41.66465],[-112.04698,41.66607],[-112.0399,41.66886],[-112.03063,41.67155],[-112.0275,41.67179]],[[-111.41531,41.67634],[-111.41436,41.6782],[-111.41289,41.67896]],[[-112.1171,41.58614],[-112.11479,41.58608],[-112.10812,41.58929],[-112.10514,41.59269]],[[-111.50339,41.91378],[-111.50412,41.91562],[-111.50617,41.91595],[-111.50729,41.91744],[-111.51149,41.92039],[-111.5165,41.92068],[-111.52106,41.91984],[-111.52519,41.91812],[-111.52513,41.91641],[-111.52623,41.91556],[-111.52774,41.9161],[-111.53121,41.91919],[-111.53176,41.92103],[-111.53141,41.92189],[-111.53544,41.92296],[-111.54359,41.92375],[-111.54783,41.92505],[-111.55147,41.9245],[-111.55533,41.92531],[-111.56184,41.92302]],[[-111.41289,41.67896],[-111.41144,41.67992],[-111.41293,41.68695],[-111.41182,41.68831],[-111.40907,41.68858],[-111.40608,41.69336],[-111.40312,41.69472],[-111.40005,41.6951],[-111.39758,41.69953],[-111.39402,41.7029],[-111.38839,41.70374],[-111.38676,41.70517],[-111.38256,41.70499],[-111.38242,41.7104],[-111.38166,41.71218],[-111.3841,41.71388],[-111.38542,41.7168],[-111.38092,41.71943],[-111.38007,41.72112],[-111.37558,41.72376],[-111.37266,41.72485],[-111.36471,41.72561],[-111.36282,41.72663],[-111.35791,41.72592],[-111.34773,41.72805],[-111.34211,41.72718],[-111.33938,41.72849],[-111.33722,41.73183],[-111.33673,41.73458],[-111.33437,41.73533],[-111.3341,41.73736],[-111.332,41.74126],[-111.33004,41.74182],[-111.32988,41.74407],[-111.32732,41.74676],[-111.32622,41.75088],[-111.32463,41.75182],[-111.32011,41.7526],[-111.31601,41.75079],[-111.31312,41.75067],[-111.30531,41.75274],[-111.29551,41.75373],[-111.29318,41.75454],[-111.29203,41.75619],[-111.28937,41.75793],[-111.2833,41.75948],[-111.28078,41.75935],[-111.26989,41.76098],[-111.26229,41.76429]],[[-111.33469,41.79161],[-111.33679,41.78636],[-111.33927,41.78495],[-111.34034,41.78323],[-111.34317,41.78272],[-111.34456,41.78098],[-111.34702,41.78094],[-111.34857,41.77937],[-111.35038,41.77922],[-111.35088,41.77753],[-111.35389,41.77361],[-111.35352,41.77177],[-111.3553,41.76974],[-111.35683,41.76538],[-111.35679,41.76342],[-111.35595,41.76173],[-111.35685,41.7572],[-111.35595,41.75551],[-111.356,41.75234],[-111.35339,41.75134],[-111.3536,41.75056],[-111.3595,41.74795],[-111.3683,41.74664],[-111.37287,41.74872],[-111.37396,41.74866],[-111.37507,41.74787],[-111.37684,41.74489],[-111.37974,41.74457],[-111.38068,41.74286],[-111.38327,41.74184],[-111.38285,41.74053],[-111.38459,41.73829],[-111.38492,41.73633],[-111.38871,41.73558],[-111.39013,41.73367],[-111.39027,41.73169],[-111.38911,41.72821],[-111.38943,41.72745],[-111.39411,41.72412],[-111.39942,41.7232],[-111.40355,41.72367],[-111.40395,41.72149],[-111.40756,41.71869],[-111.41053,41.71822],[-111.41228,41.71586],[-111.41508,41.71547],[-111.41676,41.71407]],[[-111.66366,42.00247],[-111.67651,41.99977],[-111.68184,42.00142],[-111.68626,42.00068],[-111.69177,42.00145]],[[-111.48639,41.66952],[-111.48669,41.67155],[-111.48801,41.6732],[-111.49222,41.67657],[-111.49625,41.67645],[-111.49646,41.67848],[-111.49819,41.68038],[-111.50012,41.68074],[-111.50332,41.67933],[-111.50736,41.67931],[-111.50738,41.68163],[-111.51223,41.68361],[-111.51407,41.68359],[-111.51496,41.6857],[-111.51884,41.68591],[-111.51976,41.68679],[-111.52456,41.68775],[-111.52823,41.68721],[-111.53164,41.68584],[-111.53253,41.68818],[-111.53609,41.69089],[-111.54068,41.69151],[-111.54528,41.68988],[-111.54709,41.69094],[-111.54752,41.69467],[-111.55013,41.69636],[-111.55801,41.69588],[-111.56094,41.69755],[-111.56145,41.70031],[-111.55723,41.7015],[-111.55543,41.70585],[-111.5534,41.70638],[-111.55193,41.70827],[-111.54932,41.70964],[-111.5485,41.71231],[-111.55136,41.71373],[-111.54927,41.71513],[-111.54306,41.71557],[-111.53793,41.7179],[-111.53699,41.71856],[-111.5369,41.72008],[-111.53482,41.72226],[-111.53563,41.72382],[-111.53283,41.72945],[-111.53282,41.73183],[-111.53338,41.73331],[-111.53602,41.73386],[-111.53788,41.7361],[-111.53648,41.73903],[-111.5374,41.74249]],[[-111.68635,41.53516],[-111.6843,41.53473],[-111.68119,41.53638],[-111.67689,41.53556],[-111.6746,41.5339],[-111.6707,41.53297],[-111.66938,41.53106]],[[-111.69031,41.5809],[-111.6909,41.57675],[-111.68833,41.57577],[-111.687,41.57342],[-111.68689,41.57139],[-111.68402,41.57166],[-111.68172,41.57114],[-111.67941,41.56859],[-111.67596,41.56648],[-111.66905,41.56525],[-111.66816,41.56447],[-111.66768,41.56083],[-111.66781,41.55977],[-111.6713,41.55831],[-111.67567,41.55849],[-111.67742,41.55737],[-111.68007,41.55686],[-111.68549,41.55312],[-111.68591,41.55128],[-111.68508,41.55043],[-111.68733,41.54724],[-111.69718,41.54325],[-111.6962,41.54156],[-111.69352,41.54014],[-111.6883,41.53885],[-111.68635,41.53516]],[[-111.69414,41.60221],[-111.69139,41.60199],[-111.68842,41.59643],[-111.6894,41.5916],[-111.68938,41.58587],[-111.68807,41.58593],[-111.68729,41.58358],[-111.68776,41.58044],[-111.69031,41.5809]],[[-111.56931,41.59953],[-111.56936,41.6043],[-111.5708,41.60493],[-111.57238,41.60987],[-111.56789,41.61335],[-111.56514,41.62185],[-111.56227,41.62382],[-111.5623,41.62505]],[[-111.69177,42.00145],[-111.6952,41.99656],[-111.70158,41.99493],[-111.70265,41.99392],[-111.70389,41.99107],[-111.70668,41.9896],[-111.70841,41.98732],[-111.71005,41.98675],[-111.71402,41.98726],[-111.71666,41.98688],[-111.72022,41.98789],[-111.72476,41.98775],[-111.72911,41.98414],[-111.7365,41.98741],[-111.74588,41.98315],[-111.74887,41.98331],[-111.75693,41.98135],[-111.7665,41.98131],[-111.77273,41.97714],[-111.77856,41.97028],[-111.78304,41.96691],[-111.78727,41.96468],[-111.7898,41.96397],[-111.79175,41.96423],[-111.79522,41.9601],[-111.79659,41.95949]],[[-111.65696,41.94773],[-111.65759,41.9497],[-111.6571,41.9515],[-111.65549,41.95365],[-111.65683,41.95674],[-111.65646,41.96288],[-111.65879,41.96425],[-111.65943,41.96634],[-111.6579,41.96881],[-111.66067,41.97199],[-111.66065,41.97401],[-111.66158,41.97577],[-111.65747,41.98164],[-111.65858,41.98296],[-111.6593,41.98615],[-111.66109,41.98705],[-111.66139,41.99024],[-111.66072,41.99335],[-111.66245,41.99465],[-111.66271,41.99693],[-111.66137,42.00019],[-111.66366,42.00247]],[[-111.83824,41.98921],[-111.84826,41.98735],[-111.85796,41.99],[-111.86308,41.9907]],[[-111.82171,41.99422],[-111.83251,41.98831],[-111.83617,41.98789],[-111.83824,41.98921]],[[-111.79659,41.95949],[-111.79774,41.96028],[-111.80578,41.96168],[-111.80771,41.96333],[-111.81297,41.96409],[-111.81577,41.96692],[-111.81971,41.9693],[-111.82337,41.96983],[-111.82412,41.97072],[-111.82349,41.97236],[-111.82042,41.97496],[-111.81824,41.98278],[-111.81867,41.98829],[-111.82171,41.99422]],[[-111.66938,41.53106],[-111.66768,41.53129],[-111.66619,41.53272],[-111.66521,41.53521],[-111.66306,41.53575],[-111.65698,41.53504],[-111.65536,41.53628],[-111.65181,41.53654],[-111.65028,41.53772],[-111.65045,41.54633],[-111.64468,41.55018],[-111.64473,41.55317],[-111.64152,41.55365],[-111.63218,41.55117],[-111.63011,41.5525],[-111.62592,41.55118],[-111.62254,41.55564],[-111.61992,41.55639],[-111.62116,41.56223],[-111.6262,41.56633],[-111.6251,41.56808],[-111.62608,41.56985],[-111.62662,41.57322],[-111.62564,41.57652],[-111.62363,41.58013],[-111.61967,41.58231],[-111.61981,41.58437],[-111.61838,41.58592],[-111.61882,41.58898],[-111.61822,41.59185],[-111.61662,41.59245],[-111.60943,41.59272],[-111.60837,41.59436],[-111.60246,41.59334],[-111.59319,41.59524],[-111.59048,41.59409],[-111.58409,41.59373],[-111.5821,41.59444],[-111.57828,41.59816],[-111.57664,41.59828],[-111.57353,41.59732],[-111.56931,41.59953]],[[-111.38098,41.37244],[-111.37682,41.376],[-111.37633,41.37811],[-111.37695,41.38061],[-111.37424,41.38405],[-111.37386,41.38549],[-111.37516,41.39004],[-111.37841,41.39228],[-111.378,41.39406],[-111.37642,41.39584],[-111.37258,41.39816],[-111.37106,41.4002],[-111.37049,41.40411],[-111.36624,41.40906],[-111.36486,41.41257],[-111.36247,41.41558],[-111.35901,41.41765]],[[-111.5623,41.62505],[-111.56608,41.62594],[-111.56832,41.62412],[-111.57182,41.62279],[-111.57424,41.62264],[-111.57626,41.61802],[-111.58226,41.61365],[-111.58223,41.61198],[-111.58357,41.60898],[-111.58651,41.60541],[-111.58889,41.60418],[-111.58877,41.60563],[-111.59025,41.60929],[-111.59281,41.61099],[-111.59428,41.61389],[-111.60105,41.61381],[-111.6039,41.61531],[-111.60741,41.61575],[-111.6101,41.61801],[-111.60982,41.61894],[-111.60776,41.62058],[-111.60063,41.62329],[-111.59819,41.62617],[-111.60002,41.62993],[-111.59639,41.63308],[-111.59748,41.63882],[-111.59936,41.64005],[-111.59898,41.64156],[-111.59979,41.64224],[-111.59962,41.64336]],[[-111.69414,41.60221],[-111.6932,41.60584],[-111.69052,41.60702],[-111.69015,41.60827],[-111.68882,41.60903],[-111.68832,41.61073],[-111.68862,41.61297],[-111.69932,41.61721],[-111.7007,41.6189],[-111.70661,41.62249],[-111.70719,41.62534],[-111.70647,41.62809],[-111.70829,41.63054]],[[-112.06394,41.86799],[-112.06566,41.86567],[-112.07226,41.86446],[-112.07366,41.86294],[-112.07068,41.86026],[-112.06453,41.85823],[-112.06461,41.85551],[-112.06244,41.84987],[-112.07132,41.84039],[-112.07277,41.83681],[-112.07586,41.83475],[-112.0768,41.8324],[-112.0806,41.83007],[-112.08154,41.82881],[-112.08419,41.82008],[-112.08315,41.81581],[-112.08344,41.81489],[-112.08913,41.81176],[-112.09926,41.8113],[-112.10352,41.80923],[-112.10642,41.80664],[-112.10864,41.80587],[-112.11194,41.79835],[-112.11963,41.7895],[-112.11955,41.78634]],[[-112.0275,41.67179],[-112.02746,41.67452],[-112.03092,41.68182],[-112.0364,41.68272],[-112.04076,41.68543],[-112.045,41.68684],[-112.04658,41.68865],[-112.04744,41.693],[-112.04936,41.6948],[-112.04921,41.69672],[-112.05171,41.69961],[-112.05113,41.70274],[-112.05145,41.70454],[-112.04991,41.70635],[-112.04334,41.70998],[-112.04272,41.71056],[-112.04303,41.71144]],[[-111.59962,41.64336],[-111.6003,41.64363],[-111.60199,41.64271],[-111.60322,41.64313],[-111.60292,41.63885],[-111.6059,41.63799],[-111.60652,41.63662],[-111.60963,41.63689],[-111.61211,41.63594],[-111.62106,41.63795],[-111.62886,41.63598],[-111.62877,41.63446],[-111.63045,41.63307],[-111.6317,41.62921],[-111.63233,41.6287],[-111.63375,41.6289],[-111.63483,41.62619],[-111.63679,41.62505],[-111.6393,41.62564],[-111.64231,41.62525],[-111.64579,41.6268],[-111.64547,41.62834],[-111.64677,41.6299],[-111.64757,41.63295],[-111.64709,41.63465],[-111.64603,41.63533],[-111.64759,41.63825],[-111.64995,41.63919],[-111.65153,41.63602],[-111.65344,41.63625],[-111.65594,41.63776],[-111.6628,41.64008],[-111.66405,41.64147],[-111.6688,41.64317],[-111.67083,41.64307],[-111.67501,41.64516],[-111.68369,41.64157],[-111.69317,41.64151],[-111.69504,41.6404],[-111.69771,41.63695],[-111.70364,41.63242],[-111.70829,41.63054]],[[-111.50145,41.84977],[-111.50782,41.85245]],[[-112.11955,41.78634],[-112.11941,41.77808],[-112.12035,41.77647],[-112.12298,41.77477],[-112.12328,41.77298],[-112.12588,41.76928],[-112.12506,41.76376],[-112.12595,41.75816],[-112.12848,41.75542],[-112.13147,41.75003],[-112.13221,41.74668],[-112.13459,41.74325],[-112.13711,41.74174],[-112.13866,41.7392],[-112.1427,41.73728],[-112.14331,41.73632],[-112.14337,41.72563],[-112.1379,41.72166],[-112.13697,41.72002],[-112.13972,41.70928],[-112.14201,41.70508],[-112.1437,41.69659],[-112.1388,41.68594],[-112.13646,41.67786],[-112.13455,41.67617],[-112.13069,41.67085],[-112.12527,41.66814],[-112.12434,41.66668],[-112.12493,41.66364],[-112.12946,41.65821],[-112.13077,41.65526],[-112.12909,41.64844],[-112.12869,41.64234],[-112.12962,41.63511],[-112.12821,41.63292],[-112.12327,41.62955],[-112.12268,41.62789],[-112.12327,41.62365],[-112.124,41.62222],[-112.12777,41.61867],[-112.12904,41.61503],[-112.12793,41.61163],[-112.12419,41.60584],[-112.12412,41.60445],[-112.12544,41.60115],[-112.12524,41.5991],[-112.11581,41.59038],[-112.11717,41.58766],[-112.1171,41.58614]],[[-111.69617,41.92325],[-111.70049,41.91756],[-111.70037,41.91548],[-111.70136,41.91361],[-111.70113,41.91209],[-111.70201,41.90945],[-111.7064,41.90818],[-111.71251,41.9084],[-111.71396,41.90588],[-111.71788,41.90292],[-111.71959,41.89995],[-111.72297,41.89955],[-111.72662,41.89697]],[[-112.04303,41.71144],[-112.0455,41.71868],[-112.0446,41.72475],[-112.04503,41.72743],[-112.04444,41.72979],[-112.04308,41.73078],[-112.04277,41.73241],[-112.04401,41.73514],[-112.0421,41.73856],[-112.03728,41.74309],[-112.03662,41.74642],[-112.03351,41.75056],[-112.03218,41.75596],[-112.03253,41.75701],[-112.03137,41.75935],[-112.03317,41.76153],[-112.03363,41.76438],[-112.03265,41.76827],[-112.03135,41.7697],[-112.02662,41.77219],[-112.02596,41.77388],[-112.02652,41.77472],[-112.02627,41.77635],[-112.02037,41.77983],[-112.01447,41.78018],[-112.0141,41.78084]],[[-111.94356,41.79431],[-111.94524,41.79462],[-111.94762,41.79696],[-111.94871,41.79891],[-111.94954,41.8035],[-111.95462,41.80905],[-111.94769,41.81099],[-111.94508,41.81623],[-111.9413,41.81935]],[[-111.67548,41.91896],[-111.68107,41.9201],[-111.6868,41.92408],[-111.6903,41.92465],[-111.69617,41.92325]],[[-111.69617,41.92325],[-111.6987,41.92367],[-111.70359,41.92748],[-111.70611,41.93222],[-111.70666,41.93941],[-111.71129,41.94169],[-111.71265,41.94606],[-111.72168,41.9456],[-111.72368,41.94332],[-111.72859,41.94114],[-111.73154,41.94054],[-111.73504,41.9374],[-111.73921,41.93667],[-111.74515,41.93711],[-111.74799,41.93769],[-111.75205,41.9422],[-111.75613,41.94504],[-111.76782,41.94626],[-111.77139,41.94607],[-111.77762,41.94432],[-111.77998,41.9445],[-111.78309,41.94763],[-111.78404,41.94986],[-111.78591,41.95195],[-111.79249,41.95454],[-111.79764,41.95534],[-111.80239,41.95481],[-111.80685,41.95213],[-111.8098,41.95204],[-111.81163,41.95267],[-111.8137,41.95563],[-111.81543,41.95656],[-111.82153,41.95717],[-111.82464,41.95622],[-111.82776,41.95727],[-111.83159,41.95746],[-111.82925,41.95947],[-111.82351,41.96038],[-111.8191,41.96203],[-111.80839,41.95934],[-111.80559,41.95769],[-111.80412,41.95776],[-111.80229,41.9589],[-111.79984,41.95861],[-111.79659,41.95949]],[[-111.80569,41.62577],[-111.8001,41.62344],[-111.79772,41.62],[-111.79232,41.61776],[-111.78181,41.6086],[-111.77371,41.60671],[-111.77202,41.60573],[-111.76611,41.60521],[-111.76478,41.60245],[-111.76232,41.60082],[-111.75763,41.60074],[-111.75323,41.60278],[-111.74848,41.6032],[-111.74314,41.60512],[-111.73899,41.60328],[-111.73595,41.60273],[-111.73271,41.60319],[-111.73085,41.60201],[-111.72387,41.60055],[-111.72404,41.59732],[-111.7202,41.59416],[-111.71394,41.59299],[-111.70976,41.59507],[-111.70437,41.59497],[-111.69414,41.60221]],[[-111.70829,41.63054],[-111.71,41.63281],[-111.71322,41.63399],[-111.7144,41.63594],[-111.72213,41.6395],[-111.72677,41.63927],[-111.72818,41.63778],[-111.73467,41.63535],[-111.74164,41.63429],[-111.7484,41.63599],[-111.75312,41.6364],[-111.75441,41.63714],[-111.7516,41.63842],[-111.74558,41.64633],[-111.74162,41.64669],[-111.73952,41.64898],[-111.74395,41.65299],[-111.74415,41.65519],[-111.74617,41.65765],[-111.74104,41.66397],[-111.7448,41.66681],[-111.74646,41.66976],[-111.7498,41.67153],[-111.7528,41.67423]],[[-112.31511,41.90081],[-112.31936,41.90078],[-112.31914,41.89897],[-112.32239,41.8971],[-112.32304,41.89529],[-112.32377,41.89517],[-112.3282,41.89694],[-112.32824,41.89919],[-112.33124,41.90091],[-112.33286,41.90306],[-112.34341,41.90511],[-112.34819,41.90419],[-112.34971,41.90163],[-112.35121,41.90101],[-112.35702,41.90187],[-112.36087,41.90058],[-112.36464,41.89701],[-112.36959,41.89555],[-112.36884,41.89182],[-112.37726,41.89124],[-112.37837,41.88954],[-112.38092,41.88946],[-112.38335,41.88855],[-112.38504,41.88986],[-112.38669,41.8901],[-112.38881,41.89304]],[[-112.25826,41.85906],[-112.26163,41.85888],[-112.26818,41.85609],[-112.27385,41.85773],[-112.27433,41.86058],[-112.27611,41.86188],[-112.27793,41.86726],[-112.28023,41.86906],[-112.28027,41.87147],[-112.28216,41.87374],[-112.2839,41.87487],[-112.28616,41.87532],[-112.28688,41.87812],[-112.29111,41.8813],[-112.29656,41.88683],[-112.29929,41.88727],[-112.30748,41.88557],[-112.30884,41.88721],[-112.30778,41.8897],[-112.30998,41.89419],[-112.311,41.89565],[-112.31249,41.89624],[-112.31283,41.89888],[-112.31511,41.90081]],[[-112.26017,41.84344],[-112.2604,41.84475],[-112.2615,41.84572],[-112.25996,41.84693],[-112.26099,41.85195],[-112.25984,41.85519],[-112.25787,41.85596],[-112.25826,41.85906]],[[-111.49275,41.88155],[-111.49227,41.88427],[-111.49359,41.88621],[-111.49785,41.88758],[-111.50313,41.88783],[-111.50018,41.89309],[-111.50068,41.89862],[-111.50486,41.90265],[-111.51199,41.90512],[-111.51165,41.90836],[-111.50927,41.91166],[-111.5053,41.91142],[-111.50339,41.91378]],[[-112.22745,41.75455],[-112.22613,41.75824],[-112.23031,41.75919],[-112.23124,41.76892],[-112.23186,41.76996],[-112.23477,41.77164],[-112.23398,41.77523],[-112.23534,41.77772],[-112.23557,41.77988],[-112.23299,41.78362],[-112.23278,41.78569],[-112.2339,41.78792],[-112.23615,41.79006],[-112.23625,41.79256],[-112.23798,41.79316],[-112.24019,41.79282],[-112.24146,41.79372]],[[-111.72662,41.89697],[-111.73468,41.89714],[-111.74168,41.89575],[-111.74836,41.89873],[-111.7496,41.90001],[-111.75188,41.89991],[-111.75791,41.90162],[-111.76618,41.9018],[-111.77549,41.90086],[-111.77821,41.90251],[-111.78704,41.9037],[-111.7934,41.90704],[-111.8025,41.90893],[-111.81686,41.90865],[-111.82255,41.90941],[-111.83756,41.90763],[-111.84758,41.912],[-111.85037,41.91085],[-111.86084,41.91054],[-111.8643,41.90704],[-111.86955,41.90413],[-111.86994,41.90166],[-111.87299,41.90076],[-111.87743,41.8981],[-111.87875,41.89852],[-111.8791,41.89756]],[[-111.69568,41.8435],[-111.70015,41.83875],[-111.70367,41.8362],[-111.70608,41.83676],[-111.71766,41.84537],[-111.71907,41.84524],[-111.72329,41.84647],[-111.72604,41.84542],[-111.72813,41.8464],[-111.73199,41.84621],[-111.73548,41.84425],[-111.73874,41.84509],[-111.74951,41.84579],[-111.75212,41.84422],[-111.75737,41.84414],[-111.75842,41.84319],[-111.76504,41.84294],[-111.76946,41.84119],[-111.77371,41.84056],[-111.77668,41.84225],[-111.78132,41.84221],[-111.78547,41.84376],[-111.79019,41.84152],[-111.79366,41.84134],[-111.79708,41.84157],[-111.79977,41.84329],[-111.80964,41.84205],[-111.81766,41.83942],[-111.82709,41.83478],[-111.83789,41.83325],[-111.84136,41.83185],[-111.85772,41.8277],[-111.86316,41.82519],[-111.86719,41.82495]],[[-111.8791,41.89756],[-111.88953,41.89693],[-111.89192,41.89554],[-111.89333,41.89339]],[[-111.51553,41.78541],[-111.51214,41.7899],[-111.51202,41.79247],[-111.51378,41.79628],[-111.51271,41.79958],[-111.51107,41.80191],[-111.51205,41.80506],[-111.50769,41.80634],[-111.50728,41.80742],[-111.50549,41.80851],[-111.50544,41.81044],[-111.5042,41.81176],[-111.50296,41.81516],[-111.50136,41.81622],[-111.49866,41.81636],[-111.49773,41.81862],[-111.49788,41.81953],[-111.50306,41.82466],[-111.5087,41.82784],[-111.51055,41.83096],[-111.5131,41.83239],[-111.51409,41.83472],[-111.51642,41.83541],[-111.50641,41.84313],[-111.50228,41.84459],[-111.5011,41.84678],[-111.50145,41.84977]],[[-111.56184,41.92302],[-111.56388,41.92406],[-111.56591,41.92791],[-111.56772,41.92926],[-111.58256,41.93063],[-111.58896,41.92954],[-111.59389,41.93093],[-111.5955,41.93371],[-111.62379,41.93628],[-111.63107,41.939],[-111.6321,41.94061],[-111.63652,41.94126],[-111.64098,41.94109],[-111.6495,41.94289],[-111.6532,41.94493],[-111.65412,41.9467],[-111.65696,41.94773]],[[-112.24146,41.79372],[-112.2411,41.79442],[-112.24194,41.79759],[-112.24348,41.79922],[-112.24596,41.79986],[-112.2481,41.80155],[-112.25129,41.80582],[-112.25487,41.80586],[-112.25775,41.80711],[-112.26083,41.80688],[-112.26252,41.80763],[-112.26846,41.80635],[-112.27102,41.8078],[-112.27611,41.80797],[-112.27409,41.81074],[-112.27403,41.8117],[-112.27453,41.81365],[-112.27851,41.81899],[-112.27746,41.82031],[-112.27707,41.8237],[-112.27882,41.82702],[-112.27714,41.82918],[-112.27779,41.83018],[-112.27744,41.83383],[-112.27669,41.83497],[-112.2739,41.83517],[-112.27276,41.83602],[-112.26735,41.83442],[-112.26722,41.83764],[-112.26619,41.83929],[-112.26157,41.8389],[-112.26044,41.84041],[-112.26106,41.84224],[-112.26017,41.84344]],[[-111.86719,41.82495],[-111.87649,41.82632],[-111.88069,41.82784],[-111.8826,41.82919],[-111.88354,41.83188],[-111.88654,41.83295],[-111.87536,41.83689],[-111.86205,41.83871],[-111.85171,41.83871],[-111.84025,41.83962],[-111.82578,41.83852],[-111.81991,41.84184],[-111.81725,41.84441],[-111.81224,41.84549],[-111.80848,41.84718],[-111.80742,41.84874],[-111.80661,41.85203],[-111.80342,41.85709],[-111.80356,41.86006],[-111.80576,41.86251],[-111.80574,41.86355],[-111.80401,41.86466],[-111.79957,41.87191],[-111.79667,41.87302],[-111.79399,41.87614],[-111.78737,41.87866],[-111.78403,41.88256],[-111.78201,41.88291],[-111.78092,41.88376],[-111.77728,41.88362],[-111.77514,41.88429],[-111.76897,41.88316],[-111.76401,41.88573],[-111.76197,41.88489],[-111.75904,41.8865],[-111.75159,41.88791],[-111.74009,41.8879],[-111.73535,41.89019],[-111.73361,41.89368],[-111.72888,41.89492],[-111.72662,41.89697]],[[-111.96168,41.89802],[-111.96225,41.89261],[-111.96161,41.89156],[-111.96263,41.87945],[-111.96153,41.87721],[-111.96281,41.87661],[-111.96267,41.8739],[-111.96372,41.87374],[-111.96393,41.87262],[-111.96654,41.8715],[-111.96566,41.86851],[-111.966,41.86371],[-111.96922,41.86047],[-111.97051,41.85497],[-111.97011,41.85362],[-111.96769,41.85081],[-111.9663,41.84527],[-111.96486,41.84411],[-111.96522,41.84343]],[[-111.9413,41.81935],[-111.93338,41.8218],[-111.92979,41.82067],[-111.91922,41.82031],[-111.90669,41.82084],[-111.90579,41.82162],[-111.9058,41.82265],[-111.90804,41.82607],[-111.90815,41.82943],[-111.90945,41.83374],[-111.90889,41.83537],[-111.89631,41.84004],[-111.88839,41.84198],[-111.88823,41.8496],[-111.88943,41.85072],[-111.8939,41.85192],[-111.89631,41.8596],[-111.89623,41.86246],[-111.89259,41.86567],[-111.88955,41.86957],[-111.88537,41.87251],[-111.88029,41.88131],[-111.8792,41.8864],[-111.87992,41.88899],[-111.88145,41.89035],[-111.88916,41.89137],[-111.89333,41.89339]],[[-111.65696,41.94773],[-111.66017,41.94553],[-111.66256,41.94515],[-111.66317,41.94181],[-111.66642,41.93986],[-111.66775,41.93824],[-111.66786,41.93592],[-111.66873,41.93402],[-111.67168,41.93108],[-111.67279,41.92887],[-111.67244,41.92615],[-111.67364,41.92394],[-111.67451,41.91983],[-111.67548,41.91896]],[[-111.67548,41.91896],[-111.67601,41.91736],[-111.67569,41.91555],[-111.67369,41.91394],[-111.67543,41.91084],[-111.67397,41.90965],[-111.67172,41.90605],[-111.67091,41.90258],[-111.66964,41.90146],[-111.66979,41.8995],[-111.66865,41.89596]],[[-112.16556,41.69841],[-112.1662,41.70188],[-112.16997,41.70536],[-112.17134,41.71202],[-112.16895,41.72029],[-112.16864,41.72652],[-112.17359,41.73428],[-112.17813,41.73932],[-112.1825,41.74231],[-112.19005,41.74445],[-112.19675,41.74769],[-112.20014,41.74822],[-112.20689,41.74731],[-112.22048,41.75243],[-112.22412,41.75216],[-112.22683,41.75336],[-112.22745,41.75455]],[[-111.59239,41.83355],[-111.59063,41.83596],[-111.58598,41.83564],[-111.57794,41.83737],[-111.57607,41.84124],[-111.57415,41.84304],[-111.57437,41.84615],[-111.57308,41.84916],[-111.57148,41.84969],[-111.56643,41.84936],[-111.56352,41.85091],[-111.5615,41.85102],[-111.56123,41.85359],[-111.55947,41.85474],[-111.55501,41.85494],[-111.55155,41.85416],[-111.53712,41.85628],[-111.53432,41.85236],[-111.53353,41.85223],[-111.52573,41.85381],[-111.52155,41.85328],[-111.51633,41.85385],[-111.51208,41.85522],[-111.50782,41.85245]],[[-111.5374,41.74249],[-111.53675,41.74437],[-111.53499,41.74568],[-111.53376,41.74953],[-111.53222,41.75073],[-111.52903,41.7514],[-111.52612,41.75373],[-111.52591,41.75563],[-111.52249,41.75981],[-111.52164,41.7617],[-111.52274,41.76378],[-111.52047,41.76505],[-111.52036,41.76818],[-111.51847,41.77052],[-111.51881,41.77266],[-111.51702,41.77714],[-111.51731,41.77874],[-111.51553,41.78541]],[[-111.63968,41.73198],[-111.63643,41.73074],[-111.63598,41.72753],[-111.62979,41.72515],[-111.60151,41.72912],[-111.59651,41.72789],[-111.59617,41.72577],[-111.59485,41.72451],[-111.59067,41.72339],[-111.58786,41.72373],[-111.58616,41.72473],[-111.5797,41.72536],[-111.5798,41.72761],[-111.57869,41.73115],[-111.57704,41.73376],[-111.57744,41.73497],[-111.5768,41.73616],[-111.57062,41.73656],[-111.56582,41.73788],[-111.56414,41.73938],[-111.56409,41.74057],[-111.56215,41.74104],[-111.56161,41.74357],[-111.55981,41.7441],[-111.55649,41.74702],[-111.55445,41.74717],[-111.55184,41.7446],[-111.54552,41.74209],[-111.5374,41.74249]],[[-111.51553,41.78541],[-111.51816,41.78419],[-111.52372,41.78366],[-111.52475,41.78572],[-111.52798,41.7881],[-111.53337,41.78978],[-111.53426,41.79187],[-111.5377,41.79176],[-111.54081,41.79314],[-111.54518,41.79163],[-111.54755,41.79164],[-111.55075,41.79339],[-111.5544,41.79395],[-111.55791,41.79655],[-111.56383,41.79925],[-111.56492,41.80078],[-111.56807,41.80153],[-111.57082,41.80156],[-111.57344,41.79871],[-111.57684,41.79678]],[[-112.24146,41.79372],[-112.2427,41.79278],[-112.24732,41.7927],[-112.24937,41.79378],[-112.24974,41.79548],[-112.25124,41.79587],[-112.25983,41.79341],[-112.26158,41.79432],[-112.26664,41.79459],[-112.26985,41.79319],[-112.27729,41.79276],[-112.29051,41.79086],[-112.29166,41.79008],[-112.2919,41.78797],[-112.29271,41.78689],[-112.29172,41.7844],[-112.29197,41.78319],[-112.29676,41.78132],[-112.29748,41.78017],[-112.3003,41.77883],[-112.30064,41.77668],[-112.30293,41.77561],[-112.30548,41.77607],[-112.30658,41.77714],[-112.30976,41.77746],[-112.31232,41.77946],[-112.31593,41.78041],[-112.3174,41.78003],[-112.3188,41.77807],[-112.3219,41.77843],[-112.32356,41.77756],[-112.32753,41.77762],[-112.34068,41.78128],[-112.34658,41.78419],[-112.34921,41.78637]],[[-112.2278,41.60195],[-112.22395,41.60302],[-112.22394,41.61024],[-112.22703,41.61573],[-112.22963,41.61814],[-112.21561,41.6267],[-112.21512,41.62776],[-112.21552,41.6357],[-112.21362,41.64011],[-112.20996,41.64501],[-112.18798,41.66123],[-112.16844,41.68956],[-112.16645,41.69358],[-112.16556,41.69841]],[[-112.34108,41.68802],[-112.34059,41.68597],[-112.34105,41.68132],[-112.33975,41.67892],[-112.3366,41.67953],[-112.32986,41.6783],[-112.32703,41.67419],[-112.32478,41.67365],[-112.32413,41.6745],[-112.30732,41.67063],[-112.30602,41.669],[-112.30578,41.66634],[-112.30358,41.66477],[-112.29948,41.66008],[-112.29776,41.65708],[-112.29172,41.65319],[-112.28503,41.64434],[-112.27667,41.64366],[-112.27273,41.64083],[-112.26902,41.64045],[-112.26723,41.63507],[-112.26174,41.63239],[-112.26093,41.63136],[-112.25603,41.63047],[-112.25477,41.62453],[-112.25329,41.62261],[-112.24546,41.61802],[-112.24136,41.61442],[-112.23794,41.61257],[-112.22958,41.60253],[-112.2278,41.60195]],[[-111.96522,41.84343],[-111.96634,41.84219],[-111.96579,41.8398],[-111.96926,41.83622],[-111.9706,41.83253],[-111.97225,41.83077],[-111.97409,41.83031],[-111.97663,41.83433],[-111.97652,41.8367],[-111.97585,41.83923],[-111.97463,41.84068],[-111.97449,41.84241],[-111.97331,41.84301],[-111.97248,41.84474],[-111.97436,41.84628],[-111.97784,41.85152],[-111.98114,41.85357],[-111.98153,41.85944],[-111.9827,41.86102],[-111.98284,41.8653],[-111.98554,41.86922],[-111.98615,41.87475],[-111.9873,41.87601],[-111.98777,41.87772],[-111.99003,41.88012],[-111.99076,41.88205],[-111.99048,41.88409],[-111.989,41.886],[-111.98185,41.88856],[-111.97984,41.8903],[-111.97932,41.89135],[-111.9794,41.89467],[-111.98102,41.89754],[-111.99024,41.90343],[-112.00176,41.90197],[-112.01455,41.89717],[-112.02467,41.89572],[-112.03205,41.89356],[-112.04279,41.89249],[-112.04434,41.8912],[-112.04762,41.88444],[-112.04926,41.88327],[-112.05524,41.88226],[-112.05637,41.881],[-112.0581,41.88195],[-112.06539,41.88063],[-112.0678,41.88153]],[[-111.69568,41.8435],[-111.6928,41.8413],[-111.6886,41.84067],[-111.68477,41.83818],[-111.68392,41.83486],[-111.68523,41.83107],[-111.68496,41.82972],[-111.68122,41.82495],[-111.6833,41.82223],[-111.6851,41.81809],[-111.68599,41.8137],[-111.68497,41.80972],[-111.68584,41.80751],[-111.68579,41.80408],[-111.68979,41.80048],[-111.69402,41.79305]],[[-111.5006,41.43777],[-111.50542,41.44264],[-111.50602,41.44394],[-111.50512,41.44638],[-111.50287,41.44884],[-111.50328,41.45018],[-111.5051,41.45185],[-111.50307,41.45392],[-111.50364,41.45905],[-111.50107,41.46167],[-111.50085,41.46432]],[[-111.66865,41.89596],[-111.67012,41.89386],[-111.67309,41.89154],[-111.67385,41.88945],[-111.67881,41.88407],[-111.68099,41.88037],[-111.68288,41.87842],[-111.68369,41.87606],[-111.68321,41.87478],[-111.68368,41.87133],[-111.68449,41.87056],[-111.68738,41.86144],[-111.6866,41.85548],[-111.6881,41.85312],[-111.69211,41.85244],[-111.69307,41.85009],[-111.69233,41.84763],[-111.69568,41.8435]],[[-111.57684,41.79678],[-111.57884,41.80027],[-111.57671,41.80243],[-111.57639,41.8044],[-111.57499,41.80604],[-111.57623,41.80796],[-111.57641,41.80994],[-111.57736,41.8118],[-111.58117,41.8146],[-111.58206,41.81604],[-111.58599,41.81688],[-111.58809,41.81801],[-111.58951,41.82112],[-111.59253,41.8225],[-111.59215,41.82592],[-111.59363,41.82851],[-111.59184,41.82993],[-111.59056,41.83229],[-111.59111,41.83317],[-111.59239,41.83355]],[[-112.22745,41.75455],[-112.22879,41.75222],[-112.22905,41.74983],[-112.22812,41.74631],[-112.23148,41.74514],[-112.23241,41.74098],[-112.23151,41.7389],[-112.23115,41.73473],[-112.22944,41.73051],[-112.22895,41.72321],[-112.22938,41.72072],[-112.22865,41.71607],[-112.23097,41.71317],[-112.23171,41.71104],[-112.22992,41.70466],[-112.22924,41.69813],[-112.23047,41.68802],[-112.23198,41.68262],[-112.23073,41.67916],[-112.23486,41.67589],[-112.23392,41.67452],[-112.23624,41.67213],[-112.23672,41.66959],[-112.24113,41.66626],[-112.24334,41.6637],[-112.25494,41.65967],[-112.26492,41.65299],[-112.26803,41.65251],[-112.26734,41.6575],[-112.2698,41.66638],[-112.27186,41.66882],[-112.27789,41.68116],[-112.28351,41.68776],[-112.28583,41.69232],[-112.28836,41.69494],[-112.30114,41.70055],[-112.31367,41.70173],[-112.32675,41.70537],[-112.33702,41.70308],[-112.33774,41.69977],[-112.34211,41.69929]],[[-111.51083,41.42316],[-111.51021,41.42468],[-111.5107,41.4279],[-111.50806,41.42847],[-111.5069,41.42938],[-111.50729,41.43107],[-111.50672,41.43149],[-111.50688,41.43253],[-111.50464,41.43577],[-111.5006,41.43777]],[[-111.59239,41.83355],[-111.59427,41.83393],[-111.59682,41.83569],[-111.60634,41.84496],[-111.60826,41.8487],[-111.60806,41.85028],[-111.61478,41.85257],[-111.61701,41.85392],[-111.61867,41.85678],[-111.61818,41.85884],[-111.62746,41.86435],[-111.63595,41.8712],[-111.637,41.87461],[-111.63707,41.87726],[-111.64108,41.88056],[-111.64267,41.88379],[-111.64697,41.88584],[-111.65173,41.88676],[-111.65472,41.88917],[-111.66436,41.89212],[-111.66865,41.89596]],[[-111.63968,41.73198],[-111.63982,41.73318],[-111.63902,41.7345],[-111.63079,41.73602],[-111.62765,41.73865],[-111.62677,41.74518],[-111.62761,41.74716],[-111.62944,41.74848],[-111.63048,41.75111],[-111.63222,41.75231],[-111.63486,41.75256],[-111.63625,41.75357],[-111.63624,41.7572],[-111.63783,41.76084],[-111.63762,41.76291],[-111.63915,41.76564],[-111.63861,41.76658],[-111.63922,41.76876],[-111.63725,41.77264],[-111.63928,41.77632],[-111.64,41.77944],[-111.64149,41.7813]],[[-111.64149,41.7813],[-111.63615,41.78381],[-111.63293,41.7864],[-111.63412,41.79365],[-111.63215,41.79479],[-111.62947,41.79484],[-111.62615,41.7965],[-111.62439,41.80063],[-111.62229,41.80352],[-111.6205,41.80434],[-111.61489,41.80382],[-111.61315,41.80451],[-111.61213,41.80746],[-111.61051,41.80878],[-111.60744,41.8084],[-111.60552,41.80679],[-111.60443,41.80351],[-111.60645,41.80137],[-111.6056,41.79938],[-111.60018,41.80011],[-111.59773,41.79878],[-111.59203,41.79858],[-111.59099,41.79736],[-111.58699,41.79873],[-111.57807,41.79553],[-111.57684,41.79678]],[[-111.98186,41.53395],[-111.97771,41.53555],[-111.97826,41.5371],[-111.97697,41.53997],[-111.9755,41.54193],[-111.97313,41.54354],[-111.96863,41.54418],[-111.96466,41.54323],[-111.96251,41.54349],[-111.96066,41.54479],[-111.95998,41.54666],[-111.95533,41.54977],[-111.94635,41.553]],[[-111.69402,41.79305],[-111.69713,41.79284],[-111.70458,41.79014],[-111.70769,41.78794],[-111.70956,41.78447],[-111.71203,41.7825],[-111.71356,41.77904],[-111.71365,41.77722],[-111.71878,41.77395],[-111.72818,41.76392],[-111.73025,41.76341],[-111.73605,41.76523],[-111.73958,41.76465],[-111.74336,41.765],[-111.74644,41.76361],[-111.75017,41.76374],[-111.75513,41.76067],[-111.76033,41.75991]],[[-111.69195,41.71215],[-111.69182,41.71628],[-111.69114,41.71843],[-111.68877,41.72184],[-111.6874,41.72544],[-111.68647,41.72613],[-111.66777,41.72617],[-111.66578,41.72759],[-111.66048,41.72751],[-111.65813,41.72827],[-111.64845,41.72654],[-111.64482,41.7279],[-111.63968,41.73198]],[[-111.72133,41.42707],[-111.72157,41.42844],[-111.7228,41.42986],[-111.72237,41.43187],[-111.72527,41.43488],[-111.72101,41.43936],[-111.72209,41.44227]],[[-111.94635,41.553],[-111.94823,41.5546],[-111.94901,41.55683],[-111.95314,41.56197],[-111.95175,41.56334],[-111.95131,41.56562],[-111.95301,41.56706],[-111.95374,41.56913],[-111.95304,41.57384],[-111.94756,41.57636],[-111.94192,41.57545],[-111.9337,41.57679],[-111.92722,41.57891],[-111.92483,41.58112],[-111.92434,41.58288],[-111.91763,41.58741],[-111.916,41.58966],[-111.91174,41.59345]],[[-111.80569,41.62577],[-111.81489,41.63396],[-111.82593,41.63907],[-111.82897,41.64566],[-111.82816,41.65539],[-111.83204,41.65741],[-111.83377,41.65984],[-111.83728,41.66144],[-111.84163,41.66772],[-111.84527,41.67109],[-111.84703,41.67547],[-111.851,41.67982],[-111.85218,41.68194],[-111.85256,41.69196]],[[-111.64149,41.7813],[-111.64535,41.78382],[-111.64911,41.78467],[-111.65017,41.78601],[-111.6538,41.78789],[-111.65825,41.78602],[-111.66064,41.78629],[-111.6649,41.78506],[-111.67368,41.78459],[-111.67753,41.78383],[-111.68069,41.78236],[-111.68539,41.78383],[-111.69164,41.78766],[-111.69402,41.79305]],[[-111.85256,41.69196],[-111.85751,41.69552],[-111.86335,41.70113],[-111.8682,41.70293],[-111.87078,41.70503],[-111.8752,41.70654],[-111.88591,41.71319],[-111.88946,41.71415],[-111.89673,41.71457],[-111.90741,41.71865],[-111.91239,41.72181]],[[-111.91239,41.72181],[-111.91443,41.7231],[-111.91768,41.72897],[-111.92596,41.73517],[-111.93022,41.73703],[-111.93626,41.73693],[-111.94219,41.7395],[-111.94364,41.74123],[-111.94563,41.74151],[-111.9462,41.74237],[-111.94587,41.74355],[-111.94507,41.74389],[-111.94035,41.74263],[-111.93946,41.74173],[-111.93553,41.74306],[-111.93007,41.74176],[-111.92877,41.74391],[-111.92571,41.74432],[-111.92439,41.74519]],[[-111.7528,41.67423],[-111.75199,41.67687],[-111.74322,41.67816],[-111.73925,41.68049],[-111.73225,41.67812],[-111.71769,41.67645],[-111.71261,41.67649],[-111.7111,41.67596],[-111.71014,41.67389],[-111.70729,41.67298],[-111.70316,41.67309],[-111.70403,41.67425],[-111.70318,41.67488],[-111.70449,41.6766],[-111.69838,41.68226],[-111.69717,41.68668],[-111.69598,41.6885],[-111.69629,41.68978],[-111.69533,41.69179],[-111.69562,41.69309],[-111.69421,41.69607],[-111.6938,41.70143],[-111.69443,41.70528],[-111.69271,41.70834],[-111.69195,41.71215]],[[-111.89643,41.4969],[-111.89324,41.49596],[-111.88894,41.49646],[-111.88359,41.49584],[-111.8817,41.49471],[-111.87981,41.49242],[-111.88035,41.49119],[-111.87589,41.49007],[-111.87483,41.48697],[-111.87325,41.48535],[-111.87413,41.48434],[-111.87695,41.48343],[-111.87777,41.48239],[-111.87627,41.47945],[-111.87846,41.47599],[-111.87838,41.47021],[-111.87921,41.46819],[-111.87833,41.4647],[-111.87708,41.46395],[-111.87546,41.46412],[-111.8748,41.46253],[-111.87923,41.45536],[-111.87893,41.45235],[-111.88028,41.45193],[-111.88097,41.45053],[-111.88028,41.44259],[-111.88191,41.44049],[-111.88139,41.43808],[-111.88174,41.43446],[-111.88401,41.42582]],[[-111.85256,41.69196],[-111.85304,41.70514],[-111.84294,41.70503],[-111.83734,41.70281],[-111.83446,41.69937],[-111.8288,41.69853],[-111.82085,41.69624],[-111.81049,41.69591],[-111.80396,41.69646],[-111.80059,41.69471],[-111.79944,41.69293],[-111.79547,41.6919],[-111.79206,41.69004],[-111.79094,41.68691],[-111.78973,41.68573],[-111.78385,41.68288],[-111.78072,41.68022],[-111.77743,41.67895],[-111.77604,41.67593],[-111.77334,41.67389],[-111.76848,41.67445],[-111.76454,41.67387],[-111.7528,41.67423]],[[-112.0275,41.67179],[-112.02495,41.66846],[-112.01885,41.66368],[-112.01745,41.66168],[-112.01274,41.64813],[-112.01405,41.64527],[-112.01361,41.64418]],[[-111.69195,41.71215],[-111.70072,41.70996],[-111.70366,41.71247],[-111.70606,41.71642],[-111.71036,41.71595],[-111.7147,41.71666],[-111.71722,41.71363],[-111.71885,41.71352],[-111.7229,41.7161],[-111.72478,41.71879],[-111.72704,41.71868],[-111.72966,41.72138],[-111.73586,41.72574],[-111.74752,41.73035],[-111.7557,41.73235],[-111.76011,41.73029],[-111.76643,41.73121],[-111.76823,41.73253],[-111.77356,41.73431],[-111.77638,41.73445],[-111.77871,41.73607],[-111.78738,41.73894],[-111.78891,41.74029],[-111.79253,41.74115],[-111.79295,41.74302],[-111.79573,41.74518]],[[-111.86664,41.62756],[-111.85366,41.62361],[-111.84997,41.62118],[-111.84587,41.62053],[-111.81188,41.62403],[-111.80569,41.62577]],[[-111.79749,41.39234],[-111.79823,41.39298],[-111.8005,41.39911],[-111.79941,41.40609],[-111.80052,41.40955],[-111.7997,41.41403],[-111.80127,41.41595],[-111.80179,41.42026],[-111.80298,41.42366],[-111.80685,41.42661],[-111.80649,41.42976],[-111.80724,41.43091],[-111.80615,41.43282],[-111.80638,41.43502],[-111.81014,41.43712],[-111.81052,41.43806],[-111.81024,41.44585],[-111.80864,41.45056],[-111.81103,41.45196],[-111.81214,41.4549],[-111.8118,41.46238],[-111.81031,41.4659],[-111.81208,41.46955],[-111.81525,41.47216],[-111.81489,41.47722],[-111.81239,41.48026],[-111.81172,41.4827],[-111.81228,41.48581],[-111.81344,41.48797],[-111.81339,41.49109],[-111.81483,41.49577],[-111.81358,41.49786],[-111.81529,41.50031],[-111.81512,41.50398],[-111.81217,41.50342],[-111.80904,41.50443],[-111.80538,41.50409],[-111.80289,41.50158],[-111.79976,41.5003],[-111.79451,41.49304],[-111.78605,41.48725]],[[-111.72209,41.44227],[-111.71998,41.4458],[-111.71994,41.44681],[-111.72093,41.44805],[-111.72034,41.45065],[-111.71489,41.45707],[-111.71287,41.45891],[-111.71083,41.45975],[-111.70409,41.45995],[-111.7037,41.4609],[-111.70165,41.46166],[-111.70018,41.46346],[-111.70133,41.46721],[-111.70292,41.46947],[-111.70154,41.47592],[-111.70267,41.47839],[-111.70171,41.48253],[-111.6995,41.48376],[-111.69754,41.48876],[-111.69519,41.4911],[-111.69636,41.49347],[-111.69691,41.49674],[-111.69471,41.49768],[-111.69226,41.50344],[-111.69029,41.50525],[-111.6904,41.50703],[-111.68934,41.5097],[-111.68561,41.5139],[-111.68643,41.52225],[-111.68603,41.52374],[-111.68674,41.52681],[-111.68815,41.52892],[-111.68635,41.53516]],[[-112.0046,41.62944],[-112.00717,41.62746],[-112.00771,41.62344],[-112.0063,41.62046],[-112.00628,41.61465],[-112.00324,41.61217],[-112.00428,41.60648],[-112.00781,41.60057],[-112.00625,41.59746],[-112.00675,41.59186],[-112.00425,41.5887],[-112.00371,41.58623],[-112.00259,41.58499],[-112.00174,41.58097],[-111.99998,41.57889],[-112.00021,41.57657],[-111.99897,41.57456],[-111.999,41.57184],[-111.99692,41.57038],[-111.99409,41.56605],[-111.99491,41.56373],[-111.99455,41.56266],[-111.99663,41.56107],[-111.99673,41.55777],[-111.99277,41.55486],[-111.99142,41.55092],[-111.99192,41.54986],[-111.98949,41.54772],[-111.9882,41.54365],[-111.9847,41.53848],[-111.98385,41.53586],[-111.98186,41.53395]],[[-111.78605,41.48725],[-111.78321,41.48549],[-111.77613,41.48498],[-111.76656,41.48792],[-111.76492,41.48662],[-111.76173,41.4861],[-111.75544,41.48626],[-111.75237,41.48273],[-111.74722,41.4838],[-111.74122,41.48246],[-111.73608,41.48285],[-111.73274,41.48098],[-111.72178,41.47841],[-111.72004,41.47476],[-111.71971,41.46861],[-111.71799,41.46604],[-111.71922,41.46342],[-111.71858,41.46163],[-111.72073,41.4579],[-111.72043,41.45703],[-111.7211,41.45518],[-111.72485,41.4493],[-111.72744,41.44793],[-111.72785,41.44525],[-111.72452,41.44286],[-111.72209,41.44227]],[[-111.82194,41.52812],[-111.82005,41.5274],[-111.81404,41.52716],[-111.8119,41.52467],[-111.80755,41.52229],[-111.80624,41.51986],[-111.80232,41.51919],[-111.80201,41.516],[-111.79952,41.51],[-111.79813,41.50781],[-111.79496,41.5051],[-111.79211,41.49868],[-111.79164,41.49605],[-111.78972,41.49251],[-111.7873,41.49011],[-111.78605,41.48725]],[[-111.89643,41.4969],[-111.89451,41.4978],[-111.8915,41.50093],[-111.8857,41.50312],[-111.88268,41.5032],[-111.88224,41.50825],[-111.87391,41.51045],[-111.87424,41.51583],[-111.87118,41.51881],[-111.86742,41.52095],[-111.8603,41.52351],[-111.85672,41.52147],[-111.85364,41.52219],[-111.85338,41.52105],[-111.85092,41.5181],[-111.84753,41.51819],[-111.84219,41.52066],[-111.83756,41.52139],[-111.83583,41.52451],[-111.8315,41.52698],[-111.82377,41.52676],[-111.82194,41.52812]],[[-112.01361,41.64418],[-112.01551,41.6415],[-112.01306,41.63763],[-112.01311,41.63566],[-112.01129,41.63429],[-112.00632,41.63225],[-112.0046,41.62944]],[[-111.91174,41.59345],[-111.90868,41.59617],[-111.90056,41.60155],[-111.90015,41.60244],[-111.90092,41.60805],[-111.89982,41.61004],[-111.89392,41.6124],[-111.8771,41.61691],[-111.87444,41.61925],[-111.87335,41.62491],[-111.87161,41.62694],[-111.86664,41.62756]],[[-111.94635,41.553],[-111.94203,41.55295],[-111.93698,41.55091],[-111.93656,41.54865],[-111.93415,41.54687],[-111.93507,41.54467],[-111.93357,41.54156],[-111.93107,41.54075],[-111.92734,41.53714],[-111.9266,41.53693],[-111.92559,41.53775],[-111.92406,41.5377],[-111.92036,41.5391],[-111.91802,41.53917],[-111.91652,41.53845],[-111.91691,41.53764],[-111.91531,41.53525],[-111.91526,41.53343],[-111.91389,41.53196],[-111.91385,41.52468],[-111.91179,41.52254],[-111.9122,41.51867],[-111.90923,41.51764],[-111.90578,41.51479],[-111.90783,41.51338],[-111.90779,41.51133],[-111.9094,41.50826],[-111.9079,41.50488],[-111.906,41.50293],[-111.90697,41.50146],[-111.90574,41.49746],[-111.90504,41.49688],[-111.90088,41.49744],[-111.89825,41.49649],[-111.89643,41.4969]],[[-112.0046,41.62944],[-112.00132,41.62757],[-111.99781,41.62754],[-111.99232,41.6288],[-111.98603,41.62738],[-111.98002,41.62841],[-111.9739,41.63231],[-111.97407,41.63354],[-111.9704,41.6369],[-111.96652,41.63877],[-111.96573,41.64248],[-111.95695,41.64438],[-111.94855,41.64734],[-111.93628,41.64898],[-111.92927,41.64841],[-111.92836,41.64734],[-111.92346,41.64753],[-111.92351,41.64263],[-111.9199,41.63243],[-111.91777,41.62926],[-111.91362,41.62545],[-111.91139,41.62227],[-111.9114,41.618],[-111.91459,41.60892],[-111.91112,41.59983],[-111.91174,41.59345]],[[-111.82194,41.52812],[-111.81579,41.53291],[-111.81516,41.53559],[-111.81628,41.54024],[-111.81484,41.54259],[-111.81411,41.54551],[-111.81265,41.54699],[-111.80547,41.54828],[-111.80383,41.54914],[-111.80295,41.55077],[-111.80044,41.55061],[-111.79537,41.55152],[-111.79271,41.55285],[-111.79127,41.55451],[-111.78678,41.55631],[-111.78446,41.55804],[-111.78141,41.55836],[-111.77959,41.56011],[-111.77208,41.55684],[-111.77103,41.5569],[-111.7683,41.55872],[-111.7621,41.55939],[-111.76021,41.56086],[-111.75836,41.56753],[-111.75743,41.56791],[-111.75241,41.56781],[-111.74818,41.56945],[-111.74508,41.56924],[-111.74349,41.56838],[-111.73623,41.56817],[-111.73104,41.57058],[-111.72675,41.57092],[-111.72326,41.57242],[-111.72247,41.57467],[-111.72007,41.57579],[-111.71801,41.57875],[-111.71234,41.58112],[-111.71057,41.58276],[-111.70749,41.58377],[-111.70409,41.58303],[-111.70064,41.58369],[-111.69713,41.58352],[-111.69031,41.5809]],[[-111.58023,41.4865],[-111.57825,41.48396],[-111.57634,41.48302],[-111.57596,41.48111],[-111.57357,41.47992],[-111.56901,41.47888],[-111.56424,41.4793],[-111.56306,41.47873],[-111.56252,41.47514],[-111.55845,41.47331],[-111.55676,41.47131],[-111.5559,41.46697],[-111.55301,41.46653],[-111.54835,41.46395],[-111.54432,41.46377],[-111.54213,41.46214],[-111.53761,41.46118],[-111.53108,41.46121],[-111.52883,41.46033],[-111.52475,41.4605],[-111.52281,41.46161],[-111.51777,41.46159],[-111.51409,41.46074],[-111.50757,41.46235],[-111.50317,41.46416],[-111.50085,41.46432]],[[-110.85911,40.85567],[-110.85964,40.85642],[-110.86256,40.85658],[-110.86313,40.85778],[-110.86287,40.8591],[-110.86084,40.86135],[-110.86166,40.86443],[-110.86092,40.86684],[-110.86114,40.87081],[-110.86438,40.87421],[-110.86766,40.88233],[-110.87026,40.88383],[-110.87112,40.88539],[-110.86739,40.88698],[-110.86724,40.88874],[-110.86648,40.88958],[-110.86254,40.88979],[-110.85994,40.8947],[-110.85577,40.89688],[-110.85376,40.89683],[-110.85308,40.8983],[-110.85443,40.89875],[-110.85485,40.8998],[-110.85288,40.90602],[-110.85128,40.90552],[-110.85022,40.90604],[-110.84989,40.90776],[-110.84663,40.91082],[-110.84653,40.91336],[-110.84725,40.91508],[-110.84422,40.91591],[-110.84165,40.91746],[-110.84193,40.91922],[-110.84059,40.91981],[-110.84057,40.92295],[-110.84328,40.92264],[-110.84446,40.92328],[-110.84392,40.9271],[-110.84632,40.92997],[-110.84642,40.93242],[-110.84746,40.93531],[-110.84742,40.93795],[-110.84877,40.9429],[-110.85015,40.9437],[-110.85443,40.94429],[-110.85426,40.94608],[-110.85503,40.94632],[-110.8562,40.94891],[-110.85642,40.95285],[-110.8556,40.9554],[-110.85145,40.96317],[-110.8526,40.96398],[-110.85436,40.96203],[-110.85583,40.96192],[-110.86171,40.95895],[-110.86544,40.95966],[-110.86801,40.95708],[-110.87166,40.95803],[-110.87298,40.95791],[-110.87434,40.9568],[-110.87733,40.9564],[-110.87964,40.95526],[-110.88108,40.9526],[-110.88391,40.95066],[-110.88688,40.94959],[-110.89007,40.95045],[-110.89311,40.94864],[-110.89558,40.94919],[-110.89926,40.95373],[-110.90486,40.95409],[-110.90939,40.95676]],[[-110.90939,40.95676],[-110.90977,40.95405],[-110.91268,40.94758],[-110.91621,40.94548],[-110.91796,40.94286],[-110.92198,40.94012],[-110.92173,40.9375],[-110.92828,40.93227],[-110.93202,40.9274],[-110.93184,40.92555],[-110.94084,40.91725],[-110.94367,40.91365],[-110.94706,40.91134],[-110.94914,40.90901],[-110.952,40.90801],[-110.95364,40.9065],[-110.95664,40.90686],[-110.96039,40.90614],[-110.96353,40.90697]],[[-110.79951,40.9011],[-110.80106,40.90016],[-110.80475,40.901],[-110.80646,40.90021],[-110.80871,40.90017],[-110.81893,40.90739],[-110.82662,40.90964],[-110.83044,40.91168],[-110.8302,40.91003],[-110.82876,40.90798],[-110.821,40.90523],[-110.82066,40.90326],[-110.81949,40.90235],[-110.81975,40.90097],[-110.81767,40.90023],[-110.81662,40.89911],[-110.81718,40.89706],[-110.81556,40.88952],[-110.81614,40.88589],[-110.81538,40.88472],[-110.8172,40.88124],[-110.81852,40.87406],[-110.8178,40.87174],[-110.81483,40.87053],[-110.81203,40.86074],[-110.8125,40.85717]],[[-110.8125,40.85717],[-110.80899,40.85606],[-110.80682,40.85371],[-110.8064,40.85243],[-110.80705,40.84939],[-110.80238,40.84859],[-110.79915,40.84676],[-110.79629,40.84273],[-110.7895,40.84123],[-110.78962,40.83698],[-110.7913,40.83501],[-110.79011,40.83171],[-110.79107,40.83046],[-110.78803,40.82418],[-110.78609,40.8231],[-110.77547,40.8238],[-110.7727,40.82308],[-110.76625,40.8153],[-110.7617,40.80823],[-110.75658,40.80367],[-110.76056,40.79885],[-110.75785,40.79339],[-110.76182,40.79187],[-110.7656,40.78609],[-110.7646,40.7831],[-110.76323,40.78131],[-110.76,40.77869],[-110.75223,40.77405],[-110.75086,40.76949],[-110.74837,40.76673],[-110.74901,40.76355],[-110.7483,40.75997],[-110.75138,40.75168],[-110.75081,40.7476]],[[-110.71192,40.85677],[-110.71643,40.85622],[-110.72933,40.85738],[-110.73042,40.85905],[-110.73375,40.86011],[-110.73755,40.86535],[-110.741,40.86842],[-110.74135,40.87011],[-110.74571,40.87306],[-110.74908,40.87662],[-110.75449,40.87685],[-110.75527,40.87759],[-110.75699,40.87782],[-110.75881,40.88032],[-110.75899,40.88252],[-110.7619,40.88394],[-110.76549,40.88472],[-110.76776,40.88648],[-110.77337,40.88593],[-110.77718,40.88803],[-110.77962,40.88675],[-110.78242,40.88744],[-110.7839,40.88567],[-110.78629,40.88611],[-110.78879,40.88894],[-110.79297,40.89189],[-110.79423,40.89611],[-110.79517,40.8967],[-110.79509,40.89778],[-110.79679,40.89827],[-110.79951,40.9011]],[[-110.91902,40.78531],[-110.91861,40.78667],[-110.91241,40.79459],[-110.91274,40.79584],[-110.91548,40.79817],[-110.91535,40.79962],[-110.91451,40.80028],[-110.91354,40.80304],[-110.91454,40.8047],[-110.91555,40.81002],[-110.91356,40.81168],[-110.90919,40.81073],[-110.89204,40.81425],[-110.88414,40.81779],[-110.8813,40.82135],[-110.87993,40.82101],[-110.87906,40.8236],[-110.87544,40.82921],[-110.8751,40.83152],[-110.87274,40.83631],[-110.86959,40.83932],[-110.86738,40.84457],[-110.86738,40.84702],[-110.86529,40.84838],[-110.86395,40.85024],[-110.86016,40.85256],[-110.85911,40.85567]],[[-111.15423,41.65566],[-111.15233,41.65778],[-111.14735,41.66123],[-111.13574,41.66385],[-111.13925,41.66555],[-111.14969,41.66726],[-111.16584,41.67186],[-111.17703,41.67026],[-111.18154,41.67048],[-111.19712,41.67521],[-111.20546,41.68123],[-111.21003,41.68242],[-111.20212,41.68897],[-111.20254,41.69171]],[[-111.14729,41.65162],[-111.1476,41.65239],[-111.15304,41.65457],[-111.15423,41.65566]],[[-111.25425,41.22917],[-111.25041,41.23116],[-111.2486,41.23282],[-111.24549,41.23386],[-111.24337,41.23639],[-111.24329,41.23789],[-111.23838,41.23836],[-111.2337,41.24106],[-111.22965,41.24712],[-111.22649,41.24839],[-111.22489,41.25095],[-111.22084,41.25357],[-111.2185,41.25457],[-111.21248,41.2551],[-111.21081,41.25585],[-111.2099,41.25849],[-111.20769,41.25987],[-111.20884,41.26305],[-111.20681,41.26562],[-111.20151,41.26826],[-111.2014,41.2751]],[[-111.14085,41.4322],[-111.14254,41.43244],[-111.14548,41.43139],[-111.14838,41.43139],[-111.14747,41.43225],[-111.14765,41.43371],[-111.14652,41.43544],[-111.14686,41.43934],[-111.14815,41.44018],[-111.15101,41.44042],[-111.1581,41.43505],[-111.16166,41.43469],[-111.16818,41.43725],[-111.17324,41.44005],[-111.18108,41.44091],[-111.18459,41.44059],[-111.1904,41.4424],[-111.19388,41.44479],[-111.19582,41.44821],[-111.2026,41.45544],[-111.20522,41.45611],[-111.20988,41.4557],[-111.21409,41.45645],[-111.2151,41.45726],[-111.21506,41.45799],[-111.21811,41.45929],[-111.21932,41.46102],[-111.22127,41.46093],[-111.22422,41.46269],[-111.22631,41.46136],[-111.22789,41.46226],[-111.22935,41.46196],[-111.23066,41.46345],[-111.23431,41.4636],[-111.23768,41.46219],[-111.24211,41.46271]],[[-111.2014,41.2751],[-111.20383,41.27636],[-111.20901,41.27541],[-111.21222,41.27606],[-111.21612,41.27544],[-111.21831,41.2744],[-111.21979,41.27481],[-111.22006,41.27575],[-111.22158,41.27606],[-111.22202,41.27682],[-111.22367,41.27698],[-111.22384,41.27794],[-111.22025,41.2792],[-111.21964,41.28107],[-111.21712,41.2846],[-111.21137,41.2866],[-111.20806,41.28898],[-111.20217,41.28924],[-111.19869,41.28866],[-111.19389,41.29385],[-111.18491,41.29984],[-111.18462,41.30188],[-111.18233,41.30396],[-111.1818,41.30763],[-111.18286,41.30863],[-111.18657,41.30939],[-111.18748,41.31117],[-111.18649,41.31289],[-111.18441,41.31392],[-111.18251,41.31677],[-111.18083,41.31711],[-111.18089,41.31851],[-111.18209,41.31895],[-111.18439,41.32615],[-111.18823,41.33192],[-111.1882,41.33511],[-111.18971,41.33793],[-111.18992,41.34179],[-111.19104,41.34373],[-111.19324,41.34414],[-111.19238,41.34641],[-111.19337,41.34845],[-111.19188,41.35374],[-111.1767,41.35862],[-111.17439,41.36152],[-111.17546,41.36252]],[[-111.17546,41.36252],[-111.17475,41.36407],[-111.17216,41.36424],[-111.16808,41.36555],[-111.16896,41.36851],[-111.168,41.37088],[-111.16942,41.37289],[-111.16747,41.38147],[-111.16923,41.38841],[-111.169,41.38994],[-111.16778,41.39112],[-111.16826,41.39336],[-111.16612,41.39665],[-111.1598,41.39794],[-111.1531,41.40162],[-111.14779,41.40183],[-111.14572,41.40441],[-111.14271,41.40241],[-111.14149,41.40226],[-111.13951,41.4039],[-111.13318,41.40562],[-111.13428,41.408],[-111.13601,41.40867],[-111.1343,41.41417],[-111.13467,41.41799],[-111.13576,41.42098],[-111.14264,41.42127],[-111.14311,41.42376],[-111.14215,41.42465],[-111.14085,41.4322]],[[-111.11351,41.57148],[-111.11354,41.57248],[-111.1164,41.5772],[-111.1131,41.58234],[-111.11402,41.58298],[-111.11356,41.58398],[-111.1143,41.58475],[-111.11392,41.58638],[-111.11438,41.58709],[-111.11057,41.59102],[-111.11204,41.59363],[-111.11171,41.59461],[-111.11241,41.59676],[-111.11036,41.59928],[-111.11221,41.60185],[-111.10985,41.6048],[-111.10783,41.60542],[-111.10627,41.60779],[-111.1066,41.61059],[-111.10455,41.61268],[-111.10566,41.61644],[-111.10331,41.61674],[-111.10383,41.61888],[-111.10674,41.62229],[-111.10993,41.62314],[-111.11184,41.62524],[-111.11478,41.6262],[-111.11378,41.62885]],[[-111.17833,41.51753],[-111.17485,41.51642],[-111.17408,41.51705],[-111.16354,41.51595],[-111.15552,41.51302],[-111.15023,41.51186],[-111.14562,41.5088],[-111.14345,41.50848],[-111.13233,41.51586],[-111.13077,41.51588],[-111.1297,41.51931],[-111.12849,41.52019],[-111.12546,41.52059],[-111.12109,41.51944],[-111.11475,41.51898],[-111.11291,41.51984]],[[-111.11378,41.62885],[-111.11553,41.63003],[-111.11604,41.63125],[-111.11809,41.63193],[-111.11829,41.63345],[-111.12155,41.63446],[-111.12169,41.63584],[-111.12258,41.63643],[-111.12512,41.63725],[-111.12846,41.63693],[-111.13881,41.63989],[-111.14082,41.64263],[-111.1422,41.64724],[-111.1468,41.6502],[-111.14729,41.65162]],[[-111.34641,41.36124],[-111.34244,41.36196],[-111.33931,41.36331],[-111.33614,41.36355],[-111.33258,41.36507],[-111.32811,41.36506],[-111.32441,41.36746],[-111.32438,41.36904],[-111.32205,41.36872],[-111.31756,41.36534],[-111.31428,41.36486],[-111.30245,41.36795],[-111.29671,41.36764],[-111.29421,41.37023],[-111.28583,41.37123],[-111.28139,41.37425],[-111.2749,41.37395],[-111.2605,41.37728],[-111.25738,41.37688],[-111.25597,41.37523],[-111.24697,41.37415],[-111.24329,41.37551],[-111.24041,41.37528],[-111.23424,41.37656],[-111.22649,41.37622],[-111.22316,41.37725],[-111.21953,41.37741],[-111.21713,41.37837],[-111.2119,41.37811],[-111.20634,41.37887],[-111.20477,41.37837],[-111.19588,41.37928],[-111.19422,41.3792],[-111.18894,41.37666],[-111.18509,41.37244],[-111.18462,41.37063],[-111.18044,41.36989],[-111.17993,41.36899],[-111.18044,41.36546],[-111.17857,41.36336],[-111.17848,41.36201],[-111.17546,41.36252]],[[-111.11291,41.51984],[-111.11279,41.52221],[-111.11163,41.52401],[-111.10866,41.5258],[-111.1052,41.5268],[-111.10237,41.53004],[-111.09948,41.53137],[-111.0979,41.53487],[-111.09855,41.53864],[-111.09739,41.54022],[-111.09712,41.54188],[-111.10018,41.55109],[-111.1036,41.55329],[-111.10528,41.55336],[-111.10904,41.55187],[-111.1143,41.54735],[-111.11441,41.5535],[-111.11198,41.55506],[-111.11168,41.55613],[-111.11256,41.56164],[-111.11473,41.56588],[-111.11351,41.57148]],[[-111.28388,41.57197],[-111.27294,41.57323],[-111.27068,41.57394],[-111.26828,41.57575],[-111.26335,41.57593],[-111.25985,41.57733],[-111.25284,41.57816],[-111.24779,41.57974],[-111.2469,41.58017],[-111.24685,41.58132],[-111.24422,41.58491],[-111.24049,41.5842],[-111.2405,41.5827],[-111.23872,41.58149],[-111.23746,41.58151],[-111.23294,41.58374],[-111.23062,41.58861],[-111.22614,41.59128],[-111.22767,41.59202],[-111.22707,41.59399],[-111.22777,41.59606],[-111.22948,41.59813],[-111.22981,41.60006],[-111.2291,41.60075],[-111.22465,41.60123],[-111.22071,41.60316],[-111.21725,41.60343],[-111.21596,41.60443],[-111.21466,41.6071],[-111.21029,41.61003],[-111.20819,41.61019],[-111.20404,41.61239],[-111.20307,41.61469],[-111.2012,41.6156],[-111.20081,41.61715],[-111.20222,41.61867],[-111.2013,41.62008],[-111.20191,41.62097],[-111.20138,41.62279],[-111.20257,41.62423],[-111.19749,41.62842],[-111.19764,41.63101],[-111.19649,41.63591],[-111.19305,41.64001],[-111.18846,41.64189],[-111.18629,41.64502],[-111.1665,41.6483],[-111.15977,41.64861],[-111.14729,41.65162]],[[-111.94356,41.79431],[-111.94519,41.79136],[-111.94538,41.78706],[-111.95212,41.78728],[-111.96816,41.78626],[-111.98177,41.78052],[-111.98841,41.77916],[-111.99819,41.77899],[-112.00555,41.78029],[-112.0141,41.78084]],[[-111.41067,41.62734],[-111.40121,41.62468],[-111.39479,41.62727],[-111.39227,41.62624],[-111.3844,41.62542],[-111.37349,41.6276],[-111.36992,41.62722],[-111.3677,41.62798],[-111.35895,41.62823],[-111.35502,41.62927],[-111.35197,41.62848],[-111.34933,41.62649],[-111.33713,41.62844],[-111.32066,41.6279],[-111.31269,41.62101],[-111.31172,41.61545],[-111.3051,41.61528],[-111.30066,41.61108],[-111.29984,41.60864],[-111.30181,41.60422],[-111.30593,41.60174],[-111.30467,41.60017],[-111.30458,41.59749],[-111.3006,41.5952],[-111.29948,41.59297],[-111.29622,41.5926],[-111.29348,41.59104],[-111.28879,41.5911],[-111.2882,41.58861],[-111.2834,41.58676],[-111.283,41.58392],[-111.28563,41.58128],[-111.28571,41.57988],[-111.28775,41.57662],[-111.28954,41.57529],[-111.2881,41.57396],[-111.28534,41.57348],[-111.28388,41.57197]],[[-111.20254,41.69171],[-111.20164,41.69463],[-111.19932,41.6948],[-111.19701,41.69659],[-111.19163,41.69922],[-111.18669,41.70073],[-111.18275,41.7011],[-111.17949,41.70273],[-111.17253,41.70433],[-111.16504,41.70773],[-111.16116,41.71155],[-111.15887,41.71292],[-111.15026,41.71319],[-111.14373,41.71525],[-111.133,41.71712],[-111.1293,41.71885],[-111.12146,41.72002],[-111.11539,41.72215],[-111.10855,41.72911],[-111.10387,41.73225],[-111.09614,41.73364],[-111.09224,41.73567],[-111.08758,41.74582],[-111.08376,41.75207],[-111.0827,41.75775],[-111.08054,41.75911],[-111.08004,41.7614],[-111.08078,41.762],[-111.08275,41.76152],[-111.08698,41.75766],[-111.09638,41.75258],[-111.09844,41.75082],[-111.10215,41.75118],[-111.10697,41.75031],[-111.11308,41.74821],[-111.11452,41.74698],[-111.1179,41.74085],[-111.11959,41.74044],[-111.12345,41.73683],[-111.13354,41.72587],[-111.13702,41.72441],[-111.14653,41.72388],[-111.14708,41.72289],[-111.14811,41.72267],[-111.16557,41.72618],[-111.16942,41.7274],[-111.17126,41.72951],[-111.17998,41.7316],[-111.20124,41.72975],[-111.20159,41.73374],[-111.20394,41.73399],[-111.20707,41.73625],[-111.21128,41.73745],[-111.21434,41.73911],[-111.22029,41.74577],[-111.22853,41.74634],[-111.23165,41.74733],[-111.23819,41.74725],[-111.24594,41.75019]],[[-111.24594,41.75019],[-111.24984,41.75271],[-111.25249,41.75328],[-111.25718,41.76114],[-111.26229,41.76429]],[[-111.41188,41.63169],[-111.40638,41.63248],[-111.39814,41.63221],[-111.39574,41.63161],[-111.39286,41.63346],[-111.38872,41.63232],[-111.38783,41.63299],[-111.38409,41.63361],[-111.38102,41.63291],[-111.3776,41.63356],[-111.37389,41.63273],[-111.37191,41.6341],[-111.3697,41.63392],[-111.36831,41.6347],[-111.36664,41.63468],[-111.36537,41.63608],[-111.36354,41.63667],[-111.36023,41.63507],[-111.35831,41.63598],[-111.35223,41.63692],[-111.34693,41.63604],[-111.34386,41.63658],[-111.34146,41.63604],[-111.33363,41.63708],[-111.3307,41.63642],[-111.32897,41.63697],[-111.32472,41.63627],[-111.3211,41.6368],[-111.31407,41.63597],[-111.3072,41.63649],[-111.30394,41.63824],[-111.30028,41.63872],[-111.29569,41.63827],[-111.28718,41.63567],[-111.27942,41.63698],[-111.27658,41.63858],[-111.27361,41.63898],[-111.26843,41.64186],[-111.26162,41.64206],[-111.25875,41.65024],[-111.25839,41.65227],[-111.2591,41.65533],[-111.25721,41.65753],[-111.2542,41.65823],[-111.24536,41.65849],[-111.24132,41.66216],[-111.23867,41.66223],[-111.23151,41.66441],[-111.22644,41.66759],[-111.22281,41.66747],[-111.2123,41.67003],[-111.20197,41.66849],[-111.20099,41.66732],[-111.19828,41.66653],[-111.19254,41.663],[-111.18801,41.66129],[-111.18499,41.65564],[-111.18333,41.65414],[-111.17974,41.65309],[-111.17128,41.65401],[-111.16811,41.6534],[-111.16552,41.65492],[-111.15958,41.65456],[-111.15423,41.65566]],[[-111.41289,41.67896],[-111.41252,41.67797],[-111.41135,41.67774],[-111.4017,41.67928],[-111.39625,41.67877],[-111.39127,41.67962],[-111.3876,41.6819],[-111.38443,41.68283],[-111.38278,41.68482],[-111.38108,41.68549],[-111.37702,41.68391],[-111.37435,41.68572],[-111.37247,41.6837],[-111.37079,41.68337],[-111.36953,41.68431],[-111.36854,41.6871],[-111.3672,41.68835],[-111.36579,41.68828],[-111.36486,41.68714],[-111.36135,41.68683],[-111.35757,41.68496],[-111.35212,41.68516],[-111.34692,41.69047],[-111.34726,41.69392],[-111.34664,41.69529],[-111.34093,41.69907],[-111.33983,41.70055],[-111.33849,41.70097],[-111.33448,41.70054],[-111.33042,41.70102],[-111.32819,41.69737],[-111.32857,41.69165],[-111.32763,41.68993],[-111.32635,41.68966],[-111.32382,41.68966],[-111.3232,41.6903],[-111.31718,41.69156],[-111.30706,41.69242],[-111.30333,41.69389],[-111.29586,41.69543],[-111.28919,41.69503],[-111.28892,41.69589],[-111.28737,41.69669],[-111.27925,41.69397],[-111.27452,41.69384],[-111.26915,41.69246],[-111.25452,41.69362],[-111.25156,41.69477],[-111.24633,41.69564],[-111.2431,41.69439],[-111.23798,41.69498],[-111.23611,41.69208],[-111.23212,41.69246],[-111.22741,41.69014],[-111.22408,41.69012],[-111.21957,41.69329],[-111.21253,41.69117],[-111.21091,41.68997],[-111.20802,41.69125],[-111.20254,41.69171]],[[-110.83557,40.86724],[-110.84114,40.86578],[-110.84519,40.86673],[-110.84755,40.86385],[-110.85242,40.86234],[-110.85431,40.86106],[-110.85635,40.8584],[-110.85807,40.85755],[-110.85911,40.85567]],[[-111.27482,41.98823],[-111.26783,41.98845],[-111.25622,41.99073],[-111.25482,41.99272],[-111.25155,42.00118],[-111.24843,42.00466],[-111.25001,42.00601],[-111.247,42.00698],[-111.24247,42.01002],[-111.23958,42.00997],[-111.23704,42.01234],[-111.23194,42.01234],[-111.23033,42.01343],[-111.22808,42.0139],[-111.22597,42.02344],[-111.21991,42.02422],[-111.21632,42.02632],[-111.21273,42.02529],[-111.21133,42.02564],[-111.21372,42.02939],[-111.21288,42.03214],[-111.21757,42.0339],[-111.21661,42.03519],[-111.21668,42.03971],[-111.21027,42.04602]],[[-110.77411,41.87895],[-110.77231,41.87755],[-110.77188,41.87457],[-110.76832,41.86918],[-110.7683,41.8673],[-110.7649,41.86492],[-110.76092,41.86385],[-110.75961,41.86271],[-110.7464,41.86144],[-110.74498,41.86008],[-110.74501,41.85802],[-110.74151,41.85529],[-110.74181,41.85443],[-110.7401,41.85156],[-110.74302,41.8489],[-110.74306,41.847],[-110.74613,41.83916],[-110.74579,41.83769],[-110.73882,41.83654],[-110.73728,41.83392],[-110.72799,41.83067],[-110.72623,41.8286],[-110.72437,41.82761],[-110.72131,41.82715],[-110.71608,41.82455],[-110.71088,41.82397],[-110.70994,41.82193],[-110.71107,41.81863],[-110.71035,41.81737],[-110.70541,41.81778],[-110.70112,41.81966],[-110.69815,41.82011]],[[-110.85367,41.98032],[-110.8524,41.98286],[-110.85171,41.98702],[-110.85049,41.98568],[-110.848,41.98571],[-110.84507,41.9873],[-110.84077,41.9927],[-110.83802,42.00132],[-110.83753,42.00497],[-110.84043,42.00783],[-110.84117,42.01011],[-110.84024,42.01187],[-110.83665,42.01379],[-110.8361,42.01804],[-110.83683,42.02293],[-110.83537,42.02814],[-110.83762,42.03057],[-110.83831,42.03256],[-110.83751,42.03628],[-110.83607,42.0383],[-110.83848,42.0433],[-110.83615,42.04763],[-110.8365,42.04943],[-110.82978,42.05272],[-110.81836,42.05274],[-110.81287,42.05418],[-110.80743,42.05789],[-110.80017,42.0582],[-110.79665,42.05932]],[[-112.0141,41.78084],[-112.01174,41.78495],[-112.01159,41.78647],[-112.01037,41.78789],[-112.00873,41.79498],[-112.0143,41.80155],[-112.01774,41.80424],[-112.01988,41.80545],[-112.02266,41.80559],[-112.02428,41.80657],[-112.02685,41.80678],[-112.02969,41.80795],[-112.03051,41.8102],[-112.0294,41.81266],[-112.03106,41.81571],[-112.02837,41.81906],[-112.02862,41.82036],[-112.03343,41.82364],[-112.03482,41.82393],[-112.03556,41.82728],[-112.03724,41.8274],[-112.03816,41.8283],[-112.03841,41.8299],[-112.04075,41.83339],[-112.04625,41.83344],[-112.04773,41.83426],[-112.04818,41.83642],[-112.04952,41.83754],[-112.04592,41.84323],[-112.04673,41.8468],[-112.04819,41.84796],[-112.04863,41.84939],[-112.0474,41.85244],[-112.04858,41.85395],[-112.04921,41.85625],[-112.05018,41.85707],[-112.04976,41.85857],[-112.05122,41.85978],[-112.05262,41.86258],[-112.05195,41.86455],[-112.05225,41.8654],[-112.0532,41.86637],[-112.05544,41.86589],[-112.05863,41.86848],[-112.06394,41.86799]],[[-110.86064,41.89638],[-110.86167,41.89683],[-110.86319,41.89993],[-110.86463,41.90077],[-110.87097,41.90138],[-110.88357,41.90775],[-110.8907,41.90774],[-110.89315,41.9084],[-110.89249,41.91084],[-110.89502,41.91195],[-110.90545,41.91144],[-110.90962,41.91205],[-110.91343,41.91343],[-110.91712,41.91338],[-110.91836,41.91448],[-110.92641,41.91701],[-110.93285,41.91645],[-110.93267,41.91942],[-110.93471,41.92004],[-110.93772,41.91884],[-110.93788,41.91739],[-110.94114,41.91711],[-110.94654,41.91441],[-110.95767,41.9147],[-110.96175,41.91542],[-110.96404,41.91621],[-110.96929,41.91976],[-110.97243,41.91952],[-110.97429,41.92108],[-110.97556,41.92119],[-110.97911,41.9233],[-110.98036,41.92427],[-110.98013,41.92543],[-110.98067,41.92607],[-110.98223,41.92629],[-110.98739,41.93018],[-110.98871,41.93041],[-110.99194,41.93383],[-110.99403,41.93511],[-111.00356,41.93611],[-111.01418,41.93856],[-111.02306,41.93738],[-111.03024,41.93753],[-111.03385,41.93682],[-111.03635,41.93719],[-111.03718,41.9366],[-111.0385,41.9371],[-111.04236,41.93497],[-111.04392,41.93609],[-111.04575,41.93622],[-111.0508,41.93359],[-111.05822,41.93435],[-111.05987,41.93655],[-111.06007,41.94149],[-111.06272,41.9441],[-111.06115,41.94979],[-111.06236,41.95271],[-111.06392,41.9524],[-111.06644,41.95],[-111.06738,41.94991],[-111.07463,41.951],[-111.07855,41.95078],[-111.08065,41.9529],[-111.08301,41.95334],[-111.08755,41.95241],[-111.09068,41.95259]],[[-111.16846,41.9243],[-111.166,41.92479],[-111.163,41.92782],[-111.15623,41.92741],[-111.14992,41.92963],[-111.14324,41.92996],[-111.13993,41.92925],[-111.13387,41.92941],[-111.12994,41.9279],[-111.12582,41.92768],[-111.12182,41.92581],[-111.11636,41.92533],[-111.11275,41.92396],[-111.11101,41.9218],[-111.10951,41.92102],[-111.10537,41.9209],[-111.09931,41.92217]],[[-111.09931,41.92217],[-111.09994,41.9268],[-111.09845,41.93476],[-111.09455,41.94494],[-111.09068,41.95259]],[[-111.17193,41.90691],[-111.1708,41.90924],[-111.17048,41.91278],[-111.16667,41.91712],[-111.16604,41.91861],[-111.16741,41.92145],[-111.16844,41.92223],[-111.16889,41.92331],[-111.16846,41.9243]],[[-111.09931,41.92217],[-111.09902,41.92009],[-111.10221,41.91927],[-111.10672,41.917],[-111.10703,41.91496],[-111.10995,41.91181],[-111.10912,41.9065],[-111.1065,41.90489],[-111.1057,41.90349],[-111.1069,41.90042],[-111.10587,41.89818],[-111.10684,41.8928],[-111.10293,41.89293],[-111.10179,41.89238],[-111.09458,41.9001],[-111.08281,41.90182],[-111.07673,41.90076],[-111.07211,41.90139],[-111.07332,41.89847],[-111.07365,41.89554],[-111.07558,41.89224],[-111.07484,41.89077],[-111.07583,41.8873],[-111.06955,41.8876],[-111.06514,41.88461],[-111.06499,41.88288],[-111.06142,41.88279],[-111.06057,41.88087],[-111.05905,41.87994],[-111.05595,41.88109],[-111.05272,41.88125],[-111.04643,41.87904],[-111.04387,41.87707],[-111.03894,41.87534],[-111.03234,41.87521],[-111.02381,41.87363],[-111.02141,41.87469],[-111.01371,41.87482],[-111.00627,41.87597],[-111.0012,41.87518],[-110.99483,41.8725],[-110.98574,41.875],[-110.97676,41.87262],[-110.96943,41.87194],[-110.95952,41.86778],[-110.95606,41.86511],[-110.95745,41.86228],[-110.94814,41.86297],[-110.94261,41.85986],[-110.94088,41.85765],[-110.94056,41.85579],[-110.93582,41.85344],[-110.93538,41.8497]],[[-111.82998,40.58962],[-111.82266,40.58832],[-111.81622,40.58831],[-111.80847,40.58664],[-111.80288,40.5837],[-111.80181,40.58024],[-111.79962,40.57691]],[[-111.72078,40.59384],[-111.72069,40.59515],[-111.72186,40.59766],[-111.72389,40.59993],[-111.73295,40.60231]],[[-111.40129,40.57424],[-111.40425,40.5784],[-111.4092,40.58165],[-111.41237,40.58568],[-111.41581,40.58723],[-111.41682,40.58902],[-111.41762,40.58921],[-111.41496,40.59215],[-111.41569,40.59545],[-111.41515,40.5972],[-111.41542,40.59981]],[[-111.13419,40.68024],[-111.13188,40.67972],[-111.12946,40.67799],[-111.12665,40.67743],[-111.12204,40.67945],[-111.11941,40.67978],[-111.11434,40.6758]],[[-111.23852,40.61896],[-111.23713,40.61996],[-111.23448,40.62041],[-111.23291,40.62196],[-111.23352,40.62708],[-111.2323,40.62969],[-111.23241,40.63373],[-111.23127,40.63652],[-111.23106,40.64001],[-111.22937,40.64232],[-111.229,40.64497],[-111.22813,40.64638],[-111.22843,40.64726],[-111.23134,40.64916],[-111.23492,40.65428],[-111.23531,40.66079],[-111.23184,40.66274],[-111.22921,40.66234],[-111.22841,40.66305],[-111.22588,40.66334],[-111.22166,40.66497],[-111.21596,40.66944],[-111.21278,40.67034],[-111.21001,40.67355],[-111.20716,40.67396],[-111.20178,40.6765],[-111.1989,40.67668],[-111.19981,40.67817],[-111.19859,40.68196],[-111.1986,40.68398],[-111.19735,40.68568],[-111.19836,40.69181]],[[-111.36792,40.6687],[-111.36112,40.66871],[-111.35733,40.66714],[-111.35587,40.66571],[-111.34788,40.66401],[-111.34512,40.66436],[-111.3409,40.66363],[-111.33845,40.66405],[-111.33402,40.66252],[-111.33027,40.65796],[-111.32368,40.65813],[-111.32067,40.65646],[-111.31938,40.65473],[-111.31592,40.65354],[-111.31152,40.65354],[-111.30811,40.65504],[-111.3074,40.6547],[-111.30729,40.65317],[-111.30518,40.65001],[-111.30222,40.64748],[-111.29866,40.64582],[-111.2948,40.64492],[-111.28517,40.64416],[-111.28289,40.6426],[-111.26479,40.63529],[-111.26004,40.63311],[-111.25697,40.63033],[-111.25614,40.62878],[-111.25018,40.62414],[-111.24475,40.6229],[-111.23852,40.61896]],[[-111.19763,40.69195],[-111.19374,40.69091],[-111.1905,40.69342],[-111.18937,40.69339],[-111.1828,40.69037],[-111.17919,40.68995],[-111.17638,40.68757],[-111.17294,40.686],[-111.16934,40.68681],[-111.16479,40.68512],[-111.16406,40.68439],[-111.16433,40.68099],[-111.16267,40.67654],[-111.15929,40.67418],[-111.15412,40.67255],[-111.151,40.6734],[-111.14321,40.67748],[-111.13834,40.6782],[-111.13419,40.68024]],[[-111.38712,40.65706],[-111.3861,40.6592],[-111.38352,40.65988],[-111.38273,40.66135],[-111.38086,40.66269],[-111.37952,40.66533],[-111.37795,40.66569],[-111.3743,40.66805],[-111.37175,40.6676],[-111.36792,40.6687]],[[-111.36792,40.6687],[-111.36853,40.67021],[-111.36744,40.67316],[-111.36747,40.67753],[-111.3651,40.68397],[-111.36592,40.68671],[-111.3642,40.68843],[-111.35999,40.69528],[-111.35669,40.69752],[-111.35267,40.69895],[-111.34864,40.70288],[-111.34854,40.70609],[-111.34773,40.70685]],[[-111.60452,40.66914],[-111.60184,40.67102],[-111.60252,40.67421],[-111.60188,40.67583],[-111.60303,40.67751],[-111.6016,40.68013]],[[-111.6016,40.68013],[-111.60213,40.6849],[-111.60092,40.68841],[-111.59917,40.69036],[-111.59969,40.69185]],[[-111.92055,40.60726],[-111.92133,40.60661],[-111.92525,40.60621],[-111.92691,40.60415],[-111.92434,40.59445],[-111.92446,40.58995],[-111.92574,40.58802],[-111.93644,40.58445],[-111.93961,40.58245],[-111.94979,40.58027],[-111.95811,40.57696],[-111.97805,40.57352],[-111.99833,40.56737],[-112.01469,40.56537],[-112.02243,40.56036],[-112.02726,40.55848]],[[-111.55325,40.60934],[-111.55374,40.6111],[-111.55657,40.61182],[-111.55876,40.61329],[-111.55907,40.61569],[-111.55829,40.61667],[-111.55772,40.61954],[-111.56745,40.62323],[-111.56871,40.62905],[-111.57617,40.63283],[-111.57665,40.63424],[-111.57631,40.63695],[-111.57769,40.63854],[-111.57729,40.64274],[-111.57774,40.64359],[-111.57935,40.64517],[-111.58526,40.6477],[-111.58772,40.64966],[-111.59094,40.65012],[-111.59377,40.6516],[-111.596,40.65886],[-111.599,40.66191],[-111.60018,40.66418],[-111.60421,40.66616],[-111.60452,40.66914]],[[-111.59365,40.57708],[-111.59076,40.58015],[-111.58779,40.58129],[-111.58343,40.58111],[-111.57765,40.58346],[-111.57196,40.58215],[-111.56977,40.58285],[-111.56829,40.5843],[-111.564,40.58498],[-111.56167,40.58921],[-111.55994,40.59075],[-111.56103,40.59354],[-111.5585,40.59985],[-111.55934,40.60063],[-111.55927,40.60159],[-111.55325,40.60934]],[[-111.0459,40.57926],[-111.04345,40.58077],[-111.04124,40.58317],[-111.03703,40.5833],[-111.03563,40.58409],[-111.03464,40.58497],[-111.03362,40.58782],[-111.03065,40.58925],[-111.02836,40.59129],[-111.02948,40.59419],[-111.03218,40.59673],[-111.03214,40.60333],[-111.02849,40.60979],[-111.02786,40.61249],[-111.02654,40.61397]],[[-111.41542,40.59981],[-111.41601,40.60071],[-111.41554,40.60298],[-111.4159,40.60718],[-111.41826,40.60992],[-111.42181,40.61042],[-111.42282,40.61145],[-111.42641,40.61268],[-111.4297,40.61194],[-111.43399,40.61347],[-111.43719,40.61334],[-111.43854,40.61233],[-111.44274,40.6051],[-111.44723,40.6055],[-111.45012,40.60441],[-111.45444,40.60616],[-111.45942,40.60622],[-111.46748,40.60331],[-111.46976,40.6012],[-111.47755,40.60216],[-111.47938,40.60294],[-111.48284,40.60292],[-111.48563,40.60195]],[[-111.59818,40.57799],[-111.59888,40.5796],[-111.59881,40.58441],[-111.60338,40.58533],[-111.60638,40.58505],[-111.60807,40.58649],[-111.60877,40.58772],[-111.60825,40.58931],[-111.60946,40.59548],[-111.60934,40.59766],[-111.61266,40.59955],[-111.61438,40.60161],[-111.61919,40.59975],[-111.62205,40.59959],[-111.62386,40.5985],[-111.62596,40.59834],[-111.63116,40.59931],[-111.63375,40.60064],[-111.64199,40.59896],[-111.64609,40.60072],[-111.64856,40.59789],[-111.65276,40.59499],[-111.65506,40.5955],[-111.66286,40.5924],[-111.67062,40.59193],[-111.67157,40.59093],[-111.67424,40.59038],[-111.6807,40.59015],[-111.68469,40.58851],[-111.69374,40.58907],[-111.70121,40.59159],[-111.70464,40.59167],[-111.70593,40.59299],[-111.70954,40.59126],[-111.71622,40.59062],[-111.71804,40.59167],[-111.71907,40.59326],[-111.72078,40.59384]],[[-111.01753,40.69388],[-111.01988,40.68986],[-111.02298,40.6877],[-111.02609,40.68356],[-111.02862,40.68345],[-111.0302,40.68444],[-111.03384,40.68247],[-111.03541,40.68078],[-111.03951,40.68048],[-111.05415,40.68272],[-111.06132,40.67785]],[[-112.17499,40.58531],[-112.16882,40.58599],[-112.16463,40.5851],[-112.15899,40.58685],[-112.14859,40.58472],[-112.14721,40.58392],[-112.14753,40.57952],[-112.14697,40.57842],[-112.14325,40.5776],[-112.14077,40.57359],[-112.13955,40.57349],[-112.13618,40.57559]],[[-111.4879,40.60084],[-111.48953,40.60081],[-111.49642,40.60289],[-111.50197,40.60672],[-111.50378,40.60676],[-111.50557,40.60545],[-111.50951,40.60603],[-111.51299,40.60816],[-111.51463,40.60732],[-111.51998,40.60946],[-111.52496,40.60894],[-111.52791,40.61191],[-111.5375,40.6122],[-111.54027,40.61329]],[[-111.54027,40.61329],[-111.54651,40.61003],[-111.55325,40.60934]],[[-111.46122,40.49856],[-111.46711,40.49933],[-111.47019,40.50129],[-111.47071,40.50347],[-111.47212,40.50465],[-111.4736,40.5077],[-111.47434,40.51428],[-111.4757,40.51649],[-111.47505,40.51871],[-111.47536,40.52053],[-111.47765,40.52314],[-111.4818,40.53024],[-111.48229,40.53529],[-111.48107,40.53784],[-111.48145,40.53931],[-111.48041,40.54125],[-111.4814,40.54488],[-111.48006,40.54612],[-111.47599,40.54757],[-111.47802,40.5501],[-111.47957,40.55555],[-111.47551,40.56057],[-111.47539,40.56313],[-111.47681,40.56617],[-111.47713,40.5687],[-111.47638,40.57326],[-111.47912,40.57882],[-111.48307,40.58007],[-111.48631,40.58509],[-111.48943,40.58515],[-111.4937,40.58689],[-111.49313,40.58978],[-111.49159,40.59183],[-111.49053,40.5974],[-111.4879,40.60084]],[[-111.79962,40.57691],[-111.79851,40.57947],[-111.79578,40.57986],[-111.79382,40.58091],[-111.79144,40.58063],[-111.78448,40.58144],[-111.78056,40.58002],[-111.77334,40.582],[-111.77134,40.58103],[-111.76635,40.58008],[-111.76409,40.58079],[-111.75456,40.58133],[-111.74873,40.58323],[-111.74676,40.58591],[-111.7417,40.58622],[-111.73597,40.58547],[-111.73382,40.58659],[-111.72962,40.58724],[-111.72802,40.58813],[-111.72702,40.58985],[-111.72322,40.5934],[-111.72078,40.59384]],[[-111.73295,40.60231],[-111.74162,40.6088],[-111.74612,40.60802],[-111.75054,40.60854],[-111.75226,40.60963],[-111.7565,40.60956],[-111.76078,40.61229],[-111.76635,40.61114],[-111.77958,40.615],[-111.77937,40.61647],[-111.78204,40.61822],[-111.77736,40.62231],[-111.77492,40.62546],[-111.77539,40.62753],[-111.7746,40.63074],[-111.77277,40.6329],[-111.76483,40.63605],[-111.76122,40.63657],[-111.75908,40.63756],[-111.75904,40.63869],[-111.76023,40.6409],[-111.7583,40.64307],[-111.75688,40.64789],[-111.75557,40.6484],[-111.75506,40.64954],[-111.75108,40.65059],[-111.75054,40.65233],[-111.74824,40.6537],[-111.74491,40.65452],[-111.73778,40.65955],[-111.73482,40.65932],[-111.73257,40.66032],[-111.73056,40.66007],[-111.72919,40.66192],[-111.72689,40.66303],[-111.72613,40.66414],[-111.72268,40.66491]],[[-111.89184,40.66776],[-111.8885,40.66557],[-111.87504,40.6594],[-111.87492,40.65775],[-111.87138,40.65446],[-111.87078,40.65201],[-111.87116,40.64839],[-111.87059,40.64685],[-111.86926,40.64569],[-111.8621,40.64243],[-111.86141,40.63932],[-111.86011,40.63811],[-111.8598,40.63672],[-111.86087,40.63396],[-111.85782,40.63023],[-111.85512,40.62525],[-111.85529,40.62388],[-111.85136,40.61982],[-111.84698,40.61674],[-111.84073,40.61653],[-111.83794,40.6171],[-111.8376,40.61606],[-111.83548,40.61467],[-111.83204,40.61488],[-111.82898,40.61269],[-111.82034,40.61081],[-111.81753,40.60901],[-111.80908,40.60881],[-111.80599,40.6078],[-111.80128,40.60862],[-111.79468,40.60859],[-111.79302,40.60986],[-111.79214,40.61305],[-111.78754,40.61293],[-111.78261,40.61026],[-111.77768,40.60951],[-111.77448,40.60542],[-111.77008,40.60514],[-111.76733,40.60365],[-111.76558,40.60379],[-111.76076,40.60111],[-111.74781,40.60185],[-111.74333,40.6018],[-111.73941,40.601],[-111.73612,40.60233],[-111.73295,40.60231]],[[-110.97974,40.69828],[-110.98451,40.6985],[-110.9863,40.69575],[-110.98914,40.69333],[-110.99217,40.69255],[-110.99442,40.69027],[-110.99645,40.68976],[-111.00111,40.68971],[-111.00637,40.69168],[-111.01262,40.69131],[-111.01753,40.69388]],[[-111.92055,40.60726],[-111.91572,40.6079],[-111.90713,40.60472],[-111.90088,40.60537],[-111.89652,40.60422],[-111.88606,40.60302],[-111.87361,40.59871],[-111.86984,40.59673],[-111.86447,40.59543],[-111.86102,40.59274],[-111.85722,40.5924],[-111.85382,40.59082],[-111.84449,40.59119],[-111.83981,40.58905],[-111.83703,40.58851],[-111.83323,40.5887],[-111.82998,40.58962]],[[-112.13618,40.57559],[-112.13199,40.57531],[-112.1279,40.57683],[-112.11925,40.57525],[-112.11418,40.57567],[-112.10976,40.57685],[-112.10713,40.57463],[-112.10288,40.57467],[-112.1001,40.57313],[-112.09664,40.57291],[-112.09443,40.57033],[-112.0933,40.56794],[-112.09197,40.56726],[-112.08621,40.56752],[-112.08277,40.56856],[-112.06975,40.56928],[-112.05945,40.57343],[-112.05223,40.57792],[-112.04536,40.58081],[-112.0366,40.58255],[-112.02452,40.58265],[-112.02037,40.58564],[-112.01214,40.58638],[-112.00241,40.58886],[-111.99598,40.59165],[-111.99277,40.5938],[-111.98677,40.59537],[-111.98341,40.59725],[-111.97467,40.59827],[-111.97326,40.59959],[-111.97222,40.60395],[-111.96969,40.60866],[-111.96792,40.61003],[-111.96482,40.61106],[-111.95592,40.61256],[-111.94948,40.61186],[-111.93771,40.61175],[-111.92851,40.6107],[-111.92594,40.60826],[-111.92055,40.60726]],[[-112.09152,40.62492],[-112.09245,40.62355],[-112.09216,40.62219],[-112.08921,40.62038],[-112.0768,40.62134],[-112.07631,40.62014],[-112.07513,40.6201],[-112.07545,40.61838],[-112.07491,40.61744],[-112.06828,40.6173],[-112.06466,40.61656],[-112.063,40.61554],[-112.05431,40.6163],[-112.05383,40.61613],[-112.05378,40.61469],[-112.04531,40.61427],[-112.04147,40.61072],[-112.02969,40.60637],[-112.02499,40.60608],[-112.01717,40.60684],[-112.0118,40.60621],[-112.00939,40.60527],[-112.01676,40.60268],[-112.02812,40.60055],[-112.03362,40.59768],[-112.03813,40.59677],[-112.04266,40.59379],[-112.0557,40.59204],[-112.06956,40.58792],[-112.07583,40.58783],[-112.07645,40.58574],[-112.0804,40.58386],[-112.08628,40.58284],[-112.09213,40.58309],[-112.09376,40.58252],[-112.1117,40.58366],[-112.11816,40.58287],[-112.12199,40.58336],[-112.1317,40.57922],[-112.13618,40.57559]],[[-111.02654,40.61397],[-111.02144,40.61716],[-111.01607,40.61914],[-111.01414,40.62247],[-111.01129,40.62354],[-111.00615,40.62388],[-110.9983,40.6285],[-110.99297,40.63332],[-110.99234,40.63638],[-110.98921,40.63958],[-110.98825,40.64278],[-110.98467,40.64656],[-110.98729,40.64918],[-110.98729,40.65178],[-110.98577,40.65405],[-110.98583,40.65916],[-110.98361,40.66694],[-110.98509,40.67047],[-110.97996,40.67619],[-110.97933,40.67778],[-110.97886,40.68291],[-110.9801,40.68705],[-110.97868,40.68946],[-110.97796,40.69447],[-110.97974,40.69828]],[[-111.82998,40.58962],[-111.83334,40.58946],[-111.83498,40.59042],[-111.83576,40.59164],[-111.83599,40.5944],[-111.84629,40.60088],[-111.84827,40.60645],[-111.85265,40.60851],[-111.85406,40.61169],[-111.85837,40.61477],[-111.85876,40.61593],[-111.85831,40.6178],[-111.85894,40.61912],[-111.86146,40.62063],[-111.86342,40.62404],[-111.86667,40.62763],[-111.87219,40.631],[-111.87379,40.63268],[-111.87457,40.63813],[-111.87683,40.64037],[-111.87857,40.64352],[-111.88887,40.64907],[-111.89304,40.64937],[-111.89545,40.65079],[-111.8956,40.65172],[-111.8972,40.65333],[-111.89851,40.66171],[-111.90119,40.66245],[-111.90387,40.66459],[-111.90825,40.66605],[-111.90656,40.66728],[-111.90022,40.6683],[-111.8971,40.66743],[-111.89184,40.66776]],[[-111.89184,40.66776],[-111.89386,40.67272],[-111.89727,40.67439],[-111.89851,40.67647],[-111.90265,40.67683],[-111.90714,40.67866],[-111.9078,40.67765],[-111.9086,40.67773],[-111.9122,40.68044]],[[-111.72268,40.66491],[-111.71812,40.66125],[-111.71511,40.65981],[-111.70785,40.65873],[-111.70499,40.65942],[-111.70211,40.65845],[-111.70003,40.6615],[-111.69735,40.6634],[-111.69055,40.66529],[-111.6852,40.66809],[-111.68301,40.67063],[-111.68186,40.67025],[-111.67855,40.67089],[-111.67254,40.674],[-111.66966,40.67298],[-111.66491,40.67245],[-111.65905,40.67257],[-111.65714,40.67444],[-111.65354,40.67288],[-111.65198,40.67302],[-111.65004,40.66979],[-111.64412,40.66498],[-111.64172,40.66688],[-111.64066,40.66923],[-111.6339,40.66886],[-111.63155,40.6706],[-111.62874,40.67112],[-111.62764,40.67192],[-111.62226,40.67138],[-111.61653,40.67372],[-111.60823,40.6701],[-111.60452,40.66914]],[[-111.11434,40.6758],[-111.11516,40.67232],[-111.11214,40.66706],[-111.10936,40.6543],[-111.11159,40.65089],[-111.11021,40.64573],[-111.11313,40.64313],[-111.11396,40.64092],[-111.11639,40.63875],[-111.115,40.63689],[-111.11544,40.63148],[-111.11386,40.62802],[-111.11412,40.62671],[-111.11659,40.62499],[-111.11824,40.62216],[-111.11906,40.61924],[-111.11883,40.61761],[-111.11995,40.61492],[-111.11976,40.6112],[-111.12196,40.60939],[-111.1243,40.60956],[-111.12702,40.60771],[-111.13091,40.60683],[-111.134,40.60204],[-111.13594,40.60044],[-111.13866,40.60123],[-111.14095,40.5996]],[[-111.06132,40.67785],[-111.06517,40.67827],[-111.06738,40.67918],[-111.07457,40.67966],[-111.07831,40.68332],[-111.08264,40.68466],[-111.08642,40.68469],[-111.08918,40.6857],[-111.09137,40.68547],[-111.09441,40.68658],[-111.09632,40.68605],[-111.10204,40.67892],[-111.11037,40.67803],[-111.11223,40.67746],[-111.11434,40.6758]],[[-111.21006,40.59133],[-111.21244,40.59035],[-111.21662,40.58635],[-111.22153,40.58599],[-111.22818,40.58426],[-111.22983,40.58608],[-111.24164,40.58986],[-111.24595,40.59276],[-111.25007,40.59401],[-111.25468,40.59716],[-111.26569,40.6077],[-111.26921,40.60891]],[[-111.02654,40.61397],[-111.03278,40.61474],[-111.03566,40.61699],[-111.04522,40.61596],[-111.04782,40.61371],[-111.04769,40.61056],[-111.04827,40.60909],[-111.05609,40.60387],[-111.06025,40.60383],[-111.06505,40.60125],[-111.06867,40.60037],[-111.07265,40.60041],[-111.08495,40.59571],[-111.08936,40.59696],[-111.09056,40.59584],[-111.09764,40.59562],[-111.10177,40.59402],[-111.10154,40.59565],[-111.10001,40.59686],[-111.09682,40.59884],[-111.09449,40.59948],[-111.09211,40.60508],[-111.09245,40.60977],[-111.09135,40.61061],[-111.09165,40.61188],[-111.09324,40.61341],[-111.08898,40.61616],[-111.08801,40.61919],[-111.08541,40.6203],[-111.08516,40.62257],[-111.08145,40.62882],[-111.08248,40.63403],[-111.08429,40.63804],[-111.08307,40.64275],[-111.08576,40.64669],[-111.08216,40.64966],[-111.08208,40.65197],[-111.07836,40.65628],[-111.06801,40.66466],[-111.05989,40.66793],[-111.05852,40.67022],[-111.05846,40.67434],[-111.05924,40.67636],[-111.06132,40.67785]],[[-111.77893,40.6868],[-111.77633,40.68636],[-111.77312,40.68469],[-111.76912,40.68414],[-111.7681,40.68329],[-111.76415,40.68233],[-111.76169,40.68059],[-111.75504,40.68084],[-111.75031,40.67907],[-111.74863,40.67904],[-111.74626,40.67768],[-111.73998,40.67678],[-111.7382,40.67513],[-111.73414,40.6744],[-111.7315,40.67295],[-111.72742,40.66945],[-111.72408,40.66802],[-111.72261,40.6659],[-111.72268,40.66491]],[[-111.14095,40.5996],[-111.14538,40.59946],[-111.14792,40.60082],[-111.15183,40.60418],[-111.15254,40.60406],[-111.1521,40.60118],[-111.15357,40.5996],[-111.15508,40.59939],[-111.156,40.60157],[-111.16034,40.60508],[-111.16555,40.60661],[-111.17152,40.60948],[-111.17379,40.59809],[-111.17776,40.59366],[-111.18236,40.59044],[-111.18386,40.58835],[-111.18486,40.58817],[-111.19019,40.58982],[-111.19396,40.58891],[-111.19582,40.5876],[-111.19781,40.58866],[-111.20118,40.58906]],[[-111.13826,40.55733],[-111.14056,40.56097],[-111.13964,40.56528],[-111.13972,40.56889],[-111.14141,40.56979],[-111.14053,40.57452],[-111.14226,40.57688],[-111.14155,40.58066],[-111.14475,40.59339],[-111.14442,40.5951],[-111.14278,40.59543],[-111.14144,40.5966],[-111.14095,40.5996]],[[-111.25283,40.52656],[-111.24896,40.52908],[-111.24668,40.53228],[-111.23667,40.54058],[-111.23322,40.54422],[-111.22891,40.54601],[-111.22907,40.54736],[-111.2328,40.54936],[-111.23254,40.55111],[-111.2337,40.55351],[-111.23174,40.55935],[-111.22672,40.56158],[-111.22548,40.5637],[-111.22549,40.56842],[-111.2278,40.57009],[-111.22752,40.5721],[-111.2256,40.57324],[-111.22661,40.57613],[-111.22021,40.57655],[-111.21538,40.57763],[-111.2143,40.57823],[-111.21239,40.58195],[-111.20644,40.5838],[-111.2027,40.58642],[-111.20118,40.58906]],[[-111.26921,40.60891],[-111.27724,40.61392],[-111.28739,40.61532],[-111.29046,40.61667],[-111.29305,40.61882],[-111.30335,40.62322],[-111.30575,40.62318],[-111.30996,40.62095],[-111.31127,40.62105],[-111.31464,40.61818],[-111.31736,40.61721],[-111.32156,40.61827],[-111.32496,40.62011],[-111.32658,40.62303],[-111.33398,40.62271],[-111.34146,40.62412],[-111.34382,40.62335],[-111.34567,40.62499],[-111.34979,40.62493],[-111.35518,40.62685],[-111.3579,40.62977],[-111.36123,40.62989],[-111.36393,40.63095],[-111.36609,40.63061],[-111.36817,40.62897],[-111.37007,40.62984]],[[-111.38712,40.65706],[-111.38989,40.65977],[-111.38985,40.66226],[-111.39081,40.66308],[-111.38873,40.67057],[-111.38954,40.67126],[-111.39129,40.67089],[-111.39138,40.67511],[-111.38955,40.67784],[-111.39088,40.67954],[-111.39155,40.68196],[-111.39402,40.684],[-111.39219,40.68909],[-111.39415,40.69057],[-111.39635,40.69027],[-111.39771,40.69094],[-111.3995,40.68994],[-111.40339,40.68608],[-111.40586,40.68567]],[[-111.90612,40.68387],[-111.90392,40.68389],[-111.89565,40.68711],[-111.8926,40.68706],[-111.89013,40.6857],[-111.8799,40.68493],[-111.87685,40.68537],[-111.87473,40.68704],[-111.87282,40.68751],[-111.86235,40.68763],[-111.85517,40.68115],[-111.84629,40.67909],[-111.83901,40.67848],[-111.83453,40.6742],[-111.82867,40.67584],[-111.82262,40.68023],[-111.81578,40.6827],[-111.80911,40.68304],[-111.80493,40.68511],[-111.79165,40.68648],[-111.78292,40.68493],[-111.77893,40.6868]],[[-111.77893,40.6868],[-111.7865,40.68921],[-111.78377,40.69242],[-111.78104,40.6943],[-111.7745,40.69645],[-111.77246,40.69804],[-111.77224,40.69993],[-111.77303,40.70195],[-111.77146,40.70365],[-111.76523,40.70634],[-111.76149,40.70624],[-111.75997,40.70703]],[[-111.39201,40.57089],[-111.38907,40.57305],[-111.38721,40.57616],[-111.3834,40.57664],[-111.38193,40.5796],[-111.37847,40.57956],[-111.37615,40.58042],[-111.37276,40.57956],[-111.37331,40.58079],[-111.37287,40.58157],[-111.36904,40.58328],[-111.36747,40.58561],[-111.36489,40.58681],[-111.35396,40.58442],[-111.34997,40.5827],[-111.34692,40.58284],[-111.34384,40.58205],[-111.34206,40.58242],[-111.33831,40.57989],[-111.33674,40.57967],[-111.33459,40.58094],[-111.33227,40.57945],[-111.3284,40.5782],[-111.32468,40.57862],[-111.3202,40.57797],[-111.32075,40.57898],[-111.31944,40.58118],[-111.31926,40.58285],[-111.31765,40.58404],[-111.31571,40.58453],[-111.31393,40.58291],[-111.31213,40.58292],[-111.30847,40.58555],[-111.3026,40.58661],[-111.30004,40.58636],[-111.29725,40.58749],[-111.29553,40.59454],[-111.30061,40.59935],[-111.30118,40.60193],[-111.29521,40.60624],[-111.29305,40.6069],[-111.29219,40.60867],[-111.28927,40.61142],[-111.28741,40.61159],[-111.2857,40.61083],[-111.28278,40.6112],[-111.27606,40.60937],[-111.26921,40.60891]],[[-111.37007,40.62984],[-111.37057,40.63161],[-111.37561,40.63299],[-111.37512,40.63632],[-111.37441,40.6373],[-111.3749,40.63929],[-111.37636,40.64072],[-111.37644,40.6425],[-111.37747,40.64382],[-111.37934,40.6454],[-111.38099,40.64551],[-111.38187,40.6474],[-111.38188,40.65025],[-111.38268,40.65087],[-111.38204,40.65184],[-111.38377,40.65284],[-111.38639,40.6531],[-111.38712,40.65706]],[[-111.43663,40.68591],[-111.43749,40.68494],[-111.43597,40.67797],[-111.43674,40.67578],[-111.43603,40.6736],[-111.43036,40.66511],[-111.43513,40.66088],[-111.44489,40.65953],[-111.44743,40.65687],[-111.44812,40.65472],[-111.45148,40.65254],[-111.45374,40.65439],[-111.46061,40.65322],[-111.46123,40.64971],[-111.46248,40.64852],[-111.46359,40.64476],[-111.46795,40.6461],[-111.47147,40.64523],[-111.47349,40.64381],[-111.47515,40.6379],[-111.47228,40.63446],[-111.47084,40.6337],[-111.47356,40.63319],[-111.47725,40.62984],[-111.48076,40.62419],[-111.48692,40.621],[-111.48654,40.61539],[-111.48381,40.61251],[-111.48217,40.60947],[-111.48518,40.60572],[-111.48563,40.60195]],[[-111.40586,40.68567],[-111.40738,40.68389],[-111.40947,40.68312],[-111.41138,40.68134],[-111.41782,40.68198],[-111.41956,40.68121],[-111.42507,40.68178],[-111.42662,40.68321],[-111.42761,40.68546],[-111.43287,40.68441],[-111.43663,40.68591]],[[-112.0945,40.62697],[-112.09152,40.62492]],[[-111.9122,40.68044],[-111.90746,40.681],[-111.90612,40.68387]],[[-111.41542,40.59981],[-111.41385,40.60093],[-111.40993,40.60622],[-111.40599,40.60827],[-111.40593,40.60982],[-111.40085,40.61084],[-111.3987,40.61206],[-111.39727,40.61373],[-111.39701,40.6157],[-111.39492,40.61781],[-111.393,40.62149],[-111.39087,40.62136],[-111.39045,40.62225],[-111.38863,40.62262],[-111.38718,40.62172],[-111.38694,40.62087],[-111.38328,40.62077],[-111.38079,40.61927],[-111.37885,40.62145],[-111.37934,40.62313],[-111.37788,40.62426],[-111.37748,40.62755],[-111.37649,40.62885],[-111.37007,40.62984]],[[-112.09152,40.62492],[-112.08263,40.62592],[-112.08072,40.62727],[-112.07695,40.62806],[-112.07549,40.62766],[-112.07395,40.62854],[-112.06843,40.62772],[-112.06615,40.63028],[-112.0613,40.62942],[-112.05479,40.63218],[-112.05044,40.63186],[-112.03846,40.63251],[-112.03438,40.63533],[-112.0279,40.63839],[-112.02628,40.63847],[-112.0243,40.64109],[-112.02097,40.64346],[-112.02035,40.64557],[-112.01594,40.64751],[-112.00623,40.64766],[-112.00286,40.64585],[-111.99994,40.64609],[-111.99649,40.64454],[-111.98969,40.64585],[-111.98015,40.64545],[-111.97695,40.6444],[-111.97567,40.64225],[-111.97221,40.64179],[-111.9688,40.63951],[-111.96603,40.63921],[-111.96396,40.6402],[-111.9587,40.63917],[-111.95092,40.64559],[-111.9467,40.64638],[-111.94364,40.6494],[-111.94315,40.65261],[-111.93908,40.65367],[-111.93787,40.6552],[-111.93088,40.65917],[-111.92615,40.66002],[-111.92528,40.66151],[-111.92601,40.6647],[-111.92563,40.66691],[-111.92374,40.66799],[-111.91965,40.66839],[-111.91847,40.66927],[-111.91821,40.6718],[-111.91677,40.67377],[-111.91568,40.67694],[-111.91365,40.67961],[-111.9122,40.68044]],[[-112.08816,40.68725],[-112.08602,40.686],[-112.08395,40.68137],[-112.08228,40.67921],[-112.08463,40.67314],[-112.08455,40.66916],[-112.08646,40.66302],[-112.08622,40.66145],[-112.08404,40.65932],[-112.08393,40.65628],[-112.08607,40.65491],[-112.08695,40.65277],[-112.0867,40.64594],[-112.09045,40.64229],[-112.09164,40.63935],[-112.09493,40.63455],[-112.09709,40.63401],[-112.09781,40.63302],[-112.09724,40.62855],[-112.0979,40.62613]],[[-111.20118,40.58906],[-111.21006,40.59133]],[[-112.1753,40.60389],[-112.1643,40.60558],[-112.16323,40.60695],[-112.16039,40.60792],[-112.15421,40.60668],[-112.15298,40.60694],[-112.1501,40.60904],[-112.14445,40.61035],[-112.13487,40.61508],[-112.13062,40.61603],[-112.12927,40.61576],[-112.12935,40.61756],[-112.12536,40.621],[-112.12276,40.62071],[-112.10168,40.62362],[-112.09956,40.62589],[-112.0979,40.62613]],[[-112.0979,40.62613],[-112.0945,40.62697]],[[-112.20149,40.67468],[-112.19364,40.67588],[-112.18876,40.67456],[-112.18579,40.67555],[-112.18023,40.67341],[-112.17715,40.67138],[-112.17634,40.67003],[-112.17451,40.66953],[-112.17237,40.67146],[-112.16952,40.67209],[-112.16763,40.67324],[-112.16633,40.67274],[-112.16248,40.66846],[-112.15884,40.66744],[-112.15542,40.66809],[-112.14894,40.66776],[-112.14548,40.66652],[-112.14196,40.66406],[-112.14035,40.66106],[-112.13822,40.65943],[-112.13587,40.65989],[-112.12992,40.65897],[-112.12706,40.65744],[-112.11964,40.65886],[-112.11288,40.65573],[-112.10077,40.66063],[-112.09809,40.66373],[-112.09338,40.66546],[-112.09242,40.66648],[-112.08998,40.67135],[-112.08956,40.67436],[-112.0877,40.67798],[-112.08731,40.6818],[-112.08619,40.68249],[-112.08633,40.68422],[-112.08816,40.68725]],[[-112.20148,40.6618],[-112.20137,40.6649]],[[-112.17586,40.50004],[-112.18024,40.50258]],[[-112.17602,40.60057],[-112.1753,40.60389]],[[-111.21006,40.59133],[-111.21142,40.5933],[-111.21361,40.59451],[-111.216,40.5972],[-111.21887,40.59747],[-111.22094,40.59949],[-111.22464,40.6007],[-111.22894,40.60357],[-111.23133,40.60429],[-111.23721,40.60422],[-111.23869,40.60507],[-111.23965,40.60857],[-111.23833,40.61128],[-111.23852,40.61896]],[[-111.90973,40.34433],[-111.91141,40.34137],[-111.91189,40.33797],[-111.90979,40.33637],[-111.90616,40.33531],[-111.89912,40.33132],[-111.89607,40.32647],[-111.89591,40.32307],[-111.88893,40.31776],[-111.88514,40.31277],[-111.88468,40.31027],[-111.88063,40.30559],[-111.87936,40.30044],[-111.87603,40.2973],[-111.87487,40.29513],[-111.86816,40.28712],[-111.86646,40.28587],[-111.86669,40.28378],[-111.86035,40.27232],[-111.85486,40.26801],[-111.84804,40.26844],[-111.8532,40.26609],[-111.85224,40.26472],[-111.85383,40.26562],[-111.85267,40.26428],[-111.854,40.26501],[-111.857,40.26289],[-111.86151,40.25552],[-111.86233,40.25228],[-111.86175,40.25212],[-111.86126,40.25348],[-111.85943,40.25187],[-111.86052,40.25084],[-111.85712,40.25131],[-111.85979,40.24895],[-111.86349,40.24143],[-111.86472,40.23588],[-111.86759,40.22942],[-111.86922,40.22208],[-111.87303,40.21512],[-111.87434,40.21085],[-111.87623,40.20812],[-111.87661,40.20605],[-111.87926,40.20376],[-111.88088,40.20059],[-111.88831,40.19766],[-111.8898,40.19533],[-111.89068,40.19119],[-111.89699,40.18897],[-111.89805,40.18714],[-111.9006,40.18502],[-111.90292,40.18114],[-111.91102,40.17586],[-111.91399,40.17067],[-111.91994,40.16413],[-111.92072,40.16192],[-111.92211,40.16107],[-111.92646,40.15549],[-111.92956,40.15058],[-111.93042,40.14781]],[[-111.76674,40.43293],[-111.76442,40.43397],[-111.76128,40.43665],[-111.75587,40.4347],[-111.75043,40.4371],[-111.74749,40.43671]],[[-111.14038,40.46304],[-111.13438,40.46808],[-111.13009,40.47333],[-111.1321,40.47781],[-111.13095,40.48044],[-111.12788,40.48205],[-111.12684,40.48325],[-111.12637,40.48615],[-111.12822,40.48989],[-111.12788,40.49088],[-111.12089,40.49573],[-111.1198,40.49741],[-111.12012,40.49928],[-111.12343,40.50181],[-111.1241,40.50396]],[[-111.48425,40.36142],[-111.48635,40.36281],[-111.48847,40.36706],[-111.49135,40.36984],[-111.49187,40.37184]],[[-111.74062,39.65624],[-111.73833,39.65241]],[[-111.73829,39.65147],[-111.73953,39.64873],[-111.74283,39.64589],[-111.74337,39.64171]],[[-112.18878,40.37245],[-112.18461,40.37445],[-112.18143,40.37473],[-112.176,40.37358],[-112.17189,40.37487]],[[-111.54427,40.26025],[-111.54509,40.26172],[-111.54457,40.26381],[-111.54046,40.26935]],[[-112.12145,40.3977],[-112.11408,40.40061],[-112.11143,40.40077],[-112.10568,40.39902],[-112.09928,40.39821],[-112.09302,40.39556],[-112.08677,40.38969],[-112.08289,40.38878],[-112.0785,40.3888],[-112.07546,40.38772],[-112.06844,40.38396],[-112.06607,40.38144]],[[-111.80457,39.70288],[-111.80508,39.70485],[-111.80431,39.70661],[-111.80566,39.70963],[-111.80761,39.71065],[-111.81,39.71305],[-111.80931,39.71671],[-111.8079,39.71955]],[[-112.19177,40.36972],[-112.19002,40.37064],[-112.18878,40.37245]],[[-111.46122,40.49856],[-111.45915,40.49739],[-111.46004,40.49578],[-111.46366,40.49397],[-111.46476,40.49102],[-111.46489,40.48744],[-111.46629,40.48412],[-111.47134,40.48029]],[[-111.46593,40.34622],[-111.44703,40.34885],[-111.44352,40.3509],[-111.44356,40.35226],[-111.44217,40.35392],[-111.43519,40.35767],[-111.43376,40.36019],[-111.43282,40.3642],[-111.43301,40.36651],[-111.43079,40.37111],[-111.42934,40.37767],[-111.42996,40.38109],[-111.43212,40.38342],[-111.43223,40.38436]],[[-111.76427,40.32629],[-111.76324,40.33049],[-111.76543,40.33317],[-111.76725,40.3332],[-111.77536,40.33639],[-111.76929,40.33471],[-111.77297,40.33725],[-111.77563,40.33743],[-111.77607,40.33648],[-111.78388,40.33806],[-111.77698,40.33716],[-111.77699,40.33893],[-111.77756,40.33941],[-111.77776,40.33808],[-111.77899,40.33879],[-111.77893,40.33995],[-111.77985,40.33899],[-111.78082,40.3394],[-111.78179,40.34222],[-111.78251,40.34055],[-111.78355,40.34022],[-111.78979,40.34136],[-111.79029,40.34266],[-111.79481,40.34306],[-111.79311,40.34106],[-111.79609,40.34229],[-111.79625,40.34303],[-111.79528,40.34399],[-111.79668,40.34418],[-111.79737,40.34539],[-111.79881,40.34559],[-111.79947,40.34523],[-111.79876,40.34408],[-111.79935,40.34238],[-111.79938,40.34316],[-111.8,40.34334],[-111.8019,40.3424],[-111.80188,40.34351],[-111.80268,40.34332],[-111.80253,40.34404],[-111.80492,40.34593]],[[-111.4489,40.45145],[-111.46048,40.45371],[-111.46486,40.4564],[-111.46698,40.45989],[-111.47067,40.45975],[-111.4738,40.46068],[-111.46848,40.46285],[-111.46388,40.46285],[-111.45814,40.46422],[-111.45199,40.46461],[-111.44361,40.46847],[-111.43987,40.46956],[-111.42179,40.4686],[-111.41851,40.46939]],[[-111.77298,40.08509],[-111.76789,40.08281],[-111.76502,40.08227],[-111.7457,40.08213],[-111.74328,40.08351],[-111.73461,40.0861],[-111.7317,40.08793],[-111.7252,40.09383],[-111.72218,40.09521],[-111.71456,40.09766],[-111.69978,40.10116],[-111.69514,40.10299]],[[-111.97028,40.18724],[-111.96863,40.18576],[-111.96429,40.18395],[-111.96333,40.18239],[-111.96319,40.18058],[-111.95911,40.17853],[-111.95849,40.17633],[-111.95478,40.173],[-111.9545,40.16949],[-111.95298,40.1679],[-111.9509,40.16294],[-111.94475,40.15509],[-111.94188,40.15283],[-111.93042,40.14781]],[[-112.17189,40.37487],[-112.171,40.37796],[-112.17023,40.37874],[-112.16977,40.38236],[-112.16843,40.38345],[-112.15485,40.38706],[-112.15121,40.38694],[-112.14894,40.3857],[-112.14496,40.38639],[-112.14054,40.38837],[-112.13578,40.38879],[-112.12874,40.39296],[-112.12782,40.39481],[-112.12145,40.3977]],[[-112.15383,40.21835],[-112.15253,40.21989],[-112.1525,40.22154],[-112.14892,40.22111],[-112.14695,40.22344],[-112.14172,40.2259],[-112.14081,40.22525],[-112.13787,40.22495],[-112.11725,40.22666],[-112.11182,40.22638],[-112.10475,40.22482],[-112.09458,40.2197],[-112.0852,40.21868],[-112.06257,40.21878],[-112.06118,40.21776],[-112.05503,40.21619],[-112.04829,40.21719],[-112.03889,40.22222]],[[-111.74327,39.66488],[-111.7424,39.66033],[-111.74291,39.65823],[-111.74062,39.65624]],[[-111.96106,40.31211],[-111.96084,40.30991],[-111.96179,40.30824],[-111.96002,40.30358],[-111.95886,40.3024],[-111.95778,40.29817],[-111.95588,40.29627],[-111.95447,40.29221],[-111.9506,40.28819],[-111.95002,40.28525],[-111.94812,40.28436],[-111.9462,40.28227],[-111.94255,40.28163],[-111.94089,40.2801],[-111.94069,40.2786],[-111.93768,40.27886],[-111.93566,40.28061],[-111.93281,40.27614],[-111.93041,40.27537],[-111.9299,40.27179],[-111.93504,40.26987],[-111.9351,40.26936],[-111.93311,40.26623],[-111.93327,40.26354],[-111.93099,40.26209],[-111.92829,40.26146],[-111.92769,40.2578],[-111.92631,40.2561],[-111.9262,40.25211],[-111.92427,40.25112],[-111.92311,40.24969],[-111.92292,40.24746],[-111.92149,40.24534],[-111.92346,40.24321],[-111.92778,40.24182],[-111.92636,40.2396],[-111.92723,40.23474],[-111.93398,40.23278],[-111.93627,40.23052],[-111.93895,40.23039],[-111.94258,40.22711],[-111.94313,40.22433],[-111.94483,40.22285],[-111.94574,40.21976],[-111.94784,40.21904],[-111.9505,40.21698],[-111.951,40.21501],[-111.95215,40.21371],[-111.95618,40.21168],[-111.96127,40.20756],[-111.96395,40.20736],[-111.96539,40.20661],[-111.9661,40.20325],[-111.96807,40.20162],[-111.96787,40.1972],[-111.97156,40.19712],[-111.97249,40.19199]],[[-112.03889,40.22222],[-112.03631,40.22338],[-112.03525,40.2232],[-112.03509,40.22228],[-112.03431,40.22225],[-112.03371,40.22108],[-112.03213,40.22131],[-112.03133,40.22222],[-112.03061,40.22095],[-112.02964,40.22093],[-112.02862,40.22186],[-112.02961,40.22326],[-112.02877,40.22389],[-112.02707,40.22184],[-112.02517,40.22113],[-112.02463,40.22217],[-112.0225,40.22229],[-112.02116,40.22362],[-112.01932,40.22347],[-112.01949,40.22406],[-112.01733,40.22481],[-112.01385,40.2288],[-112.01377,40.23068],[-112.0128,40.23036],[-112.0117,40.23117],[-112.01311,40.23255],[-112.01214,40.23273],[-112.01301,40.2338],[-112.01196,40.23438],[-112.01382,40.23489],[-112.01402,40.23546],[-112.013,40.23617],[-112.01391,40.2372],[-112.01308,40.23677],[-112.01194,40.23755],[-112.01244,40.23828],[-112.01532,40.23767],[-112.01695,40.23946],[-112.02166,40.23962],[-112.02378,40.24153],[-112.02558,40.24059],[-112.02638,40.24107],[-112.02579,40.24235],[-112.02651,40.24322],[-112.02852,40.24346]],[[-111.97249,40.19199],[-111.97312,40.18989],[-111.97028,40.18724]],[[-111.96106,40.31211],[-111.95661,40.31455],[-111.95519,40.31693],[-111.95594,40.31892],[-111.95491,40.31989],[-111.9543,40.32185],[-111.94901,40.3248],[-111.94512,40.32509],[-111.94371,40.32669],[-111.93668,40.3276],[-111.9369,40.32933],[-111.93534,40.33348],[-111.93454,40.34121],[-111.93236,40.34293],[-111.93259,40.34466],[-111.93028,40.34526],[-111.92554,40.34488],[-111.9169,40.34533],[-111.90973,40.34433]],[[-112.11175,40.43887],[-112.1075,40.43231],[-112.1081,40.42822],[-112.10696,40.42459],[-112.1054,40.42272],[-112.10528,40.42046],[-112.10085,40.41684],[-112.10168,40.41511],[-112.101,40.41295],[-112.10178,40.41145],[-112.10066,40.40847],[-112.10313,40.40591],[-112.11932,40.40376],[-112.12096,40.40165],[-112.12044,40.39997],[-112.12145,40.3977]],[[-111.8296,39.61879],[-111.8226,39.61817],[-111.8167,39.61421],[-111.81274,39.61361],[-111.8121,39.61232]],[[-111.80469,39.60425],[-111.80071,39.60391]],[[-111.79945,39.60412],[-111.79572,39.60598],[-111.79404,39.60486]],[[-111.77466,39.58763],[-111.76732,39.59041],[-111.76596,39.59037],[-111.76326,39.58886]],[[-111.75213,39.58304],[-111.74887,39.58336],[-111.74606,39.58602],[-111.74207,39.58705],[-111.73343,39.58636]],[[-111.72218,39.58797],[-111.71979,39.59058],[-111.71493,39.5915]],[[-112.06607,40.38144],[-112.06347,40.38006],[-112.05044,40.37789],[-112.04684,40.37508],[-112.03677,40.36926],[-112.02002,40.36162],[-112.01446,40.35971],[-112.01158,40.35801],[-112.00922,40.35367],[-112.00641,40.35351],[-112.00172,40.34956],[-111.99864,40.34807],[-111.99804,40.34688],[-111.99838,40.34564],[-111.99706,40.34335],[-111.99183,40.33907],[-111.98581,40.33989],[-111.98279,40.34327],[-111.97821,40.34209],[-111.97521,40.34416],[-111.9727,40.34423],[-111.97087,40.34292],[-111.97088,40.34073],[-111.96894,40.33872],[-111.96951,40.33708],[-111.96927,40.33487],[-111.96698,40.33369],[-111.96621,40.33032],[-111.96389,40.32901],[-111.96228,40.32669],[-111.96331,40.324],[-111.96509,40.32285],[-111.96491,40.32041],[-111.9666,40.31951],[-111.96709,40.31807],[-111.96491,40.31704],[-111.96106,40.31211]],[[-111.93616,39.6404],[-111.93423,39.63983],[-111.93276,39.63811],[-111.93103,39.63852],[-111.92838,39.63721],[-111.92511,39.63722],[-111.92119,39.63447],[-111.91587,39.63423],[-111.91273,39.63154],[-111.90945,39.63198],[-111.90818,39.63089],[-111.90744,39.62907],[-111.9002,39.62713],[-111.8964,39.62516],[-111.88041,39.62435],[-111.871,39.62106],[-111.86729,39.62044],[-111.85415,39.62055],[-111.848,39.6195],[-111.83443,39.61941],[-111.8296,39.61879]],[[-111.83511,39.6433],[-111.82681,39.64244],[-111.81284,39.64272],[-111.80264,39.6421],[-111.80135,39.64261],[-111.80025,39.6445],[-111.79865,39.64473],[-111.79468,39.64391],[-111.7931,39.64197],[-111.79106,39.64167],[-111.78804,39.64191],[-111.78309,39.64348],[-111.78155,39.64473],[-111.78072,39.64383],[-111.77805,39.645],[-111.77521,39.64474],[-111.77219,39.64593],[-111.76733,39.64471],[-111.75823,39.64395],[-111.75591,39.64131],[-111.75108,39.64213],[-111.7449,39.64066],[-111.74337,39.64171]],[[-111.73016,39.7176],[-111.71971,39.71959],[-111.71829,39.71957],[-111.71699,39.71871],[-111.71401,39.71957],[-111.71261,39.72054],[-111.70921,39.72571],[-111.70595,39.72863],[-111.70009,39.72658],[-111.69506,39.72939],[-111.6931,39.73166],[-111.6908,39.73623],[-111.68524,39.73789],[-111.68325,39.74011],[-111.68089,39.74102],[-111.66676,39.75364],[-111.6626,39.75449],[-111.65568,39.75773],[-111.6497,39.75846],[-111.64614,39.76048],[-111.64138,39.76125],[-111.62801,39.76678],[-111.61898,39.77197],[-111.61687,39.77179],[-111.61535,39.77254]],[[-111.61998,40.45551],[-111.62157,40.45589],[-111.62286,40.45715],[-111.62522,40.45742],[-111.62473,40.45902],[-111.62509,40.46161],[-111.62197,40.46285],[-111.62065,40.46583],[-111.62565,40.46948],[-111.62597,40.47181],[-111.6268,40.47282],[-111.63069,40.47491],[-111.63511,40.47879],[-111.63969,40.48069],[-111.64312,40.48442],[-111.64255,40.48631],[-111.64375,40.49147],[-111.64792,40.49422],[-111.65143,40.49526],[-111.65154,40.49899],[-111.65595,40.50019],[-111.65996,40.50033],[-111.66209,40.50295],[-111.66327,40.50812],[-111.66718,40.50999],[-111.66998,40.5128],[-111.67471,40.51406],[-111.67945,40.51712],[-111.68365,40.51787]],[[-111.64658,40.39195],[-111.65259,40.39362],[-111.65547,40.39709],[-111.65774,40.40397],[-111.66006,40.40744],[-111.66552,40.41156],[-111.6668,40.41311],[-111.66753,40.41584],[-111.67117,40.41836],[-111.67611,40.41791],[-111.68247,40.41924],[-111.68784,40.42082],[-111.68918,40.42258],[-111.69161,40.42116],[-111.69565,40.4224],[-111.70252,40.42164],[-111.7064,40.41987],[-111.71001,40.4198],[-111.71381,40.42183],[-111.71426,40.4232],[-111.71616,40.42472],[-111.71985,40.42607],[-111.72264,40.42582],[-111.72676,40.42648],[-111.73005,40.42779],[-111.73499,40.42768],[-111.74169,40.43014],[-111.75511,40.43143],[-111.7523,40.43366],[-111.74881,40.43504],[-111.74749,40.43671]],[[-111.91207,40.01508],[-111.91161,40.01425],[-111.91265,40.0113],[-111.90799,40.01254],[-111.90577,40.0158],[-111.9056,40.01764],[-111.90708,40.01982],[-111.90592,40.02098],[-111.90002,40.02184],[-111.8976,40.02283],[-111.89272,40.02245],[-111.88316,40.02592],[-111.88056,40.02427],[-111.883,40.02659],[-111.87838,40.03075],[-111.87826,40.03303],[-111.87642,40.03391],[-111.87582,40.03522],[-111.87677,40.03954],[-111.87999,40.04117],[-111.87577,40.04597],[-111.8748,40.0491],[-111.8726,40.05],[-111.86869,40.0538],[-111.86708,40.05795],[-111.86364,40.05937],[-111.8623,40.06074],[-111.86169,40.0651],[-111.85678,40.07146],[-111.85717,40.07455],[-111.86085,40.07712],[-111.86806,40.07962],[-111.87029,40.07944],[-111.86744,40.08443],[-111.86334,40.0858],[-111.86198,40.08927],[-111.85444,40.10087],[-111.85319,40.10434],[-111.8543,40.10674],[-111.85415,40.10996],[-111.85255,40.11358],[-111.84646,40.118],[-111.84584,40.12132],[-111.84333,40.12464],[-111.84246,40.12776],[-111.83922,40.13162],[-111.83666,40.13312],[-111.83152,40.13463],[-111.8294,40.13698],[-111.82524,40.13954],[-111.80868,40.14556],[-111.80624,40.14577]],[[-111.96254,39.66369],[-111.96182,39.66183],[-111.9628,39.66031],[-111.9622,39.65917],[-111.96397,39.65766],[-111.96235,39.65656],[-111.9596,39.65714],[-111.95796,39.65662],[-111.95809,39.65292],[-111.953,39.65065],[-111.95332,39.64576],[-111.9511,39.64494],[-111.95061,39.64297],[-111.95137,39.64104],[-111.94869,39.63897],[-111.94767,39.63536]],[[-111.94656,39.63412],[-111.94401,39.6326]],[[-111.80457,39.70288],[-111.80035,39.70196],[-111.79909,39.70061],[-111.79607,39.69942],[-111.7941,39.69939],[-111.79389,39.69762],[-111.79277,39.69647],[-111.79215,39.69448],[-111.78506,39.69156],[-111.78269,39.68912],[-111.78167,39.6868],[-111.7823,39.68541],[-111.78175,39.68463],[-111.77402,39.68407],[-111.76852,39.68164],[-111.76491,39.67811],[-111.7595,39.67832],[-111.7516,39.67975],[-111.7492,39.67924],[-111.74887,39.67767],[-111.74609,39.67401],[-111.7466,39.66963],[-111.74527,39.66903],[-111.74327,39.66488]],[[-111.74327,39.66488],[-111.74055,39.66644],[-111.73747,39.66611],[-111.73526,39.66853],[-111.7352,39.67278],[-111.73337,39.67531],[-111.73255,39.67788],[-111.72912,39.67987],[-111.72913,39.68336],[-111.72825,39.68436],[-111.72616,39.69068],[-111.7247,39.69224],[-111.72518,39.69508],[-111.72413,39.69817],[-111.72501,39.70013],[-111.72529,39.70397],[-111.7278,39.70602],[-111.7285,39.70888],[-111.73011,39.70994],[-111.73199,39.71337],[-111.73016,39.7176]],[[-111.73016,39.7176],[-111.73036,39.71982],[-111.7334,39.72206],[-111.73556,39.72264],[-111.73414,39.72492],[-111.73237,39.72549],[-111.73414,39.73089],[-111.73777,39.73418],[-111.73941,39.7382],[-111.74263,39.73998],[-111.74591,39.74406],[-111.74376,39.74785],[-111.74381,39.7489],[-111.74517,39.75077],[-111.7435,39.75274],[-111.74337,39.75498],[-111.74475,39.75642],[-111.74492,39.75794],[-111.74319,39.76045],[-111.74506,39.76132],[-111.74566,39.76289],[-111.75163,39.76525],[-111.75053,39.76911],[-111.75225,39.77063],[-111.75993,39.77394],[-111.76169,39.77504],[-111.76259,39.77663]],[[-111.94401,39.6326],[-111.94302,39.63418],[-111.94009,39.63574],[-111.93939,39.6384],[-111.93616,39.6404]],[[-111.64388,40.38618],[-111.64728,40.38383],[-111.64757,40.38187],[-111.6497,40.37769],[-111.65271,40.37367],[-111.65807,40.37004],[-111.6668,40.36575],[-111.66751,40.36443],[-111.66703,40.36306],[-111.66928,40.36216],[-111.67153,40.35864],[-111.67384,40.35754],[-111.67369,40.35356],[-111.67535,40.35241],[-111.67434,40.35072],[-111.67701,40.34706],[-111.67796,40.34128],[-111.67716,40.33911],[-111.67949,40.33613],[-111.68204,40.33422],[-111.68259,40.33143],[-111.68406,40.33032],[-111.68468,40.32885],[-111.69052,40.32466],[-111.69478,40.32345],[-111.69931,40.32322],[-111.71882,40.32516],[-111.72944,40.323],[-111.73449,40.3249],[-111.73951,40.32576],[-111.74971,40.32583],[-111.75251,40.3251],[-111.7534,40.32568],[-111.75611,40.32541],[-111.76427,40.32629]],[[-111.89212,40.0468],[-111.89423,40.0481],[-111.8967,40.0474],[-111.89991,40.04744],[-111.90275,40.04812],[-111.90426,40.04917],[-111.90319,40.05042],[-111.89875,40.05143],[-111.89757,40.05399],[-111.89766,40.055],[-111.89868,40.05573],[-111.90321,40.05433],[-111.91213,40.05523],[-111.92039,40.05466],[-111.92167,40.05415],[-111.92341,40.05199],[-111.92212,40.04983],[-111.92291,40.04866],[-111.92127,40.04669],[-111.92107,40.04539],[-111.92269,40.04318],[-111.92291,40.04113],[-111.92562,40.0372],[-111.92485,40.0348],[-111.92608,40.03314],[-111.92674,40.02965],[-111.92215,40.0278],[-111.92199,40.02535],[-111.92113,40.02468],[-111.92071,40.02294],[-111.92092,40.02046],[-111.92235,40.01962],[-111.92065,40.01976],[-111.91908,40.01583],[-111.91655,40.01272],[-111.91703,40.01195],[-111.9164,40.01094],[-111.91639,40.00899],[-111.916,40.00965],[-111.91654,40.01223],[-111.91419,40.01444],[-111.91207,40.01508]],[[-111.93616,39.6404],[-111.93527,39.64231],[-111.93352,39.64357],[-111.93011,39.64297],[-111.92819,39.64521],[-111.92622,39.64561],[-111.92256,39.64509],[-111.92068,39.64594],[-111.91949,39.64957],[-111.91836,39.65087],[-111.91783,39.65542],[-111.91457,39.65693],[-111.90362,39.65984],[-111.89867,39.66258],[-111.8966,39.66494],[-111.89527,39.66978],[-111.8934,39.67193],[-111.89128,39.67065],[-111.88969,39.66641],[-111.88535,39.66385],[-111.88344,39.66028],[-111.88161,39.65928],[-111.88093,39.65684],[-111.87726,39.65488],[-111.87665,39.65364],[-111.87345,39.65115],[-111.86731,39.6443],[-111.86245,39.64082],[-111.85285,39.637],[-111.84738,39.63629],[-111.84383,39.63785],[-111.83907,39.64178],[-111.83511,39.6433]],[[-111.83511,39.6433],[-111.83878,39.64391],[-111.8532,39.64866],[-111.87992,39.66566],[-111.89065,39.67385],[-111.89323,39.67656],[-111.89298,39.6835],[-111.89715,39.69022],[-111.89909,39.6956],[-111.8951,39.69515],[-111.88337,39.69208],[-111.86231,39.69277],[-111.85733,39.69403],[-111.84618,39.69864],[-111.83889,39.70275],[-111.83351,39.70407],[-111.82736,39.70403],[-111.82188,39.70176],[-111.82031,39.7024],[-111.81807,39.7016],[-111.81371,39.70214],[-111.80939,39.70108],[-111.80457,39.70288]],[[-111.94176,39.732],[-111.94044,39.72974],[-111.94101,39.7284],[-111.94263,39.72617],[-111.94428,39.72634],[-111.94522,39.72576],[-111.94454,39.72175],[-111.94302,39.72095],[-111.94313,39.71967],[-111.94199,39.71804],[-111.94429,39.71674],[-111.94374,39.71591],[-111.94497,39.71311],[-111.9433,39.71227],[-111.94427,39.71041],[-111.94261,39.70968],[-111.94159,39.70802],[-111.94438,39.7066],[-111.94504,39.70489],[-111.9477,39.703],[-111.94812,39.70146],[-111.94754,39.69946],[-111.94851,39.69817],[-111.94633,39.69638],[-111.94647,39.69418],[-111.94566,39.69323],[-111.94065,39.69034],[-111.93839,39.68725],[-111.93676,39.68701],[-111.93764,39.68546],[-111.9373,39.68374],[-111.93867,39.68236],[-111.93961,39.68007],[-111.94377,39.68041],[-111.94534,39.67919],[-111.94631,39.67674],[-111.94788,39.67539],[-111.94653,39.67387],[-111.95149,39.67111],[-111.95288,39.67124],[-111.95739,39.66934],[-111.95989,39.66628],[-111.96226,39.66484],[-111.96254,39.66369]],[[-111.62681,40.19777],[-111.63029,40.20426],[-111.63237,40.20639],[-111.63615,40.2079],[-111.64348,40.20914],[-111.64589,40.21088],[-111.65274,40.21016],[-111.65583,40.21085],[-111.6602,40.21063],[-111.66746,40.20793],[-111.66934,40.20629],[-111.67361,40.20768],[-111.67572,40.20995],[-111.67782,40.20981],[-111.67846,40.20789],[-111.68194,40.20986],[-111.68545,40.21009],[-111.68714,40.21132],[-111.68663,40.21193],[-111.68843,40.21114],[-111.68923,40.21481],[-111.69752,40.21703],[-111.69991,40.21897],[-111.69971,40.22118],[-111.70082,40.22182],[-111.70201,40.22111],[-111.70225,40.2185],[-111.70079,40.21696],[-111.70082,40.21456],[-111.70194,40.21399],[-111.70538,40.21423],[-111.70459,40.217],[-111.70489,40.21793],[-111.70756,40.22056],[-111.70917,40.2196],[-111.71087,40.2212],[-111.71492,40.22297],[-111.71627,40.22463],[-111.71655,40.2272],[-111.71906,40.22792],[-111.71952,40.23008],[-111.71914,40.23134]],[[-111.90187,40.3534],[-111.90451,40.34894],[-111.90973,40.34433]],[[-111.9629,39.81572],[-111.95951,39.81476],[-111.95686,39.81245],[-111.95463,39.81145],[-111.954,39.80805],[-111.9521,39.80524],[-111.95133,39.80262],[-111.9514,39.79638],[-111.95228,39.79228],[-111.94998,39.79025]],[[-111.93042,40.14781],[-111.9317,40.14702],[-111.93553,40.13971],[-111.93702,40.13851],[-111.93888,40.13332],[-111.9427,40.12983],[-111.94352,40.12574],[-111.9427,40.1206],[-111.93984,40.11677],[-111.93405,40.11213],[-111.91796,40.10295],[-111.91808,40.10119],[-111.91955,40.09975],[-111.92117,40.09939],[-111.92378,40.09761],[-111.92788,40.09704],[-111.92901,40.09608],[-111.9297,40.09396],[-111.92839,40.09132],[-111.92746,40.08648],[-111.92537,40.08249],[-111.92107,40.0782],[-111.90844,40.06956],[-111.90472,40.06602],[-111.90315,40.06391],[-111.90498,40.06376],[-111.90507,40.06308],[-111.90034,40.06166],[-111.89393,40.05774],[-111.89224,40.0544],[-111.89212,40.0468]],[[-111.94998,39.79025],[-111.94936,39.78686],[-111.95119,39.78435],[-111.95156,39.78188],[-111.95068,39.77783],[-111.94916,39.77668],[-111.94966,39.77334],[-111.94661,39.76872],[-111.94505,39.76795],[-111.94284,39.76415],[-111.93924,39.76265],[-111.93841,39.76146],[-111.93918,39.75982],[-111.93874,39.75784],[-111.93937,39.75553],[-111.94089,39.75334],[-111.94218,39.74913],[-111.94451,39.74863],[-111.94497,39.74704],[-111.94647,39.74546],[-111.94687,39.743],[-111.94117,39.73825],[-111.94147,39.73736],[-111.94349,39.73721],[-111.94479,39.73427],[-111.94347,39.73269],[-111.94176,39.732]],[[-111.76259,39.77663],[-111.75875,39.78427],[-111.75875,39.78792],[-111.76023,39.79282],[-111.76153,39.79471],[-111.76174,39.79723],[-111.76401,39.80103],[-111.76339,39.8022],[-111.76368,39.8051],[-111.76559,39.80981],[-111.76633,39.81032]],[[-111.8079,39.71955],[-111.80614,39.72166],[-111.80229,39.72434],[-111.80235,39.72739],[-111.8018,39.72863],[-111.79888,39.73098],[-111.78968,39.73416],[-111.78823,39.7355],[-111.78392,39.73636],[-111.77803,39.74451],[-111.77458,39.74574],[-111.7687,39.74923],[-111.76899,39.75162],[-111.76797,39.75319],[-111.76811,39.75459],[-111.76483,39.75949],[-111.7691,39.76504],[-111.77006,39.77094],[-111.76484,39.77571],[-111.76259,39.77663]],[[-111.94176,39.732],[-111.93514,39.7329],[-111.93168,39.73265],[-111.92847,39.73406],[-111.92605,39.73648],[-111.92277,39.73777],[-111.91896,39.73627],[-111.91361,39.7316],[-111.90978,39.73103],[-111.9068,39.73165],[-111.89911,39.73146],[-111.89669,39.7297],[-111.89606,39.72612],[-111.89315,39.72381],[-111.88773,39.72307],[-111.8656,39.72238],[-111.85128,39.71721],[-111.84518,39.71586],[-111.83112,39.71717],[-111.8182,39.71511],[-111.8149,39.71519],[-111.81243,39.7161],[-111.8079,39.71955]],[[-111.76633,39.81032],[-111.76408,39.815],[-111.76433,39.8161],[-111.75822,39.82477],[-111.75582,39.82754],[-111.75076,39.83099],[-111.7488,39.83309],[-111.74837,39.83418],[-111.74919,39.83555],[-111.74949,39.83929],[-111.75028,39.84126],[-111.74746,39.84536],[-111.74648,39.85003],[-111.74379,39.8512],[-111.7385,39.85134],[-111.7356,39.85234]],[[-111.94998,39.79025],[-111.94726,39.79145],[-111.94712,39.79384],[-111.94404,39.79633],[-111.94377,39.79971],[-111.9425,39.80092],[-111.9377,39.80031],[-111.93397,39.80231],[-111.93118,39.80257],[-111.92841,39.80455],[-111.92519,39.80388],[-111.92382,39.80539],[-111.91897,39.80556],[-111.91215,39.80956],[-111.89674,39.81665],[-111.88219,39.81975],[-111.86671,39.82013],[-111.85945,39.81728],[-111.85134,39.81634],[-111.84046,39.81314],[-111.82814,39.80348],[-111.81899,39.79773],[-111.80929,39.79548],[-111.79368,39.79696],[-111.78544,39.80004],[-111.77974,39.80662],[-111.77407,39.80781],[-111.76985,39.80673],[-111.76759,39.80838],[-111.76633,39.81032]],[[-111.75805,39.87694],[-111.76583,39.87192],[-111.77105,39.87144],[-111.77279,39.872],[-111.77464,39.87531],[-111.77431,39.87893],[-111.77527,39.88079],[-111.78078,39.8833],[-111.78643,39.88309],[-111.7906,39.88404],[-111.79392,39.88266],[-111.79852,39.88189],[-111.8051,39.88385],[-111.81361,39.8831],[-111.82108,39.8853],[-111.83268,39.88516],[-111.85092,39.88688],[-111.85368,39.88777],[-111.8538,39.89052],[-111.85817,39.89684],[-111.8624,39.89846],[-111.86104,39.90004],[-111.86117,39.90096],[-111.86231,39.90195],[-111.86531,39.90251],[-111.86627,39.90592]],[[-111.96407,39.82734],[-111.96479,39.82532],[-111.96323,39.82308],[-111.96392,39.82112],[-111.96323,39.8189],[-111.96394,39.81745],[-111.9629,39.81572]],[[-111.68365,40.51787],[-111.68482,40.51968],[-111.68391,40.52304],[-111.68411,40.52497],[-111.6862,40.52655],[-111.68464,40.53128]],[[-112.05469,39.89395],[-112.05355,39.89327],[-112.05494,39.89122]],[[-112.05177,39.7768],[-112.04692,39.7771],[-112.04476,39.77952],[-112.04447,39.7812],[-112.04146,39.7833],[-112.03738,39.78318],[-112.03181,39.78119],[-112.02575,39.78273],[-112.02507,39.7862],[-112.02075,39.78653],[-112.02017,39.78795],[-112.01619,39.7917],[-112.01358,39.79205],[-112.0117,39.79403],[-112.0096,39.79517],[-112.00738,39.79443],[-112.00435,39.79569],[-112.00344,39.79698],[-112.00306,39.79998],[-112.00092,39.80087],[-111.99521,39.80149],[-111.99088,39.80469],[-111.98957,39.8073],[-111.98956,39.81163],[-111.98225,39.80961],[-111.97734,39.80723],[-111.96997,39.80689],[-111.96891,39.80905],[-111.96469,39.8136],[-111.96418,39.81513],[-111.9629,39.81572]],[[-112.08752,39.78173],[-112.0807,39.78136],[-112.08035,39.78072]],[[-112.07218,39.7781],[-112.06904,39.77739]],[[-112.06696,39.77824],[-112.06573,39.78032],[-112.06369,39.78178],[-112.06083,39.78206],[-112.06006,39.7804]],[[-111.74749,40.43671],[-111.74552,40.43778],[-111.7438,40.4401],[-111.74193,40.4404],[-111.73629,40.44381],[-111.73463,40.44657],[-111.7285,40.44743],[-111.72417,40.45043],[-111.72294,40.45672],[-111.7182,40.46493],[-111.71069,40.46758],[-111.70984,40.46966],[-111.70649,40.47125],[-111.7,40.47266],[-111.69555,40.47254],[-111.69196,40.47673],[-111.69524,40.47924],[-111.69514,40.48124],[-111.6972,40.48329],[-111.69765,40.48472],[-111.69765,40.48662],[-111.69521,40.49139],[-111.69707,40.49627],[-111.69522,40.49837],[-111.69487,40.50002],[-111.69556,40.50129],[-111.69536,40.50266],[-111.69373,40.50528],[-111.69049,40.50776],[-111.6896,40.50971],[-111.68518,40.51157],[-111.68331,40.51318],[-111.68298,40.51479],[-111.68365,40.51787]],[[-111.98341,40.41573],[-111.98741,40.41511],[-111.98958,40.41352],[-111.99029,40.40809],[-111.99002,40.40538],[-111.99396,40.398],[-111.99291,40.39669],[-111.99373,40.39472],[-111.99351,40.3928],[-111.99533,40.39245],[-111.99452,40.38956],[-111.9955,40.38548],[-111.99508,40.38261],[-111.99352,40.37879],[-111.98977,40.37925],[-111.98636,40.37885],[-111.98568,40.37788],[-111.98627,40.37648],[-111.98324,40.37177],[-111.97132,40.36684],[-111.9641,40.36202],[-111.95605,40.35995],[-111.95604,40.35769],[-111.95352,40.35724],[-111.95284,40.35507],[-111.94903,40.35394],[-111.94529,40.35193],[-111.92502,40.35416],[-111.91852,40.35373],[-111.90974,40.35455],[-111.90187,40.3534]],[[-111.80492,40.34593],[-111.80162,40.35109],[-111.80146,40.35562],[-111.80013,40.35837],[-111.79988,40.36475],[-111.80037,40.36859],[-111.80149,40.37037],[-111.79996,40.37284],[-111.79885,40.37788],[-111.79445,40.38234],[-111.79269,40.38556],[-111.7884,40.38843],[-111.78725,40.39133],[-111.78802,40.39405],[-111.7874,40.4024],[-111.79022,40.4088],[-111.78908,40.41302],[-111.7849,40.41958],[-111.78362,40.42441],[-111.76859,40.4314],[-111.76674,40.43293]],[[-111.90187,40.3534],[-111.89886,40.35603],[-111.89858,40.36023],[-111.89516,40.35977],[-111.88992,40.36192],[-111.89208,40.36056],[-111.88728,40.36119],[-111.88314,40.36093],[-111.88279,40.36184],[-111.88223,40.36107],[-111.87919,40.36151],[-111.87417,40.36254],[-111.87499,40.36343],[-111.87376,40.36401],[-111.86454,40.36199],[-111.86271,40.36314],[-111.86336,40.36185],[-111.86119,40.36153],[-111.85811,40.36178],[-111.85749,40.36322],[-111.85688,40.36201],[-111.8518,40.36213],[-111.84897,40.36312],[-111.84563,40.36238],[-111.84424,40.36284],[-111.84136,40.3611],[-111.83911,40.36154],[-111.84006,40.36044],[-111.83746,40.35914],[-111.83699,40.35822],[-111.83542,40.35812],[-111.83565,40.35903],[-111.83496,40.35961],[-111.83116,40.35836],[-111.83015,40.35901],[-111.83091,40.35799],[-111.8294,40.35776],[-111.82865,40.35604],[-111.82755,40.35583],[-111.82904,40.35481],[-111.8243,40.35365],[-111.82404,40.35545],[-111.82312,40.35392],[-111.82221,40.35412],[-111.82233,40.35359],[-111.82171,40.3534],[-111.8201,40.35394],[-111.81935,40.35373],[-111.81939,40.35297],[-111.81852,40.35347],[-111.81802,40.35255],[-111.81686,40.35312],[-111.81999,40.35445],[-111.81995,40.35519],[-111.81551,40.35445],[-111.8153,40.35386],[-111.81673,40.35239],[-111.81539,40.3518],[-111.81561,40.35088],[-111.8135,40.35185],[-111.81274,40.35012],[-111.81132,40.34944],[-111.81135,40.34843],[-111.80492,40.34593]],[[-111.76674,40.43293],[-111.78181,40.43263],[-111.79309,40.43154],[-111.80205,40.42989],[-111.8069,40.43158],[-111.80982,40.43175],[-111.81788,40.42745],[-111.82104,40.42722],[-111.82316,40.42868],[-111.82251,40.43097],[-111.82482,40.43627],[-111.82502,40.44044],[-111.83102,40.44893],[-111.83234,40.44898],[-111.83415,40.45057],[-111.83971,40.45195],[-111.84101,40.45488],[-111.84379,40.45724],[-111.84898,40.45802],[-111.85301,40.46168],[-111.8534,40.46337],[-111.8578,40.46539],[-111.8557,40.46693]],[[-111.96407,39.82734],[-111.96123,39.82955],[-111.95783,39.83632],[-111.95171,39.83446],[-111.95021,39.83479],[-111.94895,39.83668],[-111.94996,39.83911],[-111.9481,39.8441],[-111.94811,39.84926],[-111.94656,39.85078],[-111.94351,39.85163],[-111.9372,39.85532],[-111.93815,39.85756],[-111.93759,39.85854],[-111.93616,39.85923],[-111.93266,39.86362],[-111.92804,39.86501],[-111.92764,39.8675],[-111.92609,39.8685],[-111.92547,39.87032],[-111.92653,39.87284],[-111.92172,39.87454],[-111.92213,39.87617],[-111.92093,39.88021],[-111.91527,39.88368],[-111.9129,39.88873],[-111.90946,39.89246],[-111.90974,39.89457],[-111.91156,39.89561],[-111.91318,39.89895],[-111.91188,39.90129],[-111.91214,39.9029],[-111.91145,39.90426],[-111.912,39.90566],[-111.90838,39.90855],[-111.90842,39.90946],[-111.90989,39.91067],[-111.9105,39.91303],[-111.9085,39.9185],[-111.91312,39.92134],[-111.91802,39.9224],[-111.91969,39.92461],[-111.9213,39.9256],[-111.92945,39.92849],[-111.93187,39.9314],[-111.93495,39.93141],[-111.93638,39.93224],[-111.93729,39.93342],[-111.93729,39.9348],[-111.93665,39.93692],[-111.93491,39.93888]],[[-112.05494,39.89122],[-112.05501,39.88991],[-112.05191,39.88479],[-112.05323,39.88363],[-112.05208,39.8823],[-112.04769,39.88107],[-112.04629,39.87776],[-112.04141,39.87754],[-112.0391,39.87551],[-112.03089,39.87541],[-112.02991,39.87312],[-112.02998,39.87104],[-112.02878,39.86916],[-112.02483,39.86817],[-112.02292,39.86596],[-112.01707,39.86319],[-112.00635,39.86511],[-111.997,39.86892],[-111.99313,39.87234],[-111.9885,39.87957],[-111.98644,39.88072],[-111.98647,39.87478],[-111.98912,39.86843],[-111.98851,39.85999],[-111.98693,39.8522],[-111.98432,39.85031],[-111.98201,39.84746],[-111.98158,39.84334],[-111.97723,39.84175],[-111.9763,39.84075],[-111.97188,39.84024],[-111.97082,39.83834],[-111.97051,39.83536],[-111.96947,39.83393],[-111.96958,39.83266],[-111.96855,39.83123],[-111.96852,39.82959],[-111.96521,39.82866],[-111.96407,39.82734]],[[-112.09799,39.92836],[-112.093,39.93025],[-112.09242,39.92772]],[[-111.93491,39.93888],[-111.93423,39.94209],[-111.93258,39.9431]],[[-112.05906,39.9089],[-112.05897,39.91],[-112.05781,39.91041],[-112.05779,39.91207],[-112.0566,39.91333],[-112.05715,39.91705],[-112.05827,39.91795],[-112.05919,39.92153],[-112.0584,39.92496],[-112.05659,39.92733],[-112.05448,39.92886],[-112.05149,39.92911],[-112.04935,39.93055],[-112.04476,39.93079],[-112.04057,39.93255],[-112.03802,39.93469],[-112.04003,39.93789],[-112.03954,39.94033],[-112.03427,39.94195],[-112.03114,39.94199],[-112.03036,39.94123],[-112.02623,39.94168],[-112.02201,39.94399],[-112.01896,39.94365],[-112.01435,39.94634],[-112.00995,39.94716],[-112.00404,39.94785],[-112.0029,39.94711],[-111.99845,39.94839],[-111.99265,39.9478],[-111.98189,39.9487],[-111.9762,39.94748],[-111.96804,39.94467],[-111.95872,39.94406],[-111.95743,39.94191],[-111.95602,39.94123],[-111.94211,39.9415],[-111.93793,39.9394],[-111.93491,39.93888]],[[-112.09405,39.95386],[-112.08915,39.95537],[-112.08589,39.95505],[-112.08597,39.95556],[-112.08213,39.9574],[-112.08105,39.95698],[-112.07646,39.95846],[-112.07558,39.96105],[-112.0676,39.96355],[-112.06196,39.97043],[-112.05975,39.9709],[-112.05837,39.97248],[-112.05562,39.97306],[-112.05292,39.97501],[-112.04771,39.97549],[-112.04564,39.97335],[-112.04483,39.97141],[-112.04355,39.97136],[-112.04095,39.96988],[-112.0339,39.96902],[-112.0319,39.9712],[-112.02794,39.97153],[-112.02544,39.97302],[-112.02213,39.97324],[-112.02083,39.97394],[-112.01568,39.97448],[-112.01161,39.97338],[-112.00606,39.97364],[-112.0043,39.97306],[-111.99734,39.97379],[-111.99211,39.97101],[-111.98463,39.97072],[-111.97191,39.96895],[-111.96634,39.96903],[-111.95582,39.96538],[-111.95253,39.96491],[-111.93151,39.96859],[-111.92981,39.96682],[-111.92967,39.96286],[-111.93314,39.95302],[-111.93181,39.95146],[-111.92949,39.95132],[-111.92915,39.95066],[-111.93158,39.94693],[-111.93258,39.9431]],[[-111.7356,39.85234],[-111.73176,39.85002],[-111.7267,39.84999],[-111.72495,39.84874],[-111.7207,39.84806],[-111.71762,39.8464]],[[-112.09681,39.95694],[-112.09558,39.95662],[-112.09428,39.9546]],[[-111.93258,39.9431],[-111.93065,39.94371],[-111.92796,39.94312],[-111.92633,39.94185],[-111.92281,39.94092],[-111.92176,39.93983],[-111.92197,39.93903],[-111.91726,39.93957],[-111.91655,39.94052],[-111.91016,39.93902]],[[-111.75805,39.87694],[-111.75589,39.875],[-111.75211,39.87401],[-111.75117,39.87204],[-111.74752,39.87034],[-111.74682,39.86927],[-111.74021,39.86597],[-111.73797,39.86414],[-111.73813,39.86288],[-111.73664,39.85918],[-111.73462,39.85665],[-111.73419,39.85378],[-111.7356,39.85234]],[[-111.83008,39.94152],[-111.82699,39.94696],[-111.82416,39.94765],[-111.82124,39.9438],[-111.82006,39.94035],[-111.81722,39.93945],[-111.81211,39.93976],[-111.80904,39.93889],[-111.80533,39.93481],[-111.79986,39.93235],[-111.79461,39.93112],[-111.79208,39.92724],[-111.78876,39.92617],[-111.78622,39.92132],[-111.78709,39.92014],[-111.78667,39.91857],[-111.78709,39.91746],[-111.78904,39.91547],[-111.78718,39.9131],[-111.78715,39.90929],[-111.78221,39.9074],[-111.78207,39.90599],[-111.78303,39.90415],[-111.7807,39.90065],[-111.77824,39.89921],[-111.7749,39.89929],[-111.77318,39.8986],[-111.76859,39.89826],[-111.76265,39.89451],[-111.76119,39.89209],[-111.75787,39.89041],[-111.75691,39.88883],[-111.75875,39.88739],[-111.76106,39.88376],[-111.75834,39.88052],[-111.75805,39.87694]],[[-111.71762,39.8464],[-111.71468,39.84604],[-111.71222,39.84718],[-111.70619,39.85183],[-111.70476,39.85421],[-111.70078,39.85644],[-111.6995,39.85845],[-111.68724,39.86205],[-111.686,39.8638],[-111.68556,39.86581],[-111.68815,39.86878],[-111.68846,39.8716],[-111.68346,39.87713],[-111.68489,39.87873],[-111.68775,39.87919],[-111.68935,39.88025],[-111.6878,39.88252],[-111.68828,39.88457],[-111.69114,39.88652],[-111.69182,39.88914],[-111.69559,39.89311],[-111.69523,39.89445],[-111.69745,39.89614],[-111.69744,39.8991],[-111.69504,39.9]],[[-111.86627,39.90592],[-111.86284,39.90916],[-111.85839,39.91035],[-111.85798,39.91154],[-111.85888,39.91505],[-111.85641,39.91451],[-111.85087,39.91607],[-111.84606,39.91896],[-111.84593,39.92024],[-111.8447,39.922],[-111.84256,39.92251],[-111.84092,39.92375],[-111.83863,39.92302],[-111.83665,39.92409],[-111.83327,39.92428],[-111.83173,39.93023],[-111.83267,39.93637],[-111.83073,39.93897],[-111.83008,39.94152]],[[-111.91016,39.93902],[-111.90856,39.93706],[-111.90369,39.93524],[-111.90265,39.93293],[-111.8962,39.93209],[-111.89201,39.92944],[-111.89203,39.92725],[-111.88905,39.91963],[-111.88629,39.91627],[-111.88713,39.91336],[-111.88611,39.91204],[-111.88321,39.91038],[-111.88127,39.90761],[-111.87806,39.90615],[-111.87326,39.90723],[-111.86739,39.90656],[-111.86627,39.90592]],[[-111.91207,40.01508],[-111.91369,40.01279],[-111.91404,40.01034],[-111.90956,40.00578],[-111.90651,39.99973],[-111.90856,39.99213],[-111.90826,39.98529],[-111.90405,39.98142],[-111.89836,39.97292],[-111.89722,39.96942],[-111.89726,39.96714],[-111.89919,39.96156],[-111.90097,39.9517],[-111.90462,39.94454],[-111.90782,39.94053],[-111.91016,39.93902]],[[-111.83008,39.94152],[-111.83309,39.94172],[-111.83206,39.94261],[-111.83087,39.94713],[-111.82956,39.94852],[-111.83014,39.95212],[-111.82836,39.95754],[-111.82921,39.95924],[-111.82946,39.96215],[-111.82983,39.96267],[-111.83207,39.96271],[-111.83435,39.9646],[-111.83607,39.9684],[-111.83934,39.97152],[-111.84056,39.974],[-111.84349,39.97519],[-111.84656,39.97916],[-111.84914,39.98013],[-111.85573,39.98008],[-111.8652,39.97738],[-111.86011,39.98041],[-111.84114,39.98293],[-111.82194,39.9909],[-111.81158,39.99212],[-111.81033,39.99287]],[[-112.07438,40.16988],[-112.04158,40.21542],[-112.03889,40.22222]],[[-112.10987,39.97377],[-112.10704,39.97599],[-112.10535,39.9763],[-112.1036,39.97534],[-112.1029,39.97723],[-112.10006,39.9795],[-112.09864,39.98029],[-112.09406,39.98093],[-112.0876,39.98676],[-112.08584,39.98603],[-112.08078,39.98565],[-112.07877,39.98729],[-112.0777,39.99061],[-112.0768,39.99109],[-112.07315,39.98914],[-112.07169,39.98945],[-112.06645,39.99351],[-112.0658,39.99611],[-112.0606,39.9997],[-112.05651,39.99862],[-112.05657,40.00179],[-112.05412,40.00349],[-112.0543,40.00554],[-112.05271,40.00938],[-112.05463,40.01119],[-112.05492,40.01256],[-112.05191,40.01441],[-112.05176,40.01647],[-112.0508,40.01745],[-112.05104,40.0183]],[[-112.1786,40.01132],[-112.17451,40.01097],[-112.17361,40.00963]],[[-112.1668,40.00759],[-112.16392,40.00821],[-112.16235,40.00786],[-112.16017,40.00688],[-112.15937,40.00582]],[[-112.1587,40.00536],[-112.15387,40.00657],[-112.15333,40.00833],[-112.15118,40.00922],[-112.14698,40.00975],[-112.14553,40.01094],[-112.14171,40.01083],[-112.14134,40.01264],[-112.14365,40.01644],[-112.14112,40.01982],[-112.13804,40.01781],[-112.13497,40.01745],[-112.12644,40.0206],[-112.12436,40.01831],[-112.12179,40.01801],[-112.11692,40.01502],[-112.11294,40.01588],[-112.11029,40.01797],[-112.10672,40.01952],[-112.10197,40.01755],[-112.09655,40.01864],[-112.09307,40.02054],[-112.09297,40.02413],[-112.08341,40.02565],[-112.07921,40.03045],[-112.07565,40.03623],[-112.07296,40.0439],[-112.07262,40.04865],[-112.07034,40.05417],[-112.07008,40.06467],[-112.06679,40.07055],[-112.06544,40.07912],[-112.06912,40.09335],[-112.06922,40.09987],[-112.0679,40.10938],[-112.06882,40.11236],[-112.07373,40.11852],[-112.07421,40.1213],[-112.07329,40.15584],[-112.07438,40.16988]],[[-112.16757,40.12608],[-112.16448,40.1306],[-112.16499,40.13242],[-112.16416,40.13473],[-112.16036,40.13627],[-112.15575,40.13595],[-112.15159,40.13832],[-112.14797,40.13656],[-112.14407,40.13631],[-112.14355,40.13451],[-112.14381,40.1303],[-112.14026,40.12973],[-112.13756,40.12818],[-112.13609,40.12839],[-112.13415,40.13025],[-112.13186,40.12962],[-112.12951,40.1299],[-112.12746,40.13202],[-112.12065,40.13372],[-112.11724,40.13527],[-112.11024,40.14005],[-112.10028,40.14554],[-112.08615,40.15664],[-112.08017,40.16268],[-112.07438,40.16988]],[[-112.06607,40.38144],[-112.06363,40.37606],[-112.05739,40.37219],[-112.05488,40.36911],[-112.05297,40.36297],[-112.05091,40.35885],[-112.04139,40.35036],[-112.0384,40.3414],[-112.03312,40.32935],[-112.03143,40.32341],[-112.03168,40.32192],[-112.03053,40.32139],[-112.03076,40.31898],[-112.03395,40.31167],[-112.03266,40.30565],[-112.02794,40.30521],[-112.02634,40.30366],[-112.02614,40.30263],[-112.02612,40.298],[-112.02771,40.29316],[-112.02878,40.28573],[-112.03061,40.27869],[-112.02922,40.27244],[-112.02486,40.26151],[-112.02416,40.25692],[-112.02469,40.25294],[-112.02852,40.24346]],[[-112.03889,40.22222],[-112.02315,40.20413],[-112.01632,40.19908],[-112.00573,40.19544],[-112.00252,40.1949],[-111.98445,40.19475],[-111.98049,40.19649],[-111.97914,40.19471],[-111.97935,40.19305],[-111.9782,40.19109],[-111.97541,40.19258],[-111.97249,40.19199]],[[-112.02852,40.24346],[-112.03595,40.25288],[-112.04318,40.25531],[-112.05005,40.26762],[-112.05403,40.27881],[-112.06183,40.28503],[-112.06516,40.28994],[-112.06608,40.29235],[-112.07004,40.29612],[-112.07321,40.29751],[-112.08575,40.29771],[-112.09353,40.29926],[-112.09891,40.30166],[-112.10128,40.30382],[-112.1129,40.30605],[-112.11706,40.30863],[-112.11995,40.31367],[-112.12338,40.31719],[-112.12372,40.31902],[-112.12592,40.32235],[-112.12374,40.32512],[-112.12205,40.32607],[-112.12325,40.32897],[-112.12589,40.33059],[-112.12987,40.3348],[-112.13506,40.33759],[-112.1379,40.34033],[-112.13859,40.34205],[-112.14366,40.34571],[-112.14412,40.34816],[-112.14817,40.34901],[-112.14978,40.35168],[-112.15473,40.35613],[-112.1568,40.35964],[-112.15685,40.36111],[-112.15929,40.36422],[-112.1609,40.36566],[-112.1642,40.36624],[-112.16714,40.36907],[-112.16841,40.37268],[-112.17189,40.37487]],[[-112.05104,40.0183],[-112.0464,40.01807],[-112.04251,40.02303],[-112.04126,40.02562],[-112.03879,40.02788],[-112.03657,40.02894],[-112.03581,40.03014],[-112.03595,40.03364],[-112.02687,40.0373],[-112.02522,40.0385],[-112.02156,40.03905],[-112.02057,40.04143],[-112.01753,40.04282],[-112.01636,40.04542],[-112.01241,40.04881],[-111.99687,40.05475],[-111.98843,40.05656],[-111.97942,40.05817],[-111.96175,40.05515],[-111.94828,40.0549],[-111.9351,40.056],[-111.93047,40.05863],[-111.92821,40.05911],[-111.91764,40.05671],[-111.91523,40.05703],[-111.90472,40.05538],[-111.89805,40.05689],[-111.89504,40.05436],[-111.89212,40.0468]],[[-111.97028,40.18724],[-111.97446,40.18321],[-111.97454,40.18164],[-111.97367,40.17966],[-111.97491,40.17694],[-111.97654,40.17573],[-111.97993,40.17461],[-111.98323,40.17154],[-111.98399,40.16694],[-111.98573,40.16525],[-111.9859,40.16355],[-111.98466,40.16127],[-111.98577,40.15954],[-111.9856,40.15707],[-111.98656,40.15633],[-111.98739,40.15429],[-111.98831,40.15334],[-111.99107,40.15416],[-111.99349,40.15291],[-111.99419,40.15161],[-111.99857,40.15152],[-111.99972,40.14982],[-112.00272,40.14852],[-112.00556,40.14832],[-112.00787,40.14612],[-112.00808,40.14376],[-112.01161,40.14222],[-112.01229,40.14032],[-112.01306,40.12939],[-112.01614,40.1265],[-112.01708,40.12479],[-112.01631,40.12257],[-112.01629,40.11974],[-112.01557,40.11853],[-112.01632,40.11649],[-112.02371,40.11618],[-112.03691,40.10621],[-112.03731,40.10543],[-112.03659,40.10418],[-112.03834,40.10188],[-112.039,40.09927],[-112.04164,40.09597],[-112.04454,40.08892],[-112.04774,40.08535],[-112.0474,40.08074],[-112.04653,40.07959],[-112.04572,40.07541],[-112.04672,40.07219],[-112.04912,40.07096],[-112.04939,40.06986],[-112.05209,40.06794],[-112.0521,40.06684],[-112.05311,40.06546],[-112.05172,40.06055],[-112.05595,40.05439],[-112.05559,40.05139],[-112.0538,40.04891],[-112.05451,40.04649],[-112.05811,40.04419],[-112.06027,40.04143],[-112.06003,40.04056],[-112.0571,40.03945],[-112.05781,40.03458],[-112.05557,40.03215],[-112.05618,40.02756],[-112.05316,40.02188],[-112.05387,40.01977],[-112.05543,40.01833],[-112.05104,40.0183]],[[-112.07771,39.79877],[-112.07661,39.80029],[-112.07725,39.80114]],[[-112.07516,39.84925],[-112.07677,39.85278],[-112.07762,39.85282]],[[-112.07984,39.85604],[-112.07946,39.85755],[-112.08046,39.859]],[[-112.07841,39.86595],[-112.07634,39.86604],[-112.07413,39.86863]],[[-112.07231,39.86977],[-112.07045,39.86994],[-112.06706,39.87409]],[[-112.05759,39.88885],[-112.05494,39.89122]],[[-111.59818,40.57799],[-111.59365,40.57708]],[[-111.43223,40.38436],[-111.42997,40.38548],[-111.42415,40.3831],[-111.41908,40.38207],[-111.41215,40.38638],[-111.41131,40.3886],[-111.4122,40.39132],[-111.41467,40.39524],[-111.41426,40.39763],[-111.41575,40.40025],[-111.41832,40.40131],[-111.41966,40.4035],[-111.41973,40.40627],[-111.41816,40.40688],[-111.41419,40.406],[-111.4116,40.40778],[-111.40612,40.40908],[-111.40259,40.41149],[-111.38869,40.4145],[-111.38618,40.41674],[-111.38609,40.41885]],[[-111.69514,40.10299],[-111.69954,40.10847],[-111.71399,40.13473],[-111.71984,40.14226],[-111.72787,40.15073],[-111.73906,40.16401],[-111.74193,40.16531],[-111.74826,40.16625]],[[-111.93211,40.48942],[-111.93182,40.487],[-111.92747,40.48515],[-111.92328,40.47941],[-111.9137,40.47393],[-111.90411,40.4656],[-111.90046,40.4647],[-111.89857,40.4635]],[[-111.96674,40.52422],[-111.95937,40.52422],[-111.9534,40.5254],[-111.94189,40.52647],[-111.93368,40.52344],[-111.92361,40.52294],[-111.92154,40.52221],[-111.9246,40.52087],[-111.9262,40.51838],[-111.92818,40.51228],[-111.93053,40.50997],[-111.93407,40.5101],[-111.95213,40.50777],[-111.96763,40.5072]],[[-111.91542,40.54843],[-111.92279,40.54826],[-111.92453,40.54699],[-111.92541,40.54272],[-111.92527,40.53543],[-111.92712,40.53143],[-111.93007,40.53139],[-111.93635,40.53282],[-111.9411,40.53235],[-111.95393,40.52831],[-111.95905,40.52539],[-111.96674,40.52422]],[[-111.89857,40.4635],[-111.89228,40.46413],[-111.89093,40.46626],[-111.88668,40.46822],[-111.88621,40.46987],[-111.88343,40.47123],[-111.88252,40.47249],[-111.87313,40.47697],[-111.87064,40.47672],[-111.87023,40.47561],[-111.86912,40.475],[-111.8684,40.47258],[-111.86525,40.47008],[-111.8557,40.46693]],[[-111.96763,40.5072],[-111.95491,40.5024],[-111.94988,40.50177],[-111.9466,40.50041],[-111.94122,40.50141],[-111.93888,40.50049],[-111.93733,40.4995],[-111.93498,40.49599],[-111.9306,40.49293],[-111.93055,40.49188],[-111.93211,40.48942]],[[-112.17586,40.50004],[-112.16734,40.5008],[-112.16359,40.49926],[-112.1569,40.50009],[-112.15457,40.50112],[-112.15235,40.50016],[-112.14905,40.5012],[-112.14472,40.5013],[-112.13927,40.50021],[-112.13776,40.50134],[-112.13671,40.50437],[-112.13562,40.50517],[-112.13642,40.50827],[-112.13477,40.50961],[-112.13668,40.5123],[-112.13442,40.51686]],[[-112.13442,40.51686],[-112.1378,40.52073],[-112.13771,40.52233],[-112.13662,40.52435],[-112.13867,40.52716],[-112.13747,40.53129],[-112.13842,40.53413],[-112.13575,40.5368],[-112.13704,40.53873],[-112.13706,40.5405],[-112.13493,40.54161],[-112.13309,40.54356],[-112.1328,40.5458],[-112.12964,40.54888],[-112.12922,40.55015],[-112.11921,40.55757],[-112.11664,40.55656],[-112.11154,40.55623],[-112.10653,40.55739],[-112.10594,40.55894],[-112.10301,40.55942],[-112.09735,40.55712],[-112.09384,40.55764],[-112.0915,40.55649],[-112.08791,40.55589],[-112.07062,40.55782],[-112.05793,40.55503],[-112.05329,40.55574],[-112.04323,40.5541],[-112.03871,40.55689],[-112.03533,40.55751],[-112.02998,40.55675],[-112.02791,40.55748],[-112.02726,40.55848]],[[-111.57077,39.71522],[-111.57358,39.71597],[-111.57474,39.71429],[-111.57478,39.71278]],[[-111.58277,39.70973],[-111.58486,39.71031],[-111.58607,39.70694],[-111.59021,39.70184]],[[-111.78781,40.51371],[-111.7835,40.51489],[-111.78286,40.51618],[-111.78123,40.51711],[-111.78128,40.51862],[-111.77838,40.52007],[-111.76977,40.52254],[-111.76403,40.52697],[-111.76266,40.52917],[-111.75769,40.52843],[-111.75542,40.5263],[-111.75022,40.5242],[-111.74741,40.52432],[-111.74403,40.52259],[-111.74267,40.52289],[-111.73946,40.5245],[-111.73861,40.52693],[-111.7369,40.52803],[-111.73629,40.53182],[-111.7351,40.53269]],[[-111.47134,40.48029],[-111.47269,40.4873],[-111.47581,40.48986],[-111.47675,40.49158],[-111.47931,40.49322],[-111.48858,40.49671],[-111.49173,40.49724],[-111.49615,40.5016],[-111.49878,40.50316],[-111.50775,40.50412],[-111.51647,40.50786],[-111.52137,40.50721],[-111.52636,40.50793]],[[-111.41851,40.46939],[-111.4236,40.46971],[-111.42648,40.47053],[-111.42827,40.4716],[-111.42997,40.4737],[-111.4335,40.47489],[-111.44049,40.47482],[-111.44477,40.47377],[-111.45475,40.47474],[-111.45895,40.47598],[-111.46525,40.4798],[-111.47134,40.48029]],[[-111.78539,39.96872],[-111.78754,39.9726],[-111.78871,39.98047],[-111.78696,39.99217],[-111.78772,40.00096],[-111.78567,40.00804],[-111.78568,40.0138],[-111.78398,40.02361],[-111.78226,40.04093],[-111.78008,40.04889],[-111.78006,40.05373],[-111.77921,40.05713],[-111.77889,40.07086],[-111.77682,40.07804],[-111.77416,40.08101],[-111.7735,40.08476],[-111.77298,40.08509]],[[-112.02726,40.55848],[-112.01428,40.55616],[-112.0078,40.55415],[-111.9973,40.55467],[-111.99482,40.55387],[-111.98752,40.55672],[-111.98388,40.55524],[-111.97952,40.55757],[-111.97573,40.55746],[-111.97375,40.55963],[-111.97364,40.56146],[-111.96137,40.56392],[-111.9581,40.56393],[-111.95458,40.56511],[-111.94909,40.5648],[-111.94786,40.56667],[-111.94042,40.56395],[-111.93869,40.56267],[-111.93761,40.55967],[-111.93583,40.55738],[-111.93384,40.55624],[-111.92951,40.55515],[-111.9237,40.55199],[-111.92141,40.54907],[-111.91542,40.54843]],[[-111.91542,40.54843],[-111.91218,40.54749],[-111.91056,40.5439],[-111.91029,40.53798],[-111.90829,40.53631],[-111.90836,40.53097],[-111.90734,40.52695],[-111.90632,40.5256],[-111.89992,40.52129],[-111.89158,40.51906],[-111.8888,40.51687],[-111.88627,40.51624],[-111.88322,40.51298],[-111.87964,40.511],[-111.86676,40.51008],[-111.85677,40.50796],[-111.85116,40.50779],[-111.84709,40.50697],[-111.84499,40.50532],[-111.83579,40.50387],[-111.82995,40.50454],[-111.82394,40.50725],[-111.81842,40.50797],[-111.81494,40.50986],[-111.81438,40.51134],[-111.81015,40.5106],[-111.80754,40.50875],[-111.80203,40.51018],[-111.79924,40.50962],[-111.79589,40.51039],[-111.7928,40.51229],[-111.78781,40.51371]],[[-111.07089,40.56888],[-111.06519,40.56769],[-111.06307,40.56511],[-111.05769,40.56338],[-111.05026,40.56325],[-111.04754,40.56665],[-111.04756,40.56867],[-111.04654,40.5701],[-111.04734,40.57265],[-111.0459,40.57926]],[[-111.7351,40.53269],[-111.73397,40.5323],[-111.73248,40.53036],[-111.72714,40.52936],[-111.72368,40.5263],[-111.72042,40.52517],[-111.7164,40.52756],[-111.71313,40.53267],[-111.71078,40.5325],[-111.70554,40.53379],[-111.70128,40.53369],[-111.69817,40.5357],[-111.68464,40.53128]],[[-111.68464,40.53128],[-111.68132,40.53296],[-111.67858,40.53167],[-111.67576,40.53279],[-111.67264,40.53782],[-111.66396,40.54132],[-111.66145,40.5466],[-111.66185,40.54953],[-111.66112,40.55015],[-111.6566,40.55182],[-111.65013,40.55127],[-111.64889,40.55387],[-111.64631,40.55632],[-111.64495,40.56077],[-111.64175,40.56229],[-111.63783,40.5681],[-111.6351,40.56822],[-111.63145,40.56696],[-111.62028,40.56526],[-111.6128,40.56525],[-111.61081,40.56598],[-111.60574,40.56446],[-111.60294,40.56735],[-111.60196,40.5696],[-111.60243,40.57512],[-111.59818,40.57799]],[[-111.40129,40.57424],[-111.40279,40.57089],[-111.4085,40.5673],[-111.41119,40.56691],[-111.41226,40.56613],[-111.41272,40.56417],[-111.4203,40.55916],[-111.42717,40.55853],[-111.42902,40.55596],[-111.43158,40.55444],[-111.43101,40.55237],[-111.43329,40.54496],[-111.43369,40.53821],[-111.43531,40.52968],[-111.44141,40.51353],[-111.44351,40.50654],[-111.44359,40.50364],[-111.44461,40.5002],[-111.4489,40.4963],[-111.45151,40.49762],[-111.45366,40.50071],[-111.46122,40.49856]],[[-111.79962,40.57691],[-111.79976,40.5753],[-111.80045,40.57464],[-111.79805,40.57076],[-111.79298,40.57024],[-111.78949,40.56855],[-111.77245,40.56495],[-111.7648,40.56244],[-111.76057,40.56193],[-111.75847,40.56084],[-111.75621,40.56114],[-111.75486,40.56026],[-111.75187,40.55974],[-111.75104,40.55882],[-111.74743,40.55738],[-111.74489,40.55737],[-111.74046,40.55555],[-111.73887,40.5526],[-111.73536,40.54902],[-111.7348,40.54762],[-111.73159,40.5449],[-111.73163,40.538],[-111.73254,40.53646],[-111.7352,40.5357],[-111.7351,40.53269]],[[-111.59365,40.57708],[-111.59192,40.57507],[-111.59178,40.57306],[-111.59109,40.57216],[-111.58158,40.56638],[-111.5791,40.56007],[-111.57552,40.55471],[-111.57205,40.55138],[-111.57015,40.55079],[-111.56769,40.54739]],[[-111.37706,40.55651],[-111.37795,40.55857],[-111.38121,40.55959],[-111.38431,40.56385],[-111.39201,40.57089]],[[-111.39201,40.57089],[-111.39416,40.57138],[-111.39737,40.57355],[-111.40129,40.57424]],[[-111.43166,40.50709],[-111.43394,40.50928],[-111.43401,40.51113],[-111.43054,40.51259],[-111.4245,40.51256],[-111.42177,40.51217],[-111.41934,40.51075],[-111.41468,40.50939],[-111.40214,40.50743],[-111.39097,40.50723],[-111.38162,40.50544],[-111.37423,40.5051],[-111.37134,40.50568],[-111.3702,40.50903],[-111.36735,40.51042],[-111.36432,40.51621],[-111.36217,40.51728],[-111.3615,40.51878],[-111.35974,40.51971],[-111.35807,40.5235],[-111.36184,40.52834],[-111.37051,40.53314],[-111.37422,40.53592],[-111.37382,40.53786],[-111.37105,40.54077],[-111.37289,40.54181],[-111.37503,40.5453],[-111.37477,40.54699],[-111.37744,40.54986],[-111.37699,40.55071],[-111.37734,40.55454],[-111.37668,40.55595],[-111.37706,40.55651]],[[-111.55696,40.24421],[-111.54664,40.2481],[-111.54438,40.25235],[-111.5454,40.25778],[-111.54427,40.26025]],[[-111.80624,40.14577],[-111.80619,40.14362],[-111.80797,40.13979],[-111.81327,40.13314],[-111.81358,40.13152],[-111.8121,40.12954],[-111.81636,40.1232],[-111.81739,40.11922],[-111.81661,40.11757],[-111.8172,40.11478],[-111.81907,40.11269],[-111.81992,40.1057],[-111.82185,40.10266],[-111.82254,40.09762],[-111.82443,40.0952],[-111.82231,40.09485],[-111.82187,40.09352],[-111.82255,40.0918],[-111.82203,40.08883],[-111.8239,40.08594],[-111.82314,40.083],[-111.82658,40.0814],[-111.8292,40.07765],[-111.82629,40.07663],[-111.82551,40.07573],[-111.82627,40.07281],[-111.82605,40.06999],[-111.82826,40.06652],[-111.82746,40.06034],[-111.82965,40.05928],[-111.82949,40.05542],[-111.83061,40.0528],[-111.83054,40.04812],[-111.82796,40.04544],[-111.82941,40.04133],[-111.82762,40.03919],[-111.82547,40.03864],[-111.82628,40.03597],[-111.82521,40.03529],[-111.82305,40.03533],[-111.82006,40.03284],[-111.81769,40.02997],[-111.81813,40.02786],[-111.81113,40.02849],[-111.80786,40.02658],[-111.80814,40.0254],[-111.8096,40.02433],[-111.80909,40.0224],[-111.81012,40.02084],[-111.8087,40.01907],[-111.80898,40.01773],[-111.8075,40.01516],[-111.80297,40.0129],[-111.80344,40.01051],[-111.80419,40.01009],[-111.80322,40.00885],[-111.80355,40.00799],[-111.80451,40.00708],[-111.80749,40.00612],[-111.80872,40.00229],[-111.81067,40.00036],[-111.81097,39.99899],[-111.809,39.9954],[-111.81033,39.99287]],[[-111.23987,40.40547],[-111.24451,40.40757],[-111.24934,40.40628],[-111.25284,40.41068],[-111.25479,40.4119],[-111.26036,40.41119],[-111.26519,40.41142],[-111.27053,40.41395],[-111.27857,40.41642],[-111.28342,40.41543],[-111.28622,40.41576],[-111.29317,40.41385],[-111.29887,40.4134],[-111.30622,40.41645],[-111.31165,40.41732],[-111.32226,40.42091],[-111.32645,40.42449],[-111.3273,40.42612],[-111.32869,40.427],[-111.33016,40.42704],[-111.33202,40.42862],[-111.3338,40.43434],[-111.34214,40.43902],[-111.34763,40.44621],[-111.35458,40.4499],[-111.35635,40.45194],[-111.35943,40.45269],[-111.36063,40.45432],[-111.3627,40.45508],[-111.36718,40.45883],[-111.36786,40.46297],[-111.36906,40.46469],[-111.37123,40.46552],[-111.37311,40.46527]],[[-111.37311,40.46527],[-111.37508,40.46335],[-111.37831,40.46274],[-111.3924,40.46527],[-111.4043,40.46978],[-111.41851,40.46939]],[[-111.74826,40.16625],[-111.74588,40.16432],[-111.74361,40.16466],[-111.74426,40.16208],[-111.74216,40.15996],[-111.74181,40.15792],[-111.73957,40.15438],[-111.73914,40.15129],[-111.73962,40.14833],[-111.74077,40.14675],[-111.74691,40.14355],[-111.75122,40.14219],[-111.75088,40.14036],[-111.74972,40.13936],[-111.74973,40.1378],[-111.75009,40.13896],[-111.75168,40.14042],[-111.75199,40.1422],[-111.76805,40.13796],[-111.77271,40.13723],[-111.7751,40.13796],[-111.77792,40.13673],[-111.79053,40.13447],[-111.7928,40.12864],[-111.79699,40.1286],[-111.79977,40.13406],[-111.8026,40.13465],[-111.80273,40.13727],[-111.80048,40.13685],[-111.80227,40.13826],[-111.80152,40.13878],[-111.80145,40.14025],[-111.80363,40.14417],[-111.80624,40.14577]],[[-111.37311,40.46527],[-111.3773,40.46893],[-111.38496,40.47142],[-111.38601,40.47243],[-111.38618,40.47659],[-111.38701,40.47851],[-111.39584,40.48558],[-111.4014,40.48797],[-111.41717,40.49215],[-111.42588,40.49271],[-111.43755,40.49875],[-111.44082,40.50223],[-111.44166,40.50457],[-111.44145,40.50591],[-111.43166,40.50709]],[[-111.32778,40.28221],[-111.32551,40.28264],[-111.32186,40.28725],[-111.31502,40.28755]],[[-111.37422,40.29696],[-111.36883,40.29219],[-111.36053,40.28857],[-111.3566,40.28816],[-111.35194,40.28954],[-111.34491,40.28725],[-111.34351,40.28738],[-111.34274,40.28825],[-111.33717,40.2883],[-111.32778,40.28221]],[[-111.29682,40.31034],[-111.29622,40.31341],[-111.30039,40.31845],[-111.29713,40.32363],[-111.30469,40.33831],[-111.31088,40.34212],[-111.31735,40.34212],[-111.31878,40.34439],[-111.32417,40.34949],[-111.32826,40.35724],[-111.33105,40.35886],[-111.3311,40.36339],[-111.33219,40.3654],[-111.33068,40.36852],[-111.32921,40.36977],[-111.33048,40.37176],[-111.33082,40.37518],[-111.33279,40.37535],[-111.33852,40.37405],[-111.3426,40.37484],[-111.34465,40.37944],[-111.34798,40.38311],[-111.34983,40.38423],[-111.3494,40.38868],[-111.35041,40.39059],[-111.36356,40.39868],[-111.36655,40.40247],[-111.36728,40.40512],[-111.36884,40.40596],[-111.36987,40.40815],[-111.37292,40.4112],[-111.37417,40.41337],[-111.37736,40.41495],[-111.37911,40.41736],[-111.38485,40.4179],[-111.38609,40.41885]],[[-111.0459,40.57926],[-111.04461,40.5786],[-111.04434,40.57762],[-111.04592,40.57283],[-111.04241,40.56785],[-111.04209,40.564],[-111.04129,40.56358],[-111.03316,40.56336],[-111.02921,40.56595],[-111.02381,40.56572],[-111.01466,40.5732],[-111.00861,40.5756],[-111.00673,40.57545],[-111.00498,40.57389],[-111.00333,40.57354],[-110.99913,40.57375],[-110.99383,40.57545],[-110.98433,40.57533],[-110.97945,40.57613],[-110.9767,40.57585],[-110.97556,40.57506]],[[-111.45746,40.30032],[-111.45218,40.29699],[-111.45256,40.29533],[-111.45159,40.29319],[-111.44552,40.29154],[-111.44413,40.29024],[-111.44208,40.2898],[-111.43356,40.29185],[-111.42884,40.28782],[-111.42641,40.28688],[-111.42328,40.28793],[-111.41927,40.2882],[-111.41771,40.28905],[-111.4129,40.28939],[-111.41166,40.29334],[-111.41035,40.29508],[-111.40225,40.29588],[-111.40011,40.29457],[-111.39935,40.29334],[-111.39666,40.29234],[-111.39542,40.29325],[-111.39438,40.29533],[-111.39226,40.29621],[-111.38804,40.29521],[-111.38574,40.29562],[-111.38166,40.29444],[-111.37852,40.29717],[-111.37422,40.29696]],[[-111.43223,40.38436],[-111.42294,40.37924],[-111.41924,40.37407],[-111.40694,40.36617],[-111.40037,40.35909],[-111.39807,40.35462],[-111.39885,40.35088],[-111.39853,40.34741],[-111.39669,40.34486],[-111.39452,40.34348],[-111.39326,40.34091],[-111.39341,40.33637],[-111.39557,40.33068],[-111.39621,40.32627],[-111.39361,40.3247],[-111.39271,40.31989],[-111.38947,40.31571],[-111.38331,40.31453],[-111.38151,40.31328],[-111.37687,40.31182],[-111.37514,40.31034],[-111.37071,40.30946],[-111.37218,40.30572],[-111.37538,40.30296],[-111.37551,40.29997],[-111.37422,40.29696]],[[-111.38609,40.41885],[-111.3893,40.42302],[-111.39363,40.42481],[-111.39608,40.42893],[-111.40116,40.43336],[-111.405,40.4331],[-111.40941,40.43449],[-111.41274,40.43665],[-111.42658,40.43658],[-111.43193,40.44015],[-111.43396,40.44613],[-111.43664,40.44878],[-111.43912,40.44937],[-111.44174,40.4518],[-111.44349,40.45229],[-111.4489,40.45145]],[[-110.99405,40.51477],[-110.99698,40.51802],[-110.99948,40.51961],[-111.00104,40.52205],[-111.00227,40.52055],[-111.00744,40.51714],[-111.00937,40.51672],[-111.01306,40.52012],[-111.01339,40.52417],[-111.01702,40.52708],[-111.01833,40.5292],[-111.01796,40.53147],[-111.01929,40.53268],[-111.02153,40.5328],[-111.02904,40.53024],[-111.03487,40.53111],[-111.03788,40.52957],[-111.03991,40.53196],[-111.04487,40.53552],[-111.05128,40.53071],[-111.05325,40.53001],[-111.05614,40.53033],[-111.05511,40.53254],[-111.05037,40.53702],[-111.05096,40.54424],[-111.05407,40.54658],[-111.0544,40.54931],[-111.05827,40.5519],[-111.05917,40.55376],[-111.05911,40.55628],[-111.06061,40.55854],[-111.06184,40.55908],[-111.06491,40.55882],[-111.07026,40.56016],[-111.07013,40.56421],[-111.07089,40.56888]],[[-111.61998,40.45551],[-111.62048,40.45483],[-111.61958,40.45293],[-111.62094,40.44952],[-111.61842,40.44891],[-111.61587,40.4438],[-111.61796,40.43927],[-111.6145,40.4342],[-111.61251,40.43293],[-111.6128,40.43203]],[[-111.52636,40.50793],[-111.528,40.51007],[-111.53141,40.51238],[-111.53231,40.51558],[-111.53673,40.51853],[-111.53559,40.52176],[-111.53845,40.52338],[-111.53983,40.52506],[-111.54003,40.52658],[-111.53907,40.52904],[-111.54351,40.53202],[-111.54406,40.53328],[-111.54386,40.53611],[-111.54501,40.53846],[-111.55075,40.54087],[-111.55361,40.54279],[-111.55705,40.54351],[-111.5614,40.54695],[-111.56769,40.54739]],[[-111.49187,40.37184],[-111.48424,40.37977],[-111.48281,40.38265],[-111.48024,40.38425],[-111.47985,40.39261],[-111.48115,40.39449],[-111.48312,40.39585],[-111.48261,40.40276],[-111.48325,40.40589],[-111.48206,40.41121],[-111.47955,40.41319],[-111.47599,40.41758],[-111.47324,40.41789],[-111.4719,40.41944],[-111.47015,40.42519],[-111.46766,40.43013],[-111.46831,40.43186],[-111.46797,40.43305],[-111.46543,40.43841],[-111.45648,40.44398],[-111.45378,40.44867],[-111.44976,40.45029],[-111.4489,40.45145]],[[-111.56769,40.54739],[-111.56823,40.54625],[-111.57079,40.5442],[-111.57127,40.54245],[-111.57074,40.53998],[-111.57266,40.53758],[-111.57029,40.53447],[-111.57099,40.5324],[-111.56972,40.52676],[-111.57084,40.52453],[-111.57167,40.51995],[-111.57548,40.51665],[-111.57553,40.5105],[-111.57488,40.50832],[-111.57575,40.50569],[-111.57551,40.50299],[-111.57919,40.50032],[-111.57808,40.49742],[-111.57605,40.49584],[-111.57441,40.49298],[-111.57478,40.48685],[-111.57803,40.48389],[-111.57872,40.4819],[-111.58171,40.48004],[-111.58381,40.47953],[-111.58428,40.47671],[-111.59496,40.46763],[-111.59716,40.46683],[-111.6007,40.46731],[-111.60306,40.46674],[-111.60592,40.46732],[-111.60873,40.46669],[-111.60984,40.4654],[-111.60986,40.46312],[-111.6145,40.45939],[-111.61486,40.45762],[-111.61998,40.45551]],[[-111.13826,40.55733],[-111.13376,40.55827],[-111.13249,40.56048],[-111.1303,40.56193],[-111.1284,40.56222],[-111.12677,40.56654],[-111.12011,40.5714],[-111.11827,40.57432],[-111.1164,40.57569],[-111.11161,40.57692],[-111.10377,40.57782],[-111.09589,40.57587],[-111.09036,40.57862],[-111.08544,40.57831],[-111.08346,40.57582],[-111.08048,40.57477],[-111.07955,40.57355],[-111.07558,40.57283],[-111.07355,40.57008],[-111.07089,40.56888]],[[-111.1241,40.50396],[-111.12314,40.50606],[-111.12022,40.50844],[-111.11958,40.51124],[-111.11822,40.513],[-111.11608,40.51533],[-111.11346,40.51684],[-111.11207,40.52019],[-111.11207,40.52603],[-111.10873,40.52882],[-111.10688,40.53158],[-111.10433,40.5339],[-111.1072,40.53705],[-111.10899,40.53722],[-111.11228,40.53941],[-111.11244,40.5441],[-111.11519,40.54721],[-111.11503,40.54894],[-111.1156,40.54999],[-111.12446,40.55024],[-111.12703,40.55133],[-111.12959,40.55144],[-111.13036,40.55179],[-111.13063,40.55444],[-111.13202,40.55586],[-111.13826,40.55733]],[[-111.45746,40.30032],[-111.45029,40.30534],[-111.4483,40.30916],[-111.44413,40.31207],[-111.44405,40.31314],[-111.44223,40.3147],[-111.44275,40.31703],[-111.44113,40.31995],[-111.43824,40.32029],[-111.43805,40.32128],[-111.4383,40.32211],[-111.4441,40.3253],[-111.44507,40.3283],[-111.44978,40.3315],[-111.45419,40.33733],[-111.45619,40.33812],[-111.46014,40.34255],[-111.46593,40.34622]],[[-111.46593,40.34622],[-111.47368,40.3495],[-111.47694,40.35508],[-111.47862,40.3557],[-111.48156,40.35945],[-111.48425,40.36142]],[[-111.5297,40.4028],[-111.53116,40.40374],[-111.53257,40.41104],[-111.53636,40.41439],[-111.53379,40.41904],[-111.53252,40.41979],[-111.53557,40.422],[-111.53609,40.42543],[-111.53766,40.42659],[-111.53893,40.42994],[-111.54059,40.43123],[-111.53826,40.44062],[-111.53212,40.4447],[-111.5326,40.44961],[-111.53663,40.4536],[-111.53648,40.45691],[-111.53455,40.45794],[-111.53738,40.46081],[-111.538,40.46433],[-111.53596,40.46606],[-111.53548,40.46788],[-111.53279,40.47113],[-111.53164,40.47356],[-111.53217,40.47594],[-111.53108,40.47724],[-111.5314,40.48064],[-111.52982,40.48306],[-111.52741,40.49007],[-111.52702,40.49601],[-111.52882,40.50112],[-111.52636,40.50793]],[[-111.54046,40.26935],[-111.53901,40.26962],[-111.5367,40.27123],[-111.53148,40.27172],[-111.52647,40.27443],[-111.52551,40.27701],[-111.52316,40.27897],[-111.52171,40.28205],[-111.5158,40.282],[-111.50799,40.28452],[-111.50197,40.28505],[-111.49983,40.28582],[-111.49764,40.28845],[-111.49317,40.29035],[-111.48921,40.28863],[-111.48664,40.28858],[-111.48071,40.29102],[-111.47187,40.29121],[-111.46168,40.2994],[-111.45911,40.30075],[-111.45746,40.30032]],[[-111.49187,40.37184],[-111.49368,40.37433],[-111.49597,40.37481],[-111.49816,40.37646],[-111.50266,40.37667],[-111.50915,40.37888],[-111.51311,40.38435],[-111.51895,40.3875],[-111.5198,40.39102],[-111.52142,40.3939],[-111.52074,40.39713],[-111.52099,40.39889],[-111.52747,40.40286],[-111.5297,40.4028]],[[-112.13879,40.46837],[-112.13703,40.46662],[-112.13175,40.46436],[-112.13009,40.46209],[-112.12378,40.45813],[-112.11935,40.45266],[-112.11426,40.45012],[-112.11345,40.44729],[-112.11464,40.44409],[-112.11449,40.4414],[-112.11175,40.43887]],[[-111.21073,40.46794],[-111.20867,40.47357],[-111.20568,40.47836],[-111.20338,40.48081],[-111.20429,40.48411],[-111.20343,40.48665],[-111.20037,40.4889],[-111.19342,40.49677],[-111.18997,40.499],[-111.18415,40.5083],[-111.17902,40.51099],[-111.17774,40.51481],[-111.1776,40.51797],[-111.17618,40.52063],[-111.17424,40.52226],[-111.17083,40.53072],[-111.16789,40.53317],[-111.16297,40.53513],[-111.16135,40.53706],[-111.15882,40.53745],[-111.15598,40.53969],[-111.15132,40.54021],[-111.15129,40.54173],[-111.14685,40.54575],[-111.14753,40.54926],[-111.13859,40.54829],[-111.13487,40.54643],[-111.13317,40.54429],[-111.12968,40.54384],[-111.12845,40.54271],[-111.12818,40.5407],[-111.12986,40.53804],[-111.13146,40.5369],[-111.13133,40.53287],[-111.13238,40.53029],[-111.13077,40.52832],[-111.13014,40.52417],[-111.13166,40.52146],[-111.13198,40.51923],[-111.1336,40.51679],[-111.13359,40.51246],[-111.13508,40.50923],[-111.13276,40.50786],[-111.12636,40.50667],[-111.12486,40.50593],[-111.1241,40.50396]],[[-111.64388,40.38618],[-111.63945,40.384],[-111.63659,40.38434],[-111.63493,40.38198],[-111.63216,40.38021],[-111.63374,40.37508],[-111.63328,40.3727]],[[-111.6128,40.43203],[-111.61614,40.42847],[-111.61701,40.42508],[-111.61941,40.42366],[-111.61949,40.41903],[-111.63047,40.41359],[-111.6333,40.40893],[-111.63609,40.40639],[-111.63772,40.40275],[-111.63759,40.39951],[-111.64045,40.39778],[-111.64658,40.39195]],[[-111.64658,40.39195],[-111.64486,40.38966],[-111.64388,40.38618]],[[-111.5297,40.4028],[-111.53337,40.40187],[-111.54434,40.40306],[-111.54638,40.40219],[-111.54947,40.40245],[-111.55612,40.40519],[-111.56182,40.40518],[-111.56875,40.40365],[-111.57087,40.40768],[-111.57423,40.40894],[-111.57478,40.4107],[-111.57687,40.41208],[-111.58095,40.41653],[-111.58533,40.41766],[-111.58615,40.42016],[-111.58873,40.41935],[-111.58873,40.42287],[-111.58924,40.42407],[-111.59161,40.42617],[-111.5924,40.43012],[-111.59577,40.43285],[-111.60025,40.43483],[-111.60452,40.43364],[-111.60851,40.43133],[-111.61084,40.43109],[-111.6128,40.43203]],[[-111.18547,40.43721],[-111.1872,40.44154],[-111.18674,40.44456],[-111.18772,40.44818],[-111.19199,40.44836],[-111.19689,40.4508],[-111.19742,40.45331],[-111.19997,40.45558],[-111.20177,40.45603],[-111.20296,40.45904],[-111.20673,40.46003],[-111.20851,40.46174],[-111.21061,40.46456],[-111.21073,40.46794]],[[-111.67814,40.27391],[-111.68714,40.26558],[-111.69165,40.25812],[-111.69395,40.25714],[-111.70052,40.25614],[-111.70361,40.25432],[-111.70734,40.24885],[-111.70691,40.24585],[-111.71272,40.24238]],[[-111.21073,40.46794],[-111.21187,40.46894],[-111.2147,40.46886],[-111.21547,40.46939],[-111.2156,40.47082],[-111.21959,40.47722],[-111.21936,40.48213],[-111.22277,40.48624],[-111.22305,40.48898],[-111.22428,40.49016],[-111.2279,40.49687],[-111.23393,40.49897],[-111.23626,40.50282],[-111.23919,40.50297],[-111.24072,40.50455],[-111.2454,40.50677],[-111.2455,40.50938],[-111.24656,40.51121],[-111.24799,40.5121],[-111.24818,40.51523],[-111.25066,40.51757],[-111.2533,40.52311],[-111.25283,40.52656]],[[-111.57679,40.356],[-111.57251,40.35457],[-111.56681,40.35481],[-111.56461,40.35621],[-111.5573,40.35539],[-111.5498,40.35748],[-111.54618,40.35775],[-111.54263,40.35914],[-111.53732,40.35682],[-111.53579,40.35483],[-111.52857,40.35565],[-111.52428,40.35537],[-111.52244,40.35594],[-111.52205,40.35719],[-111.51835,40.3573],[-111.51757,40.35794],[-111.51299,40.3573],[-111.51046,40.35594],[-111.50764,40.35581],[-111.50654,40.35473],[-111.50259,40.35344],[-111.50169,40.35252],[-111.49599,40.35186],[-111.49348,40.35614],[-111.48836,40.3584],[-111.48425,40.36142]],[[-111.63328,40.3727],[-111.64012,40.36982],[-111.64176,40.36717],[-111.64776,40.36353],[-111.65049,40.36024],[-111.65128,40.35744],[-111.65373,40.35522],[-111.65386,40.35372],[-111.6613,40.34852],[-111.66102,40.34756],[-111.65887,40.34667],[-111.66028,40.34252],[-111.66235,40.33977],[-111.66225,40.33622],[-111.66002,40.32847],[-111.65723,40.32685],[-111.66066,40.32272],[-111.6609,40.32045],[-111.66275,40.31907],[-111.66834,40.30409],[-111.67507,40.27862],[-111.67814,40.27391]],[[-111.58389,40.28921],[-111.5842,40.29205],[-111.58536,40.29314],[-111.58598,40.29848],[-111.58773,40.30128],[-111.58688,40.30452],[-111.58858,40.30704],[-111.58869,40.31302],[-111.58987,40.31605],[-111.58423,40.32057],[-111.58163,40.32424],[-111.57729,40.32607],[-111.5747,40.32856],[-111.5745,40.33433],[-111.57589,40.33757],[-111.57481,40.3431],[-111.57497,40.34636],[-111.57658,40.34964],[-111.57716,40.35462],[-111.57679,40.356]],[[-111.25283,40.52656],[-111.2564,40.52972],[-111.25688,40.53102],[-111.25657,40.53398],[-111.26329,40.53465],[-111.2658,40.53601],[-111.26773,40.53803],[-111.27399,40.53922],[-111.2764,40.53792],[-111.2825,40.53756],[-111.28396,40.53853],[-111.28584,40.54115],[-111.28978,40.54362],[-111.29061,40.54616],[-111.29222,40.54693],[-111.29701,40.54536],[-111.30037,40.54756],[-111.30452,40.54791],[-111.31206,40.54686],[-111.31804,40.54744],[-111.32426,40.54633],[-111.3274,40.54863],[-111.32771,40.55151],[-111.33112,40.55236],[-111.33426,40.55512],[-111.33314,40.55703],[-111.3355,40.55956],[-111.33384,40.56149],[-111.33392,40.5624],[-111.3361,40.56333],[-111.33825,40.56302],[-111.34055,40.56461],[-111.34679,40.56683],[-111.34975,40.56895],[-111.35601,40.57076],[-111.35812,40.57083],[-111.36298,40.5687],[-111.36848,40.56899],[-111.36888,40.56821],[-111.36836,40.5639],[-111.36954,40.56134],[-111.37328,40.55963],[-111.37706,40.55651]],[[-112.16757,40.12608],[-112.17074,40.12695]],[[-111.22373,40.41868],[-111.22429,40.4201],[-111.23159,40.42751],[-111.23315,40.4309],[-111.23704,40.43316],[-111.24346,40.43532],[-111.24759,40.43876],[-111.2494,40.44348],[-111.25218,40.44568],[-111.25139,40.44763],[-111.25162,40.4494],[-111.25679,40.45404],[-111.2571,40.45565],[-111.26164,40.46158],[-111.26632,40.46259],[-111.27012,40.46125],[-111.27009,40.46298],[-111.27169,40.46473],[-111.27842,40.46666],[-111.28181,40.46944],[-111.28487,40.46977],[-111.28612,40.47108],[-111.29111,40.47297],[-111.2976,40.47793],[-111.29946,40.48283],[-111.30326,40.48733],[-111.30472,40.49079],[-111.30995,40.49198],[-111.31233,40.49329],[-111.31876,40.49364],[-111.33089,40.49158],[-111.34226,40.49173],[-111.3481,40.494],[-111.36045,40.49659],[-111.36528,40.49696],[-111.37467,40.49693],[-111.38196,40.49581],[-111.39273,40.49563],[-111.40004,40.49749],[-111.41484,40.50293],[-111.4247,40.50375],[-111.43166,40.50709]],[[-111.57679,40.356],[-111.57471,40.35731],[-111.5744,40.35912],[-111.57585,40.35949],[-111.57761,40.36355],[-111.58228,40.36614],[-111.58579,40.36705],[-111.59187,40.36742],[-111.59469,40.36879],[-111.61648,40.37001],[-111.62108,40.36719],[-111.62692,40.3669],[-111.62934,40.36775],[-111.63113,40.3711],[-111.63328,40.3727]],[[-111.71914,40.23134],[-111.69017,40.23844],[-111.68718,40.23901],[-111.68512,40.23859],[-111.67831,40.24245],[-111.67316,40.24326],[-111.66909,40.2465],[-111.66327,40.25294],[-111.6551,40.25914],[-111.64483,40.26306],[-111.63637,40.26497],[-111.62806,40.26459],[-111.62324,40.26541],[-111.6224,40.26358],[-111.62156,40.26331],[-111.62102,40.26101],[-111.61931,40.25902],[-111.61336,40.2576],[-111.61074,40.25469],[-111.60914,40.25643],[-111.60665,40.25661],[-111.60284,40.25269],[-111.59719,40.25025],[-111.59545,40.24851],[-111.59546,40.24715],[-111.59729,40.24507],[-111.59653,40.24066],[-111.59377,40.24255],[-111.58961,40.24416],[-111.5841,40.24354],[-111.58066,40.24105],[-111.57913,40.24131],[-111.5771,40.24268],[-111.56744,40.24465],[-111.55696,40.24421]],[[-111.54046,40.26935],[-111.54456,40.27183],[-111.54605,40.27318],[-111.54678,40.2751],[-111.55006,40.27778],[-111.55198,40.27771],[-111.55554,40.27964],[-111.56596,40.28206],[-111.56921,40.28342],[-111.57066,40.28482],[-111.57284,40.28426],[-111.5779,40.28469],[-111.58052,40.2873],[-111.58389,40.28921]],[[-111.58389,40.28921],[-111.58695,40.28832],[-111.58902,40.28882],[-111.59022,40.28793],[-111.5959,40.28766],[-111.59932,40.28571],[-111.59964,40.28468],[-111.60117,40.28346],[-111.60525,40.28292],[-111.6081,40.28131],[-111.60952,40.28175],[-111.61171,40.28743],[-111.61491,40.29216],[-111.61901,40.29318],[-111.6192,40.29711],[-111.61983,40.29857],[-111.62281,40.29978],[-111.62456,40.30122],[-111.62636,40.30152],[-111.63002,40.30084],[-111.63209,40.29913],[-111.63642,40.29895],[-111.63932,40.29725],[-111.64284,40.29653],[-111.64699,40.29477],[-111.6491,40.29144],[-111.65391,40.2883],[-111.65789,40.28791],[-111.65981,40.28458],[-111.65977,40.28059],[-111.65894,40.27752],[-111.66089,40.27321],[-111.66167,40.26837],[-111.66356,40.26639],[-111.66566,40.26663],[-111.6676,40.26869],[-111.67233,40.27171],[-111.67814,40.27391]],[[-112.11175,40.43887],[-112.10914,40.44076],[-112.10399,40.44297],[-112.10158,40.44538],[-112.09226,40.44802],[-112.08935,40.4477],[-112.08763,40.44836],[-112.07928,40.44692],[-112.07273,40.44706],[-112.07094,40.44603],[-112.06707,40.44629],[-112.06465,40.44914],[-112.06094,40.4504],[-112.0592,40.45297],[-112.046,40.45728],[-112.04534,40.45875],[-112.04196,40.46038],[-112.03833,40.46453],[-112.03582,40.46406],[-112.03315,40.46265]],[[-111.71272,40.24238],[-111.71735,40.24005],[-111.72157,40.24001],[-111.72549,40.23739],[-111.73139,40.23834],[-111.73888,40.23685],[-111.73358,40.23558],[-111.72877,40.23706],[-111.72666,40.23609],[-111.72744,40.23521],[-111.72688,40.23463],[-111.7205,40.23354],[-111.71914,40.23134]],[[-112.13879,40.46837],[-112.1381,40.46985],[-112.13441,40.47332],[-112.13083,40.47414],[-112.12783,40.4787],[-112.12158,40.48098],[-112.11993,40.48261],[-112.11567,40.48328],[-112.1129,40.48176],[-112.11244,40.48043],[-112.10945,40.4791],[-112.10538,40.48162],[-112.10221,40.48181],[-112.09951,40.48122],[-112.0987,40.48368],[-112.09681,40.4856],[-112.09505,40.4891],[-112.09122,40.49164],[-112.08979,40.49119],[-112.0881,40.49185],[-112.08531,40.49493],[-112.07734,40.49201],[-112.07228,40.49138],[-112.06799,40.49182],[-112.06089,40.4955],[-112.05578,40.49521],[-112.04842,40.4972],[-112.04268,40.49772],[-112.03826,40.49894],[-112.03627,40.50039],[-112.0302,40.50197],[-112.02726,40.50444],[-112.02053,40.50723],[-112.01579,40.5071],[-112.01198,40.50779],[-112.00766,40.50744],[-112.00422,40.50815],[-111.99133,40.50701],[-111.98591,40.50796],[-111.97896,40.50705],[-111.97152,40.50779],[-111.96763,40.5072]],[[-112.03315,40.46265],[-112.03243,40.46083],[-112.03259,40.45755],[-112.03041,40.45446],[-112.03147,40.45097],[-112.02856,40.45],[-112.0247,40.45035],[-112.0224,40.44812],[-112.02048,40.44726],[-112.02463,40.44446],[-112.02442,40.44314],[-112.02154,40.44049],[-112.02144,40.43897],[-112.01632,40.43511],[-112.01473,40.43519],[-112.01331,40.43636],[-112.01073,40.43711],[-112.00687,40.43532],[-112.00675,40.4339],[-112.00879,40.4331],[-112.00901,40.43231],[-112.00617,40.42767],[-112.00189,40.42671],[-111.99943,40.42411],[-111.99289,40.42428],[-111.9921,40.42001],[-111.99003,40.41879],[-111.98532,40.41838],[-111.98341,40.41573]],[[-111.98341,40.41573],[-111.98185,40.41425],[-111.97897,40.4159],[-111.97822,40.41723],[-111.97391,40.41726],[-111.96716,40.41983],[-111.95969,40.41856],[-111.95771,40.42052],[-111.9562,40.42149],[-111.95441,40.42165],[-111.95326,40.42298],[-111.94596,40.42489],[-111.94525,40.42708],[-111.944,40.42841],[-111.94162,40.428],[-111.93836,40.42849],[-111.9376,40.42983],[-111.93443,40.43231],[-111.93039,40.43364],[-111.92534,40.43673],[-111.92435,40.44201],[-111.92283,40.44278],[-111.91943,40.44316],[-111.91762,40.44618],[-111.9138,40.44912],[-111.91155,40.4497],[-111.91103,40.45222],[-111.91006,40.45362],[-111.90679,40.45548],[-111.90179,40.46253],[-111.89857,40.4635]],[[-111.93211,40.48942],[-111.9337,40.49234],[-111.93628,40.49358],[-111.94948,40.48984],[-111.95083,40.48844],[-111.95164,40.48559],[-111.95728,40.47443],[-111.96469,40.46493],[-111.96796,40.46222],[-111.97437,40.45954],[-111.97639,40.45933],[-111.97837,40.45826],[-111.97856,40.45728],[-111.98077,40.45735],[-111.9835,40.45863],[-111.99049,40.46005],[-111.9917,40.45948],[-111.99272,40.45679],[-111.99631,40.45849],[-112.00058,40.45805],[-112.00184,40.46022],[-112.00308,40.46108],[-112.00312,40.46216],[-112.00566,40.46186],[-112.01266,40.46536],[-112.0192,40.46347],[-112.02283,40.46567],[-112.02554,40.46568],[-112.02766,40.46419],[-112.03315,40.46265]],[[-112.17288,40.46694],[-112.17181,40.46534],[-112.16921,40.46355],[-112.16009,40.46096],[-112.1565,40.464],[-112.15564,40.46595],[-112.15599,40.46709],[-112.15314,40.4684],[-112.15051,40.46809],[-112.14889,40.46938],[-112.14551,40.47037],[-112.14308,40.4703],[-112.13879,40.46837]],[[-111.8557,40.46693],[-111.85478,40.46757],[-111.85511,40.46967],[-111.85381,40.47071],[-111.85034,40.47173],[-111.85158,40.47372],[-111.85085,40.47559],[-111.84636,40.4769],[-111.84517,40.47576],[-111.83964,40.47446],[-111.83737,40.47521],[-111.83405,40.475],[-111.83277,40.47612],[-111.83255,40.48266],[-111.83121,40.48409],[-111.82886,40.48487],[-111.8271,40.48435],[-111.82366,40.48475],[-111.81608,40.48908],[-111.81173,40.48811],[-111.80917,40.48852],[-111.80715,40.48943],[-111.80529,40.49157],[-111.80388,40.49178],[-111.80222,40.49375],[-111.78941,40.49788],[-111.78904,40.50158],[-111.79153,40.50447],[-111.79158,40.50552],[-111.78907,40.5091],[-111.78902,40.51127],[-111.78781,40.51371]],[[-112.13442,40.51686],[-112.13063,40.51729],[-112.12779,40.51633],[-112.12512,40.51739],[-112.12322,40.51686],[-112.11737,40.51769],[-112.11568,40.5174],[-112.11335,40.51795],[-112.11188,40.5195],[-112.10926,40.51978],[-112.10011,40.51703],[-112.0939,40.51627],[-112.09262,40.51545],[-112.08484,40.51479],[-112.07735,40.51572],[-112.07136,40.51448],[-112.06374,40.51588],[-112.05958,40.5181],[-112.03159,40.5208],[-112.02067,40.52116],[-112.01393,40.52079],[-112.00996,40.51984],[-111.99625,40.52196],[-111.97612,40.52246],[-111.96674,40.52422]],[[-112.14658,40.17663],[-112.14687,40.1783],[-112.15075,40.17888]],[[-112.15379,40.19661],[-112.15488,40.19742],[-112.15661,40.197]],[[-112.15117,40.2107],[-112.14954,40.21212],[-112.15199,40.21401]],[[-112.18962,40.29753],[-112.18969,40.30025],[-112.19175,40.3026],[-112.19207,40.30409],[-112.19477,40.3057]],[[-112.19828,40.31133],[-112.1986,40.31251],[-112.19784,40.31577],[-112.19465,40.31738],[-112.19351,40.31901],[-112.19385,40.32187],[-112.19611,40.32633],[-112.19432,40.32688],[-112.19365,40.32791],[-112.19097,40.32946],[-112.18285,40.33201],[-112.18003,40.33219],[-112.17713,40.33392],[-112.17594,40.33511],[-112.17586,40.3362]],[[-112.18878,40.37245],[-112.19147,40.37528]],[[-112.19199,40.37616],[-112.19506,40.37988]],[[-112.1993,40.39912],[-112.19855,40.40013],[-112.19914,40.40193]],[[-112.19558,40.41739],[-112.19487,40.42109]],[[-112.2137,40.45319],[-112.21218,40.4592]],[[-112.21218,40.4592],[-112.20862,40.45932],[-112.20584,40.46058],[-112.19557,40.46228],[-112.19036,40.46842],[-112.17984,40.46804],[-112.17288,40.46694]],[[-112.17288,40.46694],[-112.17164,40.47137],[-112.17347,40.4752],[-112.17561,40.47634]],[[-112.17888,40.49818],[-112.17586,40.50004]],[[-112.17295,40.03793],[-112.17202,40.03968],[-112.17395,40.04141],[-112.1772,40.04653]],[[-112.17814,40.04939],[-112.17766,40.05105],[-112.17891,40.05364],[-112.17991,40.05415]],[[-112.17629,40.06615],[-112.17325,40.06615],[-112.17311,40.06676]],[[-112.17298,40.06697],[-112.172,40.06881],[-112.17321,40.0704]],[[-112.16995,40.08549],[-112.16645,40.08669]],[[-112.1596,40.08816],[-112.15809,40.0887],[-112.15778,40.09018]],[[-112.1559,40.11151],[-112.15634,40.11343],[-112.15737,40.11408],[-112.15976,40.11418]],[[-112.16392,40.12257],[-112.16378,40.12339],[-112.16757,40.12608]],[[-111.21657,39.9493],[-111.21535,39.95079],[-111.21046,39.95068],[-111.20798,39.95228],[-111.20555,39.95224],[-111.20263,39.9542],[-111.20001,39.95502],[-111.19905,39.95665],[-111.19103,39.95776],[-111.19003,39.95962],[-111.18829,39.96038],[-111.18594,39.9644],[-111.18355,39.96626],[-111.1833,39.96901],[-111.1814,39.9698],[-111.18036,39.97251],[-111.18187,39.97743],[-111.18169,39.97868],[-111.17701,39.9789],[-111.17018,39.982],[-111.16613,39.98308],[-111.16404,39.98784],[-111.16426,39.99005]],[[-111.31484,39.85798],[-111.31382,39.85988],[-111.31323,39.86512],[-111.3105,39.86998],[-111.31053,39.87251],[-111.30657,39.8783],[-111.29643,39.88201],[-111.29338,39.88611],[-111.2909,39.88847],[-111.28898,39.88937],[-111.28658,39.89284],[-111.28441,39.89434],[-111.28499,39.89723],[-111.28358,39.89928],[-111.27679,39.90321],[-111.27197,39.90793]],[[-111.27197,39.90793],[-111.26901,39.90868],[-111.26761,39.90985],[-111.26698,39.9105],[-111.26659,39.91334],[-111.25859,39.92032],[-111.25674,39.92091],[-111.25607,39.92248],[-111.25034,39.92607],[-111.24681,39.9304],[-111.24349,39.93304],[-111.24199,39.93536],[-111.23838,39.93546],[-111.23381,39.93681],[-111.23114,39.93637],[-111.22875,39.93685],[-111.2255,39.9357],[-111.22165,39.93821],[-111.21923,39.939],[-111.21568,39.94461],[-111.21657,39.9493]],[[-111.21657,39.9493],[-111.21764,39.95041],[-111.21843,39.95342],[-111.21876,39.96165],[-111.21998,39.96292],[-111.21928,39.9643],[-111.21814,39.96493],[-111.21799,39.96598],[-111.21858,39.96882],[-111.21955,39.97018],[-111.22107,39.97038],[-111.22247,39.97158],[-111.22758,39.97128],[-111.23067,39.97193],[-111.23438,39.97463],[-111.24033,39.98065],[-111.24352,39.98189],[-111.2474,39.98484],[-111.25048,39.98536],[-111.25155,39.98768],[-111.25283,39.98622],[-111.25514,39.98579],[-111.2585,39.9904],[-111.26321,39.99385]],[[-111.52773,40.08867],[-111.52442,40.0911],[-111.51809,40.09218],[-111.51551,40.0944],[-111.5111,40.09664],[-111.50771,40.10142],[-111.49768,40.10354],[-111.49583,40.10485],[-111.49387,40.10862],[-111.4905,40.10734],[-111.48862,40.10742],[-111.48856,40.10869],[-111.48626,40.11018],[-111.48483,40.11278],[-111.48193,40.11296],[-111.4805,40.1141],[-111.47842,40.11327],[-111.47693,40.11351],[-111.47636,40.1171],[-111.47427,40.11891],[-111.47699,40.12317],[-111.47314,40.12477]],[[-111.47314,40.12477],[-111.47262,40.12848],[-111.47332,40.13027],[-111.47553,40.13269],[-111.47774,40.13354],[-111.47943,40.13683]],[[-111.62283,40.10076],[-111.62038,40.10861],[-111.61668,40.11487],[-111.61278,40.12507],[-111.60994,40.12984],[-111.60657,40.13261],[-111.59452,40.1348],[-111.57386,40.13669],[-111.56706,40.13853],[-111.56303,40.13848],[-111.55995,40.13786],[-111.55477,40.13407],[-111.54863,40.13149],[-111.5486,40.12811],[-111.54677,40.1271],[-111.54546,40.12519],[-111.53944,40.12254],[-111.53244,40.1208],[-111.53133,40.11979],[-111.52557,40.1108],[-111.52587,40.10956],[-111.52707,40.10855],[-111.52681,40.10143],[-111.52827,40.10024],[-111.52854,40.09607],[-111.5316,40.0909],[-111.52773,40.08867]],[[-111.78539,39.96872],[-111.78269,39.96624],[-111.78132,39.96398],[-111.77658,39.95974],[-111.76954,39.95525],[-111.76859,39.95325],[-111.76826,39.94961],[-111.76502,39.94687],[-111.75433,39.94387],[-111.7504,39.94565],[-111.74016,39.94599],[-111.73431,39.9471],[-111.73151,39.94674]],[[-111.67771,40.17379],[-111.67915,40.1732],[-111.67931,40.17146],[-111.68256,40.16864],[-111.68392,40.1714],[-111.68891,40.17169],[-111.69454,40.1734],[-111.69697,40.17306],[-111.69981,40.17137],[-111.70098,40.16925],[-111.70516,40.16622],[-111.70617,40.16442],[-111.70918,40.16311],[-111.71034,40.16038],[-111.71329,40.16027],[-111.71771,40.16218],[-111.71832,40.16469],[-111.72027,40.16565],[-111.72196,40.1679],[-111.72179,40.16973],[-111.72047,40.17116],[-111.72226,40.17484],[-111.72483,40.17628],[-111.73055,40.17723],[-111.73482,40.18006],[-111.73582,40.17969],[-111.73622,40.1782],[-111.73463,40.17335],[-111.73497,40.17038],[-111.73755,40.16864],[-111.74755,40.16714],[-111.74826,40.16625]],[[-111.57408,39.77598],[-111.57078,39.7774],[-111.56456,39.77821],[-111.56149,39.78137],[-111.5611,39.78374],[-111.55514,39.7869],[-111.55559,39.79241],[-111.55086,39.79469],[-111.55133,39.79954],[-111.54265,39.8082],[-111.54138,39.8109],[-111.53708,39.81668],[-111.53206,39.81803],[-111.52849,39.81601],[-111.52281,39.81607],[-111.51938,39.81427],[-111.5134,39.8134],[-111.50867,39.81421]],[[-111.81033,39.99287],[-111.80918,39.99154],[-111.80428,39.98969],[-111.80292,39.98754],[-111.80206,39.9842],[-111.80044,39.98292],[-111.7993,39.98091],[-111.79382,39.97634],[-111.79112,39.97241],[-111.78539,39.96872]],[[-111.62283,40.10076],[-111.62777,40.10343],[-111.63826,40.10526],[-111.64713,40.11071],[-111.65817,40.11355],[-111.66621,40.11852],[-111.67038,40.12264],[-111.67513,40.1324],[-111.67822,40.14154],[-111.67827,40.14595],[-111.67485,40.15522],[-111.67376,40.16169],[-111.67771,40.17379]],[[-111.31174,39.96555],[-111.31032,39.96458],[-111.30907,39.96137],[-111.3063,39.95794],[-111.30654,39.95568],[-111.30437,39.94777],[-111.30445,39.94342],[-111.29872,39.94112],[-111.29094,39.94014],[-111.2866,39.93777],[-111.28566,39.93626],[-111.2857,39.92443],[-111.28362,39.92164],[-111.27955,39.91974],[-111.2765,39.9157],[-111.27257,39.9127],[-111.27197,39.90793]],[[-111.32423,39.85738],[-111.32504,39.85832],[-111.33009,39.86036],[-111.33389,39.86621],[-111.33871,39.86766],[-111.3397,39.87072],[-111.34067,39.87166],[-111.34543,39.87366],[-111.34884,39.87396],[-111.34973,39.88178],[-111.35088,39.88444],[-111.35096,39.88735],[-111.35197,39.88826],[-111.35126,39.89186],[-111.35441,39.89585],[-111.35397,39.89933],[-111.35479,39.9011]],[[-111.43296,39.8683],[-111.43013,39.86546],[-111.42901,39.85969],[-111.42569,39.85804],[-111.42382,39.85532],[-111.41951,39.85554],[-111.41597,39.85027],[-111.41342,39.84954],[-111.4105,39.84725],[-111.40423,39.84776],[-111.40165,39.84605],[-111.39614,39.84378],[-111.39195,39.84355],[-111.38857,39.84499],[-111.38449,39.84285],[-111.38085,39.84231],[-111.37983,39.83712],[-111.37506,39.83457],[-111.36512,39.83465],[-111.35914,39.83205],[-111.35704,39.8318]],[[-111.64109,39.91001],[-111.63905,39.91188],[-111.63832,39.91384],[-111.63593,39.91396],[-111.63352,39.91597],[-111.62948,39.9238],[-111.62945,39.92517],[-111.63095,39.92734],[-111.631,39.92978],[-111.62686,39.93528],[-111.62772,39.93707],[-111.63673,39.94446],[-111.63719,39.94669],[-111.64106,39.95069],[-111.63962,39.95411],[-111.63744,39.95654],[-111.63665,39.95995],[-111.63643,39.9633],[-111.63773,39.96753]],[[-111.46681,39.90348],[-111.46271,39.90156],[-111.45676,39.90254],[-111.45404,39.9019],[-111.45254,39.90228],[-111.44749,39.90072],[-111.44266,39.90095],[-111.43587,39.89772],[-111.43603,39.89142],[-111.43514,39.89061],[-111.43521,39.88812],[-111.43407,39.88625],[-111.43211,39.88495],[-111.43272,39.88099],[-111.43062,39.88027],[-111.4298,39.87881],[-111.43194,39.87337],[-111.43049,39.87147],[-111.43021,39.86976],[-111.43296,39.8683]],[[-111.60434,40.05864],[-111.60083,40.06476],[-111.60073,40.06797],[-111.59935,40.06957],[-111.59887,40.072],[-111.59946,40.07563],[-111.59638,40.07931],[-111.5969,40.08253],[-111.59861,40.08681],[-111.59853,40.08755],[-111.59674,40.08895],[-111.59687,40.08981],[-111.60903,40.09677],[-111.61423,40.09692],[-111.62283,40.10076]],[[-111.73151,39.94674],[-111.73071,39.94178],[-111.73155,39.94037],[-111.73162,39.93435],[-111.7328,39.9322],[-111.73167,39.9311],[-111.72934,39.93052],[-111.72042,39.92612],[-111.71561,39.92321],[-111.71476,39.92142],[-111.71252,39.92085],[-111.70826,39.91521],[-111.70417,39.91246],[-111.70369,39.9103],[-111.69978,39.90771],[-111.69802,39.90406],[-111.6964,39.90265],[-111.69504,39.9]],[[-111.69504,39.9],[-111.69231,39.90064],[-111.68835,39.90023],[-111.67787,39.90114],[-111.67508,39.90079],[-111.67093,39.89877],[-111.66581,39.90142],[-111.66241,39.89967],[-111.66177,39.89823],[-111.66004,39.89673],[-111.65808,39.89615],[-111.65598,39.89788],[-111.65381,39.89864],[-111.65272,39.90234],[-111.65132,39.90313],[-111.64791,39.90819],[-111.6443,39.91055],[-111.64109,39.91001]],[[-111.58855,39.99804],[-111.58888,39.9999],[-111.59308,40.0044],[-111.59381,40.00814],[-111.59559,40.00895],[-111.59791,40.01192],[-111.59514,40.01696],[-111.59606,40.02205],[-111.59518,40.02323],[-111.59517,40.02517],[-111.59158,40.02694],[-111.59144,40.02833],[-111.58892,40.03229]],[[-111.26321,39.99385],[-111.26258,39.99529],[-111.26071,39.99579],[-111.25806,39.9983],[-111.25653,40.00204],[-111.25364,40.00214],[-111.25098,40.00386],[-111.25328,40.01109],[-111.25089,40.01366],[-111.24938,40.01868],[-111.2474,40.02119],[-111.24587,40.0253]],[[-111.61535,39.77254],[-111.60981,39.77277],[-111.60234,39.77606],[-111.60004,39.77574],[-111.59819,39.77692],[-111.59656,39.77626],[-111.59463,39.7773],[-111.5916,39.77509],[-111.58832,39.77461],[-111.58892,39.77237],[-111.588,39.77073],[-111.58246,39.77104],[-111.58097,39.76864]],[[-111.71762,39.8464],[-111.72187,39.84061],[-111.72199,39.83946],[-111.71867,39.83669],[-111.71442,39.83596],[-111.71309,39.83442],[-111.71249,39.83159],[-111.71066,39.83034],[-111.71076,39.8272],[-111.70939,39.82648],[-111.70649,39.82649],[-111.70515,39.82377],[-111.70104,39.82068],[-111.70035,39.81852],[-111.69797,39.81886],[-111.69722,39.81815],[-111.69675,39.81563],[-111.69524,39.81435],[-111.69705,39.81308],[-111.69595,39.81123],[-111.69708,39.80982],[-111.69565,39.80759],[-111.69612,39.8055],[-111.69403,39.80507],[-111.69133,39.8058],[-111.68629,39.8038],[-111.68516,39.80557],[-111.68287,39.80624],[-111.68206,39.80549],[-111.67996,39.8051],[-111.67789,39.80328],[-111.67391,39.80702],[-111.67248,39.80742],[-111.66987,39.80681],[-111.6671,39.80856],[-111.66573,39.81031],[-111.6623,39.80944],[-111.66171,39.81075],[-111.65738,39.81236],[-111.6538,39.80946],[-111.65167,39.81102],[-111.64731,39.80966],[-111.64369,39.81083],[-111.64153,39.81063],[-111.64235,39.80859],[-111.64216,39.80687],[-111.64034,39.80406],[-111.63671,39.80224],[-111.63619,39.80004],[-111.63753,39.79753],[-111.63612,39.7947],[-111.63052,39.79269],[-111.62331,39.79396],[-111.62095,39.79177],[-111.62032,39.78958],[-111.61899,39.78792],[-111.61884,39.7854],[-111.61711,39.78348],[-111.61762,39.78212],[-111.61634,39.77913],[-111.6149,39.77782],[-111.61598,39.77498],[-111.61606,39.77338],[-111.61535,39.77254]],[[-111.35479,39.9011],[-111.35183,39.90381],[-111.35123,39.90581],[-111.34622,39.91161],[-111.34403,39.91577],[-111.34201,39.91587],[-111.34005,39.91445],[-111.33851,39.91419],[-111.33516,39.918],[-111.33336,39.9189],[-111.3324,39.92257],[-111.3343,39.92955],[-111.32962,39.93626],[-111.32927,39.93811],[-111.32994,39.94025],[-111.32653,39.94469],[-111.31822,39.94702],[-111.31619,39.94916],[-111.31584,39.95396],[-111.31336,39.95583],[-111.31226,39.95765],[-111.31259,39.96371],[-111.31246,39.96499],[-111.31174,39.96555]],[[-111.31174,39.96555],[-111.31013,39.96836],[-111.30651,39.97021],[-111.29812,39.97753],[-111.2959,39.98327],[-111.28882,39.98624],[-111.28195,39.98648],[-111.27939,39.98855],[-111.26947,39.98972],[-111.26321,39.99385]],[[-111.58097,39.76864],[-111.57714,39.77071],[-111.57527,39.77477],[-111.57408,39.77598]],[[-111.73151,39.94674],[-111.72943,39.94949],[-111.73077,39.95787],[-111.72908,39.96229],[-111.72992,39.96506],[-111.72894,39.96883],[-111.72613,39.97177],[-111.72548,39.97492],[-111.71987,39.97698],[-111.71849,39.97861],[-111.71456,39.98009],[-111.71137,39.98691],[-111.71105,39.98937],[-111.71121,39.99251],[-111.71462,39.9957],[-111.7161,39.99997],[-111.71938,40.00103],[-111.72135,40.00432],[-111.7196,40.01004],[-111.72091,40.01133],[-111.72064,40.01292],[-111.7218,40.01402],[-111.72226,40.01578],[-111.72123,40.01834],[-111.72283,40.02208],[-111.72498,40.02466]],[[-111.63773,39.96753],[-111.62999,39.96875],[-111.6263,39.97099],[-111.62206,39.97204],[-111.61873,39.97512],[-111.61284,39.97817],[-111.61151,39.98096],[-111.60495,39.98251],[-111.60223,39.98783],[-111.60123,39.9917],[-111.60134,39.99521],[-111.59914,39.99711],[-111.59386,39.99599],[-111.58855,39.99804]],[[-111.48662,39.97756],[-111.48478,39.98081],[-111.47955,39.98577],[-111.4797,39.98771],[-111.48076,39.98875],[-111.48051,39.99057],[-111.47675,39.99365],[-111.47565,39.99104],[-111.47081,39.98916],[-111.4689,39.98737],[-111.46582,39.98783],[-111.46464,39.98739],[-111.4594,39.98203],[-111.45176,39.98141],[-111.44589,39.98243],[-111.44395,39.98426],[-111.43884,39.98468],[-111.43247,39.98008],[-111.42976,39.97705],[-111.42192,39.97313],[-111.41879,39.97077],[-111.40937,39.97053],[-111.40662,39.96924],[-111.4056,39.96582],[-111.40163,39.96255],[-111.39423,39.95926],[-111.38735,39.95964],[-111.38764,39.95755],[-111.3866,39.95545],[-111.38802,39.95195],[-111.38753,39.95121],[-111.38809,39.94656],[-111.38773,39.94142],[-111.38798,39.93706],[-111.38886,39.9341],[-111.38557,39.93162],[-111.38577,39.92831],[-111.38387,39.92332],[-111.3838,39.92116],[-111.38156,39.91932],[-111.3822,39.91693],[-111.37826,39.9153],[-111.37811,39.91019],[-111.37637,39.90745],[-111.3756,39.9049],[-111.37401,39.90385],[-111.3697,39.90408],[-111.36712,39.90274],[-111.36477,39.90354],[-111.3621,39.90263],[-111.36006,39.90101],[-111.35479,39.9011]],[[-111.58097,39.76864],[-111.58075,39.76547],[-111.57875,39.76116],[-111.5721,39.75575],[-111.57405,39.75162],[-111.57609,39.74937],[-111.57585,39.74715],[-111.57466,39.7455],[-111.57452,39.74217],[-111.57029,39.74191],[-111.56809,39.73951],[-111.56864,39.73711],[-111.56797,39.73416],[-111.56898,39.73194],[-111.56772,39.7309],[-111.56765,39.73005],[-111.56927,39.72712],[-111.56773,39.72614],[-111.56739,39.7252],[-111.57077,39.71522]],[[-111.77298,40.08509],[-111.77183,40.08334],[-111.76995,40.07483],[-111.7666,40.06651],[-111.76231,40.05896],[-111.76369,40.05578],[-111.76138,40.05339],[-111.76023,40.05092],[-111.76071,40.04503],[-111.74751,40.02738],[-111.74377,40.02577],[-111.72908,40.0256],[-111.72498,40.02466]],[[-111.50867,39.81421],[-111.5069,39.81235],[-111.50596,39.80942],[-111.50472,39.80798],[-111.49987,39.80693],[-111.49926,39.80494],[-111.49627,39.80385],[-111.48274,39.8049],[-111.47478,39.80656],[-111.46196,39.80697],[-111.45369,39.81073],[-111.45005,39.8102],[-111.44467,39.80795],[-111.44295,39.80782],[-111.44011,39.80532],[-111.43904,39.79938],[-111.43737,39.79642],[-111.43381,39.79288],[-111.43294,39.79052],[-111.43036,39.78769],[-111.43002,39.78309],[-111.43083,39.78019],[-111.42778,39.77623]],[[-111.58892,40.03229],[-111.59311,40.03499],[-111.5945,40.03516],[-111.59946,40.03783],[-111.5973,40.04154],[-111.5982,40.04483],[-111.59778,40.04711],[-111.59915,40.05144],[-111.60255,40.05353],[-111.60268,40.05515],[-111.60434,40.05864]],[[-111.60434,40.05864],[-111.61042,40.06205],[-111.6158,40.06329],[-111.62023,40.06344],[-111.6287,40.06799],[-111.63427,40.06846],[-111.63893,40.07035],[-111.6476,40.07135],[-111.65059,40.07227],[-111.65398,40.07512],[-111.65601,40.07822],[-111.65971,40.08634],[-111.66132,40.0879],[-111.66152,40.09023],[-111.66427,40.09202],[-111.66782,40.09572],[-111.67382,40.09816],[-111.68192,40.09852],[-111.68552,40.09981],[-111.69077,40.10039],[-111.69514,40.10299]],[[-111.72498,40.02466],[-111.72822,40.02781],[-111.73135,40.03359],[-111.73261,40.03732],[-111.733,40.04255],[-111.74311,40.04975],[-111.74933,40.05793],[-111.75025,40.06174],[-111.75045,40.06672],[-111.74916,40.07357],[-111.74705,40.07791],[-111.74252,40.0717],[-111.73547,40.06561],[-111.73238,40.06144],[-111.73059,40.05044],[-111.73065,40.04325],[-111.72875,40.03989],[-111.7276,40.03522],[-111.72452,40.02992],[-111.71899,40.02516],[-111.7153,40.02404],[-111.71223,40.02096],[-111.70888,40.01615],[-111.70611,40.01479],[-111.70235,40.01121],[-111.69883,40.00534],[-111.69511,40.00459],[-111.69499,40.00119],[-111.69326,39.99934],[-111.69283,39.99795],[-111.69008,39.9963],[-111.68942,39.99504],[-111.68889,39.99175],[-111.69077,39.98873],[-111.68524,39.98652],[-111.67791,39.98826],[-111.67169,39.98684],[-111.66931,39.98288],[-111.66865,39.97805],[-111.66465,39.97239],[-111.65427,39.96924],[-111.65014,39.96953],[-111.64331,39.96712],[-111.63773,39.96753]],[[-111.35582,40.08444],[-111.34849,40.08488],[-111.34183,40.08846]],[[-111.50867,39.81421],[-111.50616,39.81508],[-111.50264,39.81842],[-111.49513,39.82094],[-111.49439,39.8218],[-111.49443,39.82509],[-111.49251,39.82821],[-111.48452,39.83007],[-111.47857,39.83224],[-111.47656,39.8336],[-111.47535,39.84066],[-111.47047,39.84209],[-111.46928,39.8436],[-111.45904,39.84449],[-111.45385,39.84602],[-111.45028,39.84948],[-111.44712,39.8503],[-111.44357,39.85437],[-111.44306,39.85878],[-111.44045,39.86433],[-111.43778,39.86654],[-111.43296,39.8683]],[[-111.55203,39.88982],[-111.54971,39.88082],[-111.55271,39.87657],[-111.55269,39.87488],[-111.55498,39.87001],[-111.55426,39.86862],[-111.55457,39.86712],[-111.55386,39.86378],[-111.55213,39.86248],[-111.55097,39.86043],[-111.55285,39.8582],[-111.55169,39.85311],[-111.55328,39.85163],[-111.55457,39.84837],[-111.55761,39.84473],[-111.55935,39.83702],[-111.56135,39.83248],[-111.56208,39.82897],[-111.56379,39.8266],[-111.5639,39.82383],[-111.56241,39.82229],[-111.56196,39.81958],[-111.56305,39.81261],[-111.56287,39.80458],[-111.56433,39.80196],[-111.56556,39.79746],[-111.56854,39.79279],[-111.57039,39.7876],[-111.57439,39.7856],[-111.5743,39.78286],[-111.57576,39.77948],[-111.57408,39.77598]],[[-111.46681,39.90348],[-111.46597,39.90598],[-111.46618,39.90784],[-111.46745,39.90993],[-111.46944,39.91148],[-111.46924,39.91378],[-111.47206,39.91599],[-111.47153,39.91826],[-111.47212,39.91964],[-111.47124,39.92309],[-111.47593,39.92747],[-111.47974,39.92866],[-111.48061,39.93718],[-111.47963,39.94268],[-111.48027,39.9457],[-111.47936,39.94854],[-111.48071,39.95027],[-111.48406,39.95045],[-111.48638,39.95189],[-111.48404,39.95692],[-111.48381,39.95872],[-111.48485,39.95921],[-111.48316,39.96232],[-111.48385,39.96493],[-111.48193,39.96884],[-111.48255,39.97092],[-111.4822,39.97245],[-111.48662,39.97756]],[[-111.48662,39.97756],[-111.49013,39.98248],[-111.49241,39.98386],[-111.49507,39.988],[-111.49662,39.98893],[-111.49643,39.99137],[-111.49825,39.99347],[-111.49851,39.99496]],[[-111.64109,39.91001],[-111.63829,39.90829],[-111.6374,39.90543],[-111.63121,39.89969],[-111.63057,39.89714],[-111.6278,39.89435],[-111.62572,39.89404],[-111.61527,39.89671],[-111.60109,39.88762],[-111.59,39.88842],[-111.58004,39.89041],[-111.57363,39.88976],[-111.57066,39.89098],[-111.5576,39.88862],[-111.55203,39.88982]],[[-111.55203,39.88982],[-111.54975,39.89186],[-111.54753,39.89233],[-111.54185,39.88993],[-111.54052,39.88877],[-111.53652,39.88808],[-111.53567,39.88716],[-111.53325,39.88972],[-111.5299,39.89019],[-111.52526,39.88968],[-111.52276,39.88791],[-111.51771,39.88713],[-111.51453,39.88829],[-111.51421,39.88955],[-111.51237,39.89102],[-111.50746,39.8935],[-111.50613,39.89618],[-111.50703,39.89884],[-111.5016,39.90081],[-111.49895,39.90041],[-111.49562,39.90087],[-111.49385,39.90037],[-111.49024,39.90104],[-111.48858,39.89934],[-111.48816,39.89784],[-111.48601,39.89724],[-111.48121,39.89782],[-111.47442,39.90236],[-111.46681,39.90348]],[[-111.24587,40.0253],[-111.24406,40.02539],[-111.24083,40.02953],[-111.2393,40.03012],[-111.23934,40.03313],[-111.23755,40.03743]],[[-111.35086,40.03949],[-111.34434,40.03708],[-111.34062,40.038],[-111.33805,40.03286],[-111.3362,40.03228],[-111.33387,40.0296],[-111.33297,40.02707],[-111.32891,40.02431],[-111.32693,40.02206],[-111.32277,40.0221],[-111.31628,40.02765],[-111.31536,40.02745],[-111.31196,40.02426],[-111.31103,40.02214],[-111.3092,40.02175],[-111.30618,40.02191],[-111.30117,40.02667],[-111.29876,40.02622],[-111.29609,40.02474],[-111.29445,40.0251],[-111.29314,40.0263],[-111.29187,40.02908],[-111.29251,40.0315],[-111.29159,40.03461],[-111.29218,40.03707],[-111.28746,40.0349],[-111.28395,40.03476],[-111.28273,40.03016],[-111.27921,40.02769],[-111.2773,40.02809],[-111.27682,40.02999],[-111.27402,40.03117],[-111.27172,40.03129],[-111.26939,40.03233],[-111.26499,40.03241],[-111.26117,40.03088],[-111.26087,40.02945],[-111.25559,40.02761],[-111.25095,40.02491],[-111.24893,40.0245],[-111.24587,40.0253]],[[-111.23066,40.14977],[-111.23571,40.15051],[-111.239,40.15015],[-111.24164,40.15142],[-111.24518,40.15192],[-111.24783,40.15129],[-111.24869,40.14972],[-111.25334,40.14586],[-111.25695,40.14521],[-111.26,40.14648],[-111.26315,40.14641],[-111.26722,40.14382],[-111.27209,40.14246],[-111.27203,40.14062],[-111.27294,40.13807],[-111.27232,40.135],[-111.27416,40.13424],[-111.27615,40.13165],[-111.27648,40.13012],[-111.2829,40.12626],[-111.28458,40.1246],[-111.28707,40.12406],[-111.28966,40.12237],[-111.29392,40.12158],[-111.29485,40.11796],[-111.29874,40.11594],[-111.29939,40.11025],[-111.30096,40.10932],[-111.30184,40.10748],[-111.30371,40.10697],[-111.30525,40.10309],[-111.30793,40.10098],[-111.30864,40.09946],[-111.31088,40.09818],[-111.31165,40.09681],[-111.31563,40.09736],[-111.31702,40.09683],[-111.31833,40.09521],[-111.32145,40.09376],[-111.32567,40.09305],[-111.32957,40.08884],[-111.33188,40.08806],[-111.33351,40.08654],[-111.33867,40.08528],[-111.34115,40.08677],[-111.34183,40.08846]],[[-111.35592,40.08387],[-111.35499,40.08387],[-111.35322,40.08066],[-111.35034,40.07911],[-111.34971,40.07933],[-111.34821,40.07812],[-111.34519,40.07835],[-111.33917,40.07477],[-111.33088,40.07267],[-111.3254,40.07289],[-111.32303,40.07235],[-111.32158,40.0712],[-111.31819,40.07015],[-111.31614,40.06715],[-111.31233,40.06567],[-111.31028,40.06651],[-111.30817,40.06641],[-111.30431,40.06982],[-111.30157,40.06886],[-111.30038,40.06748],[-111.29451,40.06867],[-111.29219,40.07058],[-111.28289,40.07109],[-111.2801,40.06961],[-111.27592,40.07171],[-111.26882,40.07124],[-111.26371,40.07365],[-111.26228,40.07323],[-111.26084,40.0717],[-111.2545,40.07053],[-111.25132,40.07064],[-111.24698,40.07224],[-111.24441,40.07194],[-111.24087,40.07351]],[[-111.34183,40.08846],[-111.3397,40.09119],[-111.33822,40.09593],[-111.33331,40.10091],[-111.33316,40.10268],[-111.32847,40.10591],[-111.32817,40.10692],[-111.32893,40.10956],[-111.32651,40.11311],[-111.32656,40.11592],[-111.32378,40.11796],[-111.32275,40.12271],[-111.32359,40.12517],[-111.32084,40.12833],[-111.32223,40.13258],[-111.32373,40.13437],[-111.32407,40.13835],[-111.32,40.14138],[-111.31482,40.14838],[-111.31127,40.14925],[-111.31029,40.1501],[-111.30981,40.15354],[-111.30678,40.1566],[-111.3004,40.16106],[-111.2988,40.16612],[-111.29609,40.16833],[-111.29514,40.17274],[-111.29365,40.17526],[-111.2954,40.17801],[-111.29352,40.18112],[-111.2936,40.1861],[-111.28954,40.18802],[-111.28532,40.18902],[-111.27962,40.18826],[-111.27818,40.18911],[-111.27673,40.18899],[-111.27568,40.18997],[-111.27538,40.19155],[-111.2705,40.19445],[-111.26709,40.19474],[-111.26541,40.1962],[-111.2583,40.19802]],[[-111.37645,40.13872],[-111.37616,40.1422],[-111.37492,40.14308],[-111.37693,40.14628],[-111.37699,40.14763],[-111.37544,40.15115],[-111.37396,40.15236],[-111.37755,40.15442],[-111.37624,40.15765],[-111.37504,40.16506],[-111.3719,40.16703],[-111.36988,40.17064]],[[-111.35086,40.03949],[-111.35069,40.0408],[-111.34965,40.04158],[-111.34906,40.04326],[-111.34845,40.04738],[-111.34751,40.04856],[-111.34878,40.05155],[-111.34828,40.05303],[-111.34938,40.05418],[-111.34912,40.05655],[-111.35046,40.05933],[-111.35014,40.06119],[-111.35201,40.06627],[-111.35188,40.06808],[-111.35808,40.08108],[-111.35592,40.08387]],[[-111.39708,40.03645],[-111.39377,40.03391],[-111.38639,40.03429],[-111.38164,40.03067],[-111.37574,40.03055],[-111.37009,40.02809],[-111.36786,40.02982],[-111.36579,40.02885],[-111.36384,40.02972],[-111.3574,40.03651],[-111.35281,40.03607],[-111.35086,40.03949]],[[-111.35582,40.08444],[-111.35534,40.08832],[-111.35628,40.09117],[-111.35747,40.09224],[-111.35814,40.09409],[-111.35932,40.09985],[-111.3649,40.09978],[-111.36798,40.10127],[-111.36545,40.1088],[-111.36478,40.11532],[-111.36547,40.11836],[-111.36495,40.12133],[-111.36668,40.12415],[-111.36641,40.12677],[-111.36797,40.12876],[-111.36984,40.12945],[-111.37019,40.13015],[-111.3713,40.13389],[-111.37112,40.1359],[-111.37554,40.13701],[-111.37645,40.13872]],[[-111.42909,40.07139],[-111.43229,40.07243],[-111.43531,40.07452],[-111.43547,40.07892],[-111.43774,40.08043],[-111.43946,40.08374],[-111.44106,40.08476],[-111.44397,40.08513],[-111.44683,40.09038],[-111.45168,40.09262],[-111.45628,40.09362],[-111.45959,40.09538],[-111.46239,40.0985],[-111.46752,40.10113],[-111.46736,40.10593],[-111.46658,40.1075],[-111.46753,40.10891],[-111.4661,40.1128],[-111.46627,40.11844],[-111.46539,40.12121]],[[-111.37645,40.13872],[-111.3793,40.13834],[-111.38209,40.1325],[-111.3839,40.13247],[-111.38681,40.13122],[-111.38826,40.12694],[-111.39075,40.12569],[-111.39206,40.12198],[-111.39534,40.12117],[-111.39861,40.11808],[-111.40306,40.11699],[-111.40525,40.11579],[-111.40774,40.11249],[-111.41406,40.11069],[-111.41567,40.10815],[-111.4168,40.10369],[-111.4182,40.10185],[-111.41874,40.09506],[-111.42067,40.0937],[-111.42023,40.08898],[-111.42106,40.08408],[-111.42248,40.08221],[-111.42631,40.08186],[-111.42877,40.08002],[-111.42804,40.07757],[-111.42833,40.07585],[-111.42975,40.07381],[-111.42909,40.07139]],[[-111.46355,40.01276],[-111.45902,40.01174],[-111.45528,40.01412],[-111.45322,40.01628],[-111.4516,40.01608],[-111.44686,40.01783],[-111.44172,40.02233],[-111.43772,40.02686],[-111.43334,40.02623],[-111.43198,40.02949],[-111.42791,40.03262],[-111.42507,40.03143],[-111.42066,40.03116],[-111.41727,40.03461],[-111.41364,40.03696],[-111.40861,40.036],[-111.40333,40.03651],[-111.39952,40.03587],[-111.39708,40.03645]],[[-111.39708,40.03645],[-111.39854,40.03932],[-111.40116,40.03972],[-111.40804,40.04371],[-111.40804,40.04586],[-111.40928,40.04869],[-111.41189,40.05214],[-111.41178,40.05518],[-111.41579,40.05672],[-111.41736,40.06496],[-111.41925,40.06538],[-111.42054,40.06438],[-111.42134,40.06458],[-111.42469,40.0667],[-111.42503,40.06848],[-111.42909,40.07139]],[[-111.36988,40.17064],[-111.35989,40.17635],[-111.35791,40.17828],[-111.35811,40.18089],[-111.35959,40.18251],[-111.36053,40.18479],[-111.35966,40.18749],[-111.35304,40.19196],[-111.35172,40.19662],[-111.35392,40.19884],[-111.35292,40.20077],[-111.35051,40.2009],[-111.34701,40.20255],[-111.34672,40.20473],[-111.34511,40.20749],[-111.34143,40.20901],[-111.34089,40.21379],[-111.33951,40.21645],[-111.33974,40.21993],[-111.33872,40.22282],[-111.3355,40.22548],[-111.33361,40.2285],[-111.33155,40.2295],[-111.3304,40.23381],[-111.32811,40.23364],[-111.32583,40.23564],[-111.32244,40.23691],[-111.32164,40.23921],[-111.3218,40.24264],[-111.31376,40.24749],[-111.31285,40.24966],[-111.31072,40.25132],[-111.31033,40.2538],[-111.30922,40.25489],[-111.30605,40.25584],[-111.3039,40.25578],[-111.2987,40.26105],[-111.29671,40.26152],[-111.29408,40.26538]],[[-111.39848,40.17217],[-111.39606,40.17162],[-111.38729,40.17434],[-111.37729,40.17046],[-111.37596,40.1709],[-111.36988,40.17064]],[[-111.32778,40.28221],[-111.33,40.27991],[-111.33195,40.27542],[-111.33694,40.27178],[-111.3404,40.26756],[-111.33978,40.26147],[-111.34709,40.25976],[-111.34934,40.25718],[-111.35174,40.25639],[-111.3536,40.2548],[-111.35611,40.25102],[-111.35598,40.24959],[-111.35841,40.24857]],[[-111.55696,40.24421],[-111.5589,40.24045],[-111.55976,40.237],[-111.55873,40.23203],[-111.55388,40.22852],[-111.55319,40.22625],[-111.55158,40.22518],[-111.55335,40.22229],[-111.55231,40.21977],[-111.55393,40.21729],[-111.55859,40.21529],[-111.55925,40.21416],[-111.56209,40.21234]],[[-111.41392,40.24305],[-111.41961,40.24291],[-111.4213,40.24166],[-111.42686,40.24011],[-111.4333,40.2414],[-111.4345,40.2423],[-111.43531,40.24422],[-111.43765,40.24481],[-111.43944,40.24637],[-111.44084,40.24208],[-111.45049,40.24164],[-111.45917,40.23823],[-111.46128,40.23809],[-111.46303,40.23939],[-111.46484,40.2395],[-111.46902,40.24224],[-111.47146,40.24208],[-111.47565,40.24346],[-111.47971,40.24985],[-111.48111,40.25082],[-111.48882,40.25052],[-111.4987,40.25583],[-111.49976,40.25712],[-111.50154,40.25763],[-111.50482,40.25768],[-111.50638,40.25856],[-111.51354,40.25938],[-111.51809,40.2584],[-111.52738,40.25953],[-111.53505,40.25918],[-111.54199,40.26049],[-111.54427,40.26025]],[[-111.46539,40.12121],[-111.46557,40.12235],[-111.46337,40.12598],[-111.46351,40.12868],[-111.46019,40.13144],[-111.4596,40.13456],[-111.45701,40.13446],[-111.4519,40.13728],[-111.45057,40.13884],[-111.45079,40.13995],[-111.44908,40.14189],[-111.44894,40.14407],[-111.44686,40.14554],[-111.44401,40.14615],[-111.44332,40.14784],[-111.44116,40.14826],[-111.4397,40.14959],[-111.43818,40.14995],[-111.43593,40.15362],[-111.43308,40.15496],[-111.43,40.15763],[-111.42923,40.15789],[-111.4271,40.15638],[-111.42586,40.15649],[-111.42373,40.16004],[-111.4231,40.16246],[-111.42347,40.16576],[-111.42203,40.1683],[-111.42069,40.16848],[-111.41772,40.16697],[-111.4158,40.16733],[-111.41451,40.16688],[-111.4122,40.16803],[-111.41116,40.16536],[-111.40987,40.16485],[-111.40648,40.16558],[-111.40537,40.16717],[-111.40095,40.16972],[-111.39848,40.17217]],[[-111.47314,40.12477],[-111.47162,40.12353],[-111.47031,40.12356],[-111.46844,40.12213],[-111.46539,40.12121]],[[-111.35841,40.24857],[-111.37111,40.2486],[-111.37494,40.24935],[-111.37876,40.24711],[-111.38031,40.24684],[-111.38421,40.25221],[-111.38877,40.25406],[-111.39025,40.25558],[-111.39287,40.25564],[-111.39475,40.25522],[-111.39538,40.25424],[-111.39853,40.25293],[-111.39969,40.25096],[-111.40059,40.24732],[-111.41174,40.24615],[-111.41375,40.24484],[-111.41392,40.24305]],[[-111.39848,40.17217],[-111.39983,40.17331],[-111.40019,40.17452],[-111.40218,40.17518],[-111.40243,40.17825],[-111.40316,40.17944],[-111.40572,40.18041],[-111.40633,40.18316],[-111.40447,40.18687],[-111.4024,40.18794],[-111.40166,40.18959],[-111.39926,40.19171],[-111.39759,40.19291],[-111.39491,40.19282],[-111.39242,40.19387],[-111.39201,40.19551],[-111.39292,40.19764],[-111.38919,40.20237],[-111.38842,40.20537],[-111.38924,40.20731],[-111.38687,40.2097],[-111.3858,40.21191],[-111.38584,40.2134],[-111.38812,40.21784],[-111.38843,40.21996],[-111.3897,40.22125],[-111.38962,40.22221],[-111.38638,40.22382],[-111.38622,40.22689],[-111.38488,40.22832],[-111.38142,40.22842],[-111.37953,40.22962],[-111.37589,40.23038],[-111.37357,40.23474],[-111.37085,40.23455],[-111.36933,40.23557],[-111.36709,40.23829],[-111.36664,40.24012],[-111.3642,40.24081],[-111.35841,40.24857]],[[-111.49851,39.99496],[-111.49674,39.99536],[-111.4959,40.00007],[-111.49368,40.00019],[-111.48849,40.00487],[-111.48423,40.00637],[-111.48313,40.00734],[-111.47874,40.00801],[-111.47705,40.00925],[-111.4741,40.00994],[-111.47092,40.00996],[-111.46876,40.01158],[-111.46355,40.01276]],[[-111.41392,40.24305],[-111.414,40.24172],[-111.41636,40.23877],[-111.41913,40.23282],[-111.42087,40.23093],[-111.42078,40.22488],[-111.42315,40.21898],[-111.42596,40.2147],[-111.43336,40.21574],[-111.43673,40.21187],[-111.43676,40.21036],[-111.43763,40.20894],[-111.43943,40.20806],[-111.44354,40.20837],[-111.44478,40.20795],[-111.4455,40.20685],[-111.44722,40.2064],[-111.45066,40.20069],[-111.45258,40.19939],[-111.45309,40.19783],[-111.45441,40.19757],[-111.45665,40.19555],[-111.45976,40.1942],[-111.46384,40.19436],[-111.46847,40.19785],[-111.47149,40.19918],[-111.47273,40.20065],[-111.47453,40.20058],[-111.48013,40.19494],[-111.48151,40.19021],[-111.48436,40.18564],[-111.48379,40.17854],[-111.49086,40.1722],[-111.49391,40.17148],[-111.498,40.16349]],[[-111.58855,39.99804],[-111.58522,39.99707],[-111.58208,39.99706],[-111.57722,39.99508],[-111.57601,39.99311],[-111.57018,39.98945],[-111.56488,39.99084],[-111.55839,39.99365],[-111.55226,39.99727],[-111.54736,39.99833],[-111.54429,39.99843],[-111.54265,39.99754],[-111.53713,39.99777],[-111.53435,39.99648],[-111.53308,39.99394],[-111.5282,39.99208],[-111.52535,39.99235],[-111.52094,39.98888],[-111.51887,39.98821],[-111.51612,39.9896],[-111.51317,39.98992],[-111.50553,39.99601],[-111.50243,39.99485],[-111.49851,39.99496]],[[-111.65134,40.18717],[-111.65291,40.18589],[-111.65156,40.18602],[-111.65274,40.18521],[-111.65231,40.18341],[-111.6527,40.18235],[-111.65428,40.18137],[-111.6579,40.18068],[-111.65709,40.17896],[-111.65833,40.1768],[-111.66379,40.17462],[-111.6652,40.17291],[-111.66582,40.16998],[-111.6673,40.17047],[-111.66827,40.17174],[-111.67117,40.17093],[-111.67262,40.17152],[-111.6744,40.17359],[-111.67557,40.17371],[-111.67584,40.17274],[-111.67771,40.17379]],[[-111.30253,39.85469],[-111.30124,39.85664],[-111.29865,39.85853],[-111.28985,39.85892],[-111.27811,39.86145],[-111.27613,39.86541],[-111.27297,39.86789],[-111.26589,39.86894],[-111.2495,39.87693],[-111.24869,39.87894],[-111.24424,39.88137],[-111.24402,39.88303],[-111.24511,39.88659],[-111.24459,39.88801],[-111.23935,39.89058],[-111.2383,39.8927],[-111.236,39.89502],[-111.2347,39.90017],[-111.23293,39.90319],[-111.23282,39.90503],[-111.22815,39.90743],[-111.22616,39.91179],[-111.22369,39.91491],[-111.21879,39.91668],[-111.21519,39.92009],[-111.21415,39.92326],[-111.21187,39.92517],[-111.20994,39.92838],[-111.20983,39.92971],[-111.20295,39.93303],[-111.2002,39.9326],[-111.20075,39.92869],[-111.20023,39.92538],[-111.19619,39.9233],[-111.19341,39.92101],[-111.1889,39.91391],[-111.17972,39.90957],[-111.17561,39.91073],[-111.1722,39.90996],[-111.16778,39.90533],[-111.16279,39.90385],[-111.15637,39.89973],[-111.15422,39.89632],[-111.1502,39.89199]],[[-111.46355,40.01276],[-111.46858,40.01643],[-111.47235,40.01799],[-111.47426,40.01996],[-111.48302,40.02259],[-111.48384,40.02458],[-111.48612,40.02708],[-111.48999,40.0272],[-111.49403,40.02599],[-111.50585,40.02619],[-111.50708,40.03194],[-111.50564,40.03762],[-111.50614,40.03945],[-111.50567,40.04097],[-111.50381,40.04193],[-111.50244,40.04518],[-111.50286,40.04592],[-111.50654,40.04719],[-111.51176,40.0507],[-111.51005,40.05214],[-111.50535,40.05849],[-111.50739,40.06141],[-111.50712,40.06615],[-111.50854,40.07006],[-111.50855,40.07399],[-111.50977,40.07659],[-111.51162,40.07861],[-111.51145,40.08089],[-111.51205,40.08144],[-111.51678,40.08313],[-111.51924,40.08624],[-111.52429,40.08589],[-111.52764,40.08782]],[[-111.58892,40.03229],[-111.58201,40.03202],[-111.57755,40.0366],[-111.57291,40.03815],[-111.5686,40.03829],[-111.56533,40.03749],[-111.56199,40.03922],[-111.55973,40.03934],[-111.55729,40.04034],[-111.55325,40.04111],[-111.55005,40.04096],[-111.54554,40.04317],[-111.54415,40.04546],[-111.5416,40.04641],[-111.54103,40.05046],[-111.5382,40.05478],[-111.5362,40.06133],[-111.53478,40.06315],[-111.53544,40.06595],[-111.53329,40.06925],[-111.53272,40.07321],[-111.53325,40.07606],[-111.53594,40.07781],[-111.53732,40.08086],[-111.53565,40.08159],[-111.53192,40.08563],[-111.52764,40.08782]],[[-111.36073,39.78695],[-111.36253,39.78693],[-111.36704,39.78482]],[[-111.39064,39.78366],[-111.39342,39.7844],[-111.39891,39.78169],[-111.40634,39.77942],[-111.41301,39.77871],[-111.4169,39.7761]],[[-111.41948,39.77613],[-111.42047,39.77693],[-111.42322,39.77618]],[[-111.42751,39.77477],[-111.42834,39.77188],[-111.42736,39.77084],[-111.4271,39.76868],[-111.42569,39.76593],[-111.42529,39.7643],[-111.42598,39.7626]],[[-111.43301,39.76237],[-111.43637,39.76121],[-111.43786,39.75989]],[[-111.44116,39.75705],[-111.44498,39.75481],[-111.44455,39.75219]],[[-111.44472,39.75166],[-111.44584,39.74986],[-111.44585,39.74818]],[[-111.44919,39.73687],[-111.45011,39.73354]],[[-111.4541,39.72864],[-111.45551,39.72797],[-111.4571,39.7251]],[[-111.48169,39.71717],[-111.48373,39.71747],[-111.48533,39.7155],[-111.48741,39.71457],[-111.49373,39.71343],[-111.50034,39.70883],[-111.50202,39.70894],[-111.50501,39.70774],[-111.50931,39.70298]],[[-111.50931,39.70298],[-111.51326,39.70222],[-111.5143,39.70021]],[[-111.47943,40.13683],[-111.47983,40.14137],[-111.48084,40.14328],[-111.48118,40.14744],[-111.4807,40.14918],[-111.48245,40.15058],[-111.48343,40.15232],[-111.48613,40.15308],[-111.48906,40.15301],[-111.49174,40.15409],[-111.49491,40.15781],[-111.49453,40.16091],[-111.498,40.16349]],[[-111.5143,39.70021],[-111.51633,39.70037],[-111.51839,39.70125],[-111.51902,39.70221],[-111.5221,39.70243]],[[-111.54188,39.70607],[-111.54663,39.70582],[-111.54851,39.70669],[-111.54902,39.70922],[-111.54845,39.71082],[-111.54898,39.71145],[-111.55285,39.71015],[-111.55893,39.71314],[-111.56277,39.71207],[-111.56798,39.71298],[-111.57077,39.71522]],[[-111.74337,39.64171],[-111.74139,39.64063],[-111.73756,39.63558],[-111.73298,39.63227]],[[-111.73184,39.6312],[-111.73056,39.6287],[-111.72629,39.62557]],[[-111.7219,39.62198],[-111.72013,39.61975],[-111.7156,39.61798],[-111.71366,39.61637],[-111.71118,39.61542],[-111.70992,39.6139]],[[-111.60504,39.69671],[-111.60589,39.69721],[-111.61058,39.69666],[-111.61501,39.69494],[-111.61649,39.69371]],[[-111.61814,39.6933],[-111.62228,39.69412],[-111.62393,39.69336]],[[-111.62644,39.69318],[-111.62926,39.69391],[-111.63854,39.69085]],[[-111.64039,39.69056],[-111.64682,39.69083],[-111.64921,39.68899],[-111.65411,39.68827],[-111.65664,39.68871],[-111.66764,39.68678],[-111.67098,39.67851],[-111.67656,39.67131],[-111.68079,39.66906],[-111.68652,39.6674],[-111.68993,39.66771],[-111.69168,39.66692]],[[-111.70386,39.66392],[-111.7046,39.66436],[-111.7078,39.66289],[-111.70967,39.66036],[-111.71235,39.65944]],[[-111.73615,39.6557],[-111.73865,39.65692],[-111.74062,39.65624]],[[-111.70977,39.61295],[-111.71112,39.61143],[-111.71152,39.60994],[-111.70963,39.60799],[-111.70828,39.60315],[-111.70863,39.60131],[-111.71157,39.5974],[-111.71231,39.59268]],[[-111.62681,40.19777],[-111.63021,40.19632],[-111.6317,40.19424],[-111.64289,40.19335],[-111.64207,40.19255],[-111.64246,40.19123],[-111.64144,40.19117],[-111.64235,40.1909],[-111.63966,40.19015],[-111.64063,40.18837],[-111.64961,40.18834],[-111.65134,40.18717]],[[-111.498,40.16349],[-111.50056,40.16434],[-111.50133,40.16526],[-111.50147,40.17087],[-111.50321,40.17442],[-111.50626,40.17701],[-111.50837,40.18029],[-111.51295,40.18146],[-111.51864,40.1814],[-111.52486,40.17673],[-111.53291,40.17386],[-111.53624,40.17652],[-111.54032,40.17755],[-111.54135,40.17887],[-111.54125,40.18122],[-111.54386,40.18594],[-111.54367,40.18872],[-111.54585,40.19218],[-111.54612,40.19455],[-111.54722,40.19625],[-111.55032,40.19839],[-111.55229,40.19852],[-111.55406,40.19949],[-111.55929,40.20355],[-111.56321,40.205],[-111.56336,40.20953],[-111.56209,40.21234]],[[-111.56209,40.21234],[-111.56679,40.21114],[-111.57319,40.21206],[-111.57575,40.21334],[-111.5777,40.21185],[-111.58333,40.21056],[-111.58501,40.21266],[-111.58858,40.2138],[-111.59446,40.21071],[-111.60811,40.2079],[-111.61462,40.20569],[-111.62681,40.19777]],[[-111.65134,40.18717],[-111.65126,40.18499],[-111.64993,40.18339],[-111.6471,40.18206],[-111.64582,40.17855],[-111.63159,40.1745],[-111.62113,40.16875],[-111.60766,40.1632],[-111.59424,40.15511],[-111.59196,40.1517],[-111.58523,40.14873],[-111.5754,40.14632],[-111.56768,40.14638],[-111.55546,40.14475],[-111.55129,40.14497],[-111.54754,40.1471],[-111.54461,40.14702],[-111.53991,40.14481],[-111.53068,40.14562],[-111.52716,40.14353],[-111.51923,40.14572],[-111.51643,40.14351],[-111.50903,40.14105],[-111.50619,40.13861],[-111.50308,40.13831],[-111.49989,40.13436],[-111.49692,40.13353],[-111.49588,40.13368],[-111.4949,40.13501],[-111.4902,40.13451],[-111.48825,40.13534],[-111.4818,40.13562],[-111.47943,40.13683]],[[-111.71272,40.24238],[-111.71432,40.24183],[-111.71807,40.24225],[-111.7179,40.24385],[-111.71639,40.24526],[-111.71638,40.24632],[-111.72229,40.25121],[-111.72753,40.25221],[-111.72756,40.2532],[-111.72597,40.25576],[-111.72601,40.25746],[-111.73119,40.26435],[-111.73476,40.26556],[-111.73777,40.26989],[-111.74269,40.27371],[-111.74692,40.27633],[-111.75104,40.27737],[-111.75167,40.27841],[-111.75091,40.27888],[-111.75225,40.28013],[-111.75292,40.28],[-111.75258,40.28108],[-111.75405,40.28208],[-111.75453,40.28359],[-111.7563,40.28471],[-111.75631,40.28383],[-111.75714,40.2838],[-111.75751,40.28441],[-111.75689,40.28577],[-111.75782,40.28663],[-111.75901,40.28661],[-111.7587,40.28797],[-111.75975,40.28881],[-111.76218,40.29427],[-111.76161,40.30072],[-111.7634,40.30683],[-111.76392,40.31438],[-111.76529,40.31714],[-111.76645,40.31807],[-111.76489,40.32463],[-111.76389,40.32577],[-111.76427,40.32629]]]}}]}