{
"type": "FeatureCollection",
"name": "gsl-basins",
"crs": { "type": "name", "properties": { "name": "urn:ogc:def:crs:EPSG::26912" } },
"features": [
{ "type": "Feature", "properties": { "ID": 1.0, "GRIDCODE": 3.0, "Shape_Leng": 1006491.0538399999, "Name": "Bear", "Shape_Le_1": 1006491.0538399999, "Shape_Area": 19261524786.099998 }, "geometry": { "type": "MultiPolygon", "coordinates": [ [ [ [ 511505.554779261467047, 4508054.140575855970383 ], [ 510124.988761975779198, 4508618.032800381071866 ], [ 509537.463641428563278, 4508808.682144558057189 ], [ 508687.927640637557488, 4509692.885665382258594 ], [ 508045.202776038902812, 4510004.702881672419608 ], [ 507737.586007752339356, 4510324.892321970313787 ], [ 507454.309719488373958, 4511615.395491172559559 ], [ 507169.128791222930886, 4512168.960675688460469 ], [ 507016.980823081103154, 4513569.351332992315292 ], [ 506761.267542843124829, 4514567.128741921856999 ], [ 506339.563862450304441, 4515122.914982439018786 ], [ 505454.553429626044817, 4515703.140006979927421 ], [ 504615.125332844327204, 4516340.07824757322669 ], [ 504438.562132679740898, 4516523.867815744131804 ], [ 504148.768084409995936, 4517121.205928300507367 ], [ 504162.707796422939282, 4517804.141224935650826 ], [ 504152.356180413276888, 4518311.220905408263206 ], [ 503286.658387607079931, 4518878.774953937157989 ], [ 502784.192851139174309, 4519260.049066292122006 ], [ 502332.556626718374901, 4519730.117290729656816 ], [ 501585.999186023313086, 4521268.935340163297951 ], [ 500834.87572932371404, 4521714.834092577919364 ], [ 500254.553424783167429, 4521903.139500753954053 ], [ 499383.606607972062193, 4522232.753837060183287 ], [ 499056.555343667394482, 4522618.837677420116961 ], [ 499286.926671882043593, 4523291.909806046634912 ], [ 499656.555856226361357, 4524203.13975889608264 ], [ 499754.553680317592807, 4524505.141935177147388 ], [ 500056.555856598890387, 4525203.140271827578545 ], [ 500270.032208797638305, 4525744.400048331357539 ], [ 500246.374736775527708, 4526904.140465411357582 ], [ 500256.921936785511207, 4527421.523633893579245 ], [ 500588.562769094365649, 4528065.248946492560208 ], [ 501585.535314022679813, 4529023.135411384515464 ], [ 501973.035346383578144, 4529211.147955560125411 ], [ 502993.055059333739337, 4529410.268851744942367 ], [ 503865.24706014583353, 4529708.803764022886753 ], [ 504187.80603644635994, 4530373.696180642582476 ], [ 504154.334548415034078, 4532014.492342170327902 ], [ 503151.37979548110161, 4533755.923127792775631 ], [ 502213.513554607634433, 4534955.654840909875929 ], [ 501656.555858089064714, 4535805.141689701005816 ], [ 501123.206481592147611, 4536591.958714433945715 ], [ 500074.523984615574591, 4537933.437627683393657 ], [ 499856.555344412452541, 4538605.141692308709025 ], [ 499754.553680317592807, 4538903.140028586611152 ], [ 499618.200912190484814, 4539323.354812977835536 ], [ 499669.592400238558184, 4541841.542847322300076 ], [ 499444.54382402880583, 4542940.200640345923603 ], [ 499003.625807618198451, 4543796.108993142843246 ], [ 498301.892942964739632, 4544316.298945628106594 ], [ 497438.635342160647269, 4544298.696385610848665 ], [ 496456.555853246129118, 4543703.14003305695951 ], [ 495954.554188778507523, 4543405.141696779057384 ], [ 495556.556108407792635, 4543103.139520497992635 ], [ 495116.419403997831978, 4542776.870592193678021 ], [ 493283.679562291072216, 4542182.143679640255868 ], [ 491355.87258449557703, 4542221.474495676346123 ], [ 490581.140807774034329, 4542535.732927969656885 ], [ 490259.900743474834599, 4543350.185664728283882 ], [ 490461.707591662998311, 4544533.3152658296749 ], [ 490654.553415842470713, 4546505.14195566624403 ], [ 490756.556103937444277, 4547103.139524223282933 ], [ 490854.553928028675728, 4547705.14195678383112 ], [ 491600.843080723774619, 4549616.568006563931704 ], [ 492094.812489183736034, 4550431.142599322833121 ], [ 492556.555593613884412, 4551003.139783855527639 ], [ 492969.861449998687021, 4551524.45306434109807 ], [ 493252.552010262035765, 4552107.143880883231759 ], [ 493456.555338452046271, 4552503.140041252598166 ], [ 494116.63905106682796, 4553963.808458612300456 ], [ 494530.896203452604823, 4555240.395467801019549 ], [ 494338.343243273382541, 4558256.948942610993981 ], [ 493898.060106863151304, 4559342.421711621806026 ], [ 493053.552970076794736, 4559752.138448003679514 ], [ 492211.389769292378332, 4560185.976528407074511 ], [ 491947.864393046998885, 4560729.165520912967622 ], [ 491325.86733646778157, 4561326.797521470114589 ], [ 490944.787784112733789, 4561503.139537634328008 ], [ 490556.55559175129747, 4561303.140049448236823 ], [ 489954.554183190572076, 4561205.142225356772542 ], [ 489574.841670836904086, 4560809.950928988866508 ], [ 488705.77491802762961, 4560487.001808688044548 ], [ 487767.151941153337248, 4559510.097615778446198 ], [ 487454.553412862238474, 4559305.141967587172985 ], [ 487156.556100584683008, 4559103.139535399153829 ], [ 486854.553924303443637, 4558905.141967214643955 ], [ 486247.058755737612955, 4558444.180174784734845 ], [ 484754.554178347694688, 4557905.14145428314805 ], [ 484231.897409860859625, 4557693.130446085706353 ], [ 483656.55584132525837, 4557303.140045722946525 ], [ 482954.553664671373554, 4556905.141965351998806 ], [ 482456.555840207613073, 4556503.140044977888465 ], [ 482116.810047891107388, 4556280.386252770200372 ], [ 481524.939071339904331, 4555564.907212103717029 ], [ 481152.552254993119277, 4555207.144139770418406 ], [ 480595.838270474574529, 4554627.725003231316805 ], [ 480399.841598291997798, 4554505.141963116824627 ], [ 479583.850813532131724, 4555163.833035729825497 ], [ 479142.8355171213625, 4555306.948299863375723 ], [ 478464.099644489237107, 4555293.081291850656271 ], [ 478956.555580947897397, 4555903.13953241892159 ], [ 479369.861437332700007, 4556424.453836903907359 ], [ 480083.289405997260474, 4557894.9854222740978 ], [ 480054.333757970365696, 4559314.077391595579684 ], [ 480256.555326158530079, 4560103.140048330649734 ], [ 480354.554174249875359, 4560505.141968704760075 ], [ 480462.56159835041035, 4560926.552785096690059 ], [ 480656.555326531059109, 4561303.140049448236823 ], [ 480754.554174622404389, 4561505.141457635909319 ], [ 481156.556094996747561, 4562203.139794286340475 ], [ 481254.553919087979011, 4562416.397010484710336 ], [ 480650.549566525616683, 4563812.392659785225987 ], [ 480024.426813942496665, 4564222.890708167105913 ], [ 478655.554876667563803, 4564194.961108140647411 ], [ 477989.148988046799786, 4564208.559828153811395 ], [ 477180.481851293821819, 4564756.703956664539874 ], [ 476856.555834992206655, 4565905.141461733728647 ], [ 476703.552826849627309, 4566352.138966150581837 ], [ 476553.040186709375121, 4567430.386391154490411 ], [ 476559.2169547152007, 4567733.096151435747743 ], [ 476772.44959491386544, 4568565.151448210701346 ], [ 477271.546171378693543, 4569222.915800823830068 ], [ 478188.342588232480921, 4569823.989465383812785 ], [ 478566.565180584671907, 4570217.641689750365913 ], [ 478877.893948874552734, 4570859.365082347765565 ], [ 478852.137276850524358, 4572121.132763522677124 ], [ 478370.130236401804723, 4572584.242907954379916 ], [ 477154.55417126964312, 4572703.139548065140843 ], [ 476653.503802802995779, 4572831.558364184573293 ], [ 475756.555577967665158, 4573605.142236905172467 ], [ 475554.554169779527001, 4573703.140060996636748 ], [ 475352.62546559155453, 4574011.123421283438802 ], [ 475370.496313608135097, 4574886.758110098540783 ], [ 475054.553401313838549, 4575303.140062486752868 ], [ 474816.9557050926378, 4575665.541854823939502 ], [ 474454.553912754985504, 4575903.139551045373082 ], [ 473349.597495725960471, 4576911.4897599844262 ], [ 472954.553655358147807, 4577103.139552162960172 ], [ 472738.415927156689577, 4577214.492384266108274 ], [ 472756.604215173632838, 4578105.068257095292211 ], [ 472618.274103044881485, 4578373.574369345791638 ], [ 471954.554166426765732, 4578503.140065466985106 ], [ 471639.025974132935517, 4578611.147489567287266 ], [ 471260.730677780578844, 4579004.873441933654249 ], [ 469564.611892200889997, 4579115.542242037132382 ], [ 468443.103539156378247, 4580117.15350697003305 ], [ 467732.04408249433618, 4580102.651618956588209 ], [ 466865.808689687517472, 4579656.387298541143537 ], [ 465874.67089676449541, 4578856.3135697953403 ], [ 465204.432176140253432, 4578692.934369643218815 ], [ 464656.555311629897915, 4578805.142241748049855 ], [ 464054.553903069230728, 4578903.140065839514136 ], [ 463110.803758190362714, 4579115.444962036795914 ], [ 462521.496877641533501, 4579317.128930224105716 ], [ 461966.809389124973677, 4579602.895586490631104 ], [ 460873.669932106859051, 4580579.164899399504066 ], [ 460187.561259467969649, 4581293.276900065131485 ], [ 459936.780587234417908, 4582066.0794607847929 ], [ 460060.120363349211402, 4583030.947557683102787 ], [ 460054.139179343706928, 4583323.134693956002593 ], [ 459535.828266860800795, 4583821.133542419411242 ], [ 458585.388329975656234, 4584282.241766848601401 ], [ 458218.689833634183742, 4584530.801383079960942 ], [ 457375.525160848977976, 4585719.351016187109053 ], [ 456766.052648281329311, 4585306.216167801991105 ], [ 456445.05629598244559, 4585202.066151705570519 ], [ 455856.555303434259258, 4584803.140327334403992 ], [ 455654.553895246121101, 4584705.14147924259305 ], [ 455186.97603881068062, 4584388.198118947446346 ], [ 454336.560422018752433, 4584405.556966964155436 ], [ 453660.559653389151208, 4585109.145319619216025 ], [ 453307.239717060117982, 4585448.599271934479475 ], [ 452348.718372167437337, 4585603.140328079462051 ], [ 452156.555555988452397, 4585403.139815893024206 ], [ 451826.404643681016751, 4585242.983143743127584 ], [ 448703.870240772957914, 4585024.697063540108502 ], [ 448007.067936123930849, 4584786.196199318394065 ], [ 447256.555807425058447, 4583403.139814030379057 ], [ 447045.032223228015937, 4583091.078885739669204 ], [ 446235.144478473695926, 4583107.607269754633307 ], [ 445193.37193350342568, 4584576.137959122657776 ], [ 444599.109916949993931, 4585976.01559242606163 ], [ 444144.202012526453473, 4586413.100776833482087 ], [ 443233.92437967855949, 4586394.521320816129446 ], [ 442656.555291140801273, 4586003.140328451991081 ], [ 442268.176666779094376, 4585905.14148036018014 ], [ 441456.555290023214184, 4586605.141737012192607 ], [ 441150.623001738335006, 4586703.139561103656888 ], [ 440946.7896575484192, 4586283.046632712706923 ], [ 440959.216921560117044, 4585675.18589614611119 ], [ 441156.556057743844576, 4584905.141991429030895 ], [ 441254.553881835076027, 4584229.653222799301147 ], [ 440671.765785292373039, 4583268.617957904934883 ], [ 439727.405336412950419, 4582173.647588884457946 ], [ 439095.105815824004821, 4580870.351587671786547 ], [ 438451.55048722459469, 4580558.14525138027966 ], [ 437727.820054550538771, 4580185.318115033209324 ], [ 437133.020437996718101, 4580005.142242865636945 ], [ 436221.497621147776954, 4580317.129443155601621 ], [ 435615.247636583051644, 4580629.458659446798265 ], [ 434493.81198753870558, 4581480.386276239529252 ], [ 433694.47041879419703, 4582558.706405243836343 ], [ 432649.036049820599146, 4582762.783461433835328 ], [ 431556.55604880314786, 4582603.139813285320997 ], [ 430693.176591999013908, 4582505.141989193856716 ], [ 429656.555791033781134, 4582805.142245473340154 ], [ 429020.056846440886147, 4582960.317157617770135 ], [ 428133.264653615071438, 4583417.128678043372929 ], [ 427856.555277357227169, 4583705.141990311443806 ], [ 426870.98394843947608, 4584603.139815147966146 ], [ 425237.879050918505527, 4584097.353446676395833 ], [ 424520.861962250783108, 4584112.001766690053046 ], [ 423836.463369613396935, 4584346.230502908118069 ], [ 422940.540168778854422, 4585118.96035962831229 ], [ 422354.554120233166032, 4585503.139559986069798 ], [ 421756.555527676246129, 4586005.142248453572392 ], [ 420491.321606497862376, 4586886.514409273862839 ], [ 420273.693958295159973, 4587003.139817383140326 ], [ 420156.55552618613001, 4586403.140328824520111 ], [ 419938.489605982904322, 4586297.353960725478828 ], [ 418999.842053108732216, 4586316.49456874281168 ], [ 418121.496836290811189, 4586617.128681023605168 ], [ 417371.545859592384659, 4587003.481833383440971 ], [ 416470.496514753089286, 4587103.139561476185918 ], [ 416354.8951066454174, 4586392.935144814662635 ], [ 415754.8218900867505, 4586405.165800825692713 ], [ 414956.555521343252622, 4586303.139560731127858 ], [ 414093.1770885392325, 4586205.141736639663577 ], [ 413056.555263573653065, 4586505.141992919147015 ], [ 412242.688254815642722, 4586603.139817010611296 ], [ 410791.198973463964649, 4586014.395112462341785 ], [ 410605.554941291105933, 4585954.14090440608561 ], [ 410557.458685246179812, 4586006.04541645385325 ], [ 410370.472189072170295, 4586179.311336616054177 ], [ 409862.170876598800533, 4586872.305385260842741 ], [ 409757.458684501121752, 4587240.224489603191614 ], [ 410257.459452966810204, 4588102.236906406469643 ], [ 410353.650941056315787, 4588559.316714832559228 ], [ 409019.275515813729726, 4588877.163243127986789 ], [ 408457.45893929048907, 4588791.347947048023343 ], [ 408751.672571564442478, 4588518.765290794894099 ], [ 408853.650683659478091, 4588294.814442586153746 ], [ 408321.155323163489811, 4588043.520746352151036 ], [ 407660.071162547799759, 4588275.234538567252457 ], [ 407554.626810449524783, 4588717.983466980047524 ], [ 407126.965498051256873, 4588701.015786964446306 ], [ 406564.416761527420022, 4588093.88721039891243 ], [ 406130.774265123647638, 4588111.074026415124536 ], [ 405857.459448868990876, 4588406.045418689027429 ], [ 405553.650936585967429, 4588502.236906778998673 ], [ 405251.795192304882221, 4588709.926634972915053 ], [ 404655.554807749693282, 4588686.293738950043917 ], [ 403649.817846812889911, 4588726.162154987454414 ], [ 403030.115574235911481, 4588596.523754866793752 ], [ 402757.45918998203706, 4588302.236394592560828 ], [ 402153.650421419530176, 4588206.044906502589583 ], [ 401843.103989130468108, 4587870.888682191260159 ], [ 401405.554932722938247, 4588024.23370633367449 ], [ 400586.878195960423909, 4587737.295594066381454 ], [ 399728.089331160648726, 4587606.045417943969369 ], [ 399146.9119866193505, 4587809.731306133791804 ], [ 398755.188978254445828, 4587794.228970119729638 ], [ 398657.459442163468339, 4588306.045674595981836 ], [ 398222.790897758794017, 4588708.779754971154034 ], [ 397867.859185428242199, 4588694.717162958346307 ], [ 397657.458929232205264, 4588806.045419061556458 ], [ 396953.650416576652788, 4589002.236651244573295 ], [ 396708.411632348201238, 4589131.996907365508378 ], [ 395947.303151639527641, 4589101.821675337851048 ], [ 395721.716975429444574, 4588389.346026673913002 ], [ 395235.437806976377033, 4588006.045418316498399 ], [ 394923.401454685837962, 4588342.812394630163908 ], [ 394962.561262722243555, 4589330.630379550158978 ], [ 395557.459183276514523, 4590302.236396455205977 ], [ 395853.650159552344121, 4590806.045420924201608 ], [ 396289.246447957935743, 4591341.299437423236668 ], [ 397857.459441418410279, 4592202.236654224805534 ], [ 398153.650417694239877, 4592406.045422414317727 ], [ 398692.151538195903413, 4592576.528110573068261 ], [ 398853.650674346252345, 4592402.236142410896719 ], [ 398979.23608246317599, 4592285.879022303037345 ], [ 400071.595251480466686, 4592514.419438515789807 ], [ 400470.373619852005504, 4593131.924207090400159 ], [ 400350.305523740011267, 4593821.474543732590973 ], [ 400360.755443749832921, 4594085.512943979352713 ], [ 401475.183860787772574, 4594204.116720089688897 ], [ 401653.650676953955553, 4594416.933616288006306 ], [ 401365.466356685501523, 4594683.950832536444068 ], [ 400901.087476252927445, 4595403.042545205913484 ], [ 400757.459188119391911, 4596006.045425767078996 ], [ 400290.345203684293665, 4596684.878578400239348 ], [ 399537.879282983369194, 4596804.751090511679649 ], [ 399023.718642504536547, 4597076.821746764704585 ], [ 398357.459185884217732, 4596902.2369146021083 ], [ 397838.758129401016049, 4596806.045426512137055 ], [ 397257.458928859676234, 4597206.045426884666085 ], [ 396653.650160297402181, 4597302.23691497463733 ], [ 396073.352431756793521, 4597454.287603115662932 ], [ 396257.605871928506531, 4597802.504947440698743 ], [ 396250.989807922276668, 4597969.350387595593929 ], [ 394489.51422228186857, 4597899.551475530490279 ], [ 394044.616941867512651, 4597593.399027246050537 ], [ 393857.45943769311998, 4597002.236658695153892 ], [ 393720.276205565431155, 4596610.830066330730915 ], [ 392864.588012768537737, 4596493.862642222084105 ], [ 392505.555180434021167, 4596508.096242235042155 ], [ 392309.826796251698397, 4596500.356850227341056 ], [ 391065.613547093118541, 4595841.98219361435622 ], [ 389989.050602090428583, 4595636.440817423164845 ], [ 389287.586025437223725, 4595265.273585077375174 ], [ 388071.741672304808162, 4595033.120496861636639 ], [ 387957.459176198230125, 4594861.977328701876104 ], [ 388170.910952397040091, 4593841.738479752093554 ], [ 388153.137384380563162, 4593393.179375333711505 ], [ 387492.639975765370764, 4592966.664942936971784 ], [ 386077.844710447709076, 4592518.716142519377172 ], [ 384881.409253333578818, 4591433.24234950914979 ], [ 383753.650404283194803, 4590606.044908737763762 ], [ 382005.554402655106969, 4589054.141163293272257 ], [ 381788.806370453326963, 4589555.093227759003639 ], [ 381656.555746330064721, 4590126.674668291583657 ], [ 382009.827554659103043, 4591158.779629252851009 ], [ 382911.291619498631917, 4592802.969326784834266 ], [ 383838.929124362650327, 4594855.703280696645379 ], [ 384273.743076767656021, 4596025.942769786342978 ], [ 384615.100645085447468, 4597580.899059234187007 ], [ 384754.554085215437226, 4599673.720565183088183 ], [ 384549.279973024153151, 4603091.152632365934551 ], [ 383866.492132388404571, 4605975.137019052170217 ], [ 384062.293220570660196, 4606931.142395942471921 ], [ 384488.855780967860483, 4607982.778108921833336 ], [ 385444.10442185762804, 4609501.284094335511327 ], [ 385554.554085960495286, 4610405.142271177843213 ], [ 385692.932326089241542, 4610945.132287681102753 ], [ 385354.553573774290271, 4611503.139584200456738 ], [ 385247.352037674398161, 4612052.28518471121788 ], [ 385272.571109697804786, 4613288.539905862882733 ], [ 385737.000166130368598, 4614515.737347005866468 ], [ 386556.555494893691503, 4615303.140099739655852 ], [ 386832.361703150556423, 4615590.200068006291986 ], [ 387895.374056140542962, 4615720.1077801277861 ], [ 388264.612072484451346, 4615910.317828305065632 ], [ 388249.427176470286213, 4616654.141188997775316 ], [ 388261.877992481808178, 4617263.564549565315247 ], [ 388143.958248372073285, 4618186.025734424591064 ], [ 388156.897512384108268, 4618819.82643901463598 ], [ 388394.715368605568074, 4619514.626823661848903 ], [ 388554.55357675452251, 4620518.825736597180367 ], [ 388087.439592319424264, 4620967.62957701459527 ], [ 387956.556008197483607, 4621905.141513887792826 ], [ 387772.620008026133291, 4622803.151626724749804 ], [ 388161.511656388291158, 4623761.916683617047966 ], [ 388149.939432377577759, 4624329.763596145436168 ], [ 387803.55300005490426, 4625002.139404771849513 ], [ 387558.557927826768719, 4625507.143437242135406 ], [ 387259.509991548373364, 4626087.649037783034146 ], [ 387156.556007452425547, 4626409.768718083389103 ], [ 387756.555496011278592, 4626803.140366449952126 ], [ 387854.553320102510042, 4626905.142030544579029 ], [ 387956.556008197483607, 4627003.13985463604331 ], [ 388154.55357638199348, 4627195.413262814283371 ], [ 387035.047143339295872, 4628448.928527981974185 ], [ 387062.708455365034752, 4629804.141329244710505 ], [ 387050.452199353720061, 4630404.140817803330719 ], [ 387056.579815359436907, 4630704.141074082814157 ], [ 387044.885735348449089, 4631276.894994616508484 ], [ 387264.441575552918948, 4631918.362387213855982 ], [ 387251.990759541396983, 4632529.140499781817198 ], [ 386603.55299893731717, 4633152.139028362929821 ], [ 386248.767718606977724, 4633521.413908706046641 ], [ 386262.488294619717635, 4634193.6309973327443 ], [ 386154.553574519348331, 4634403.140373528003693 ], [ 386056.55575042788405, 4634705.141525808721781 ], [ 385954.554086333024316, 4634903.140117993578315 ], [ 385856.555238241679035, 4635105.141526181250811 ], [ 385350.940901770838536, 4635228.396310295909643 ], [ 385369.69034178822767, 4636147.134231152012944 ], [ 384415.101156899356283, 4636854.775575811043382 ], [ 384243.421412739320658, 4637559.060248466208577 ], [ 384259.045604753890075, 4638325.137177180498838 ], [ 384807.556325264857151, 4638852.138777671381831 ], [ 385030.554853472509421, 4639084.243737887591124 ], [ 385160.022245593019761, 4640672.061211366206408 ], [ 385456.555237869150005, 4641403.139868047088385 ], [ 385554.554085960495286, 4641905.141532514244318 ], [ 385658.606822057277896, 4642209.096476797014475 ], [ 386524.207334863604046, 4642489.992989059537649 ], [ 386754.554087078082375, 4643209.084701729007065 ], [ 386123.743462490499951, 4643515.127582013607025 ], [ 385856.555238241679035, 4643812.050718290731311 ], [ 386563.709158900310285, 4644155.117342609912157 ], [ 386547.400934885139577, 4644954.140447353944182 ], [ 386556.701926893903874, 4645409.854239778593183 ], [ 387185.535207479377277, 4645822.134048162028193 ], [ 387354.55357563693542, 4646014.90716834180057 ], [ 386961.511655270704068, 4646392.544032693840563 ], [ 386749.597927073366009, 4646715.737888994626701 ], [ 386452.551910796784796, 4647001.137953260913491 ], [ 386204.602598565979861, 4647259.20643350109458 ], [ 386358.508774709305726, 4647708.877601919695735 ], [ 386346.814694698317908, 4648282.522402454167604 ], [ 386538.758374877157621, 4648843.325218975543976 ], [ 386854.553831171127968, 4649905.141539964824915 ], [ 386964.56317527370993, 4650226.516772264614701 ], [ 387356.555495638749562, 4650603.139876615256071 ], [ 387454.553319729981013, 4651018.825509002432227 ], [ 387236.560103526921012, 4651655.727909594774246 ], [ 386917.371111229644157, 4652275.331878172233701 ], [ 385973.035238350159489, 4653400.234791220165789 ], [ 385731.922150125610642, 4654742.239016469568014 ], [ 385154.554085587966256, 4655503.139625178650022 ], [ 384995.178725439473055, 4655831.655209484510124 ], [ 385156.556005589780398, 4656303.139625923708081 ], [ 385254.553829681011848, 4656613.039914212189615 ], [ 384854.553829308482818, 4657203.140394762158394 ], [ 384341.003492830204777, 4658108.950315605849028 ], [ 383755.555044284905307, 4658097.000235593877733 ], [ 383340.564707898418419, 4658105.471787601709366 ], [ 382846.546147438348271, 4658619.631404081359506 ], [ 382612.48841922043357, 4659340.969772752374411 ], [ 382822.888675416470505, 4660161.965869517065585 ], [ 383041.174755619722418, 4661725.612846973352134 ], [ 383416.418531969073229, 4662650.74769583530724 ], [ 383554.554084097850136, 4663175.33265632390976 ], [ 383043.372259621857665, 4663510.476592635735869 ], [ 380737.708257474354468, 4664016.591665107756853 ], [ 380536.60899328708183, 4664225.894193301908672 ], [ 380560.608481309493072, 4665401.17483439669013 ], [ 380284.265697052120231, 4666208.523059148341417 ], [ 380155.04201693169307, 4667925.24677274748683 ], [ 379854.505184651934542, 4668803.249973565340042 ], [ 379856.995552654261701, 4668924.441397678107023 ], [ 380083.044576864806004, 4669806.545718499459326 ], [ 380053.357792836963199, 4671262.343991855159402 ], [ 379718.176992524997331, 4671756.81413631606847 ], [ 378477.844703369657509, 4672460.012344971299171 ], [ 378340.22319924167823, 4673305.4718017578125 ], [ 377607.409886559122242, 4674178.420538570731878 ], [ 377456.555230418569408, 4675105.141563434153795 ], [ 377238.904030215810053, 4675641.689915933646262 ], [ 376612.341981632285751, 4676243.69132449477911 ], [ 375954.554077019798569, 4676503.140156736597419 ], [ 375251.966172365355305, 4676807.131965018808842 ], [ 374905.555164042743854, 4676800.063293012790382 ], [ 374644.543707799748518, 4676805.386045018211007 ], [ 374292.151515471632592, 4677172.170557359233499 ], [ 374156.555483345291577, 4678005.142334135249257 ], [ 374054.553819250199012, 4678303.139646412804723 ], [ 373956.555995158967562, 4678705.141566786915064 ], [ 373854.553307063993998, 4679103.139647157862782 ], [ 373750.964442967553623, 4680267.898688242770731 ], [ 372963.550426234141923, 4680578.481984531506896 ], [ 372571.448537869029678, 4681386.697537284344435 ], [ 372154.553561480832286, 4681903.139649765565991 ], [ 372056.555737389368005, 4682116.78700996376574 ], [ 372474.158297778456472, 4682303.139650138095021 ], [ 373254.553818505140953, 4682103.140161952003837 ], [ 373643.641050867619924, 4682005.142337860539556 ], [ 373754.553562970948406, 4683705.142083443701267 ], [ 373856.55522706580814, 4684003.139395721256733 ], [ 373972.522203173837624, 4684715.566916384734213 ], [ 374474.548443641397171, 4685875.844933465123177 ], [ 374654.553307809052058, 4686813.735750338993967 ], [ 374054.553819250199012, 4687803.139911260455847 ], [ 373774.817498989752494, 4688379.763527797535062 ], [ 373505.55465073895175, 4688754.141000146046281 ], [ 373830.261979041271843, 4688817.531720205210149 ], [ 374583.386331742745824, 4689328.041800680570304 ], [ 375550.47650864336174, 4689797.219145117327571 ], [ 375754.553564833593555, 4690193.374025486409664 ], [ 375443.372252543806098, 4690414.504777692258358 ], [ 374468.542683635721914, 4690887.441226132214069 ], [ 374056.555739252013154, 4691495.241546698845923 ], [ 374154.553563343477435, 4691805.141834987327456 ], [ 374349.915355525328778, 4692375.881547519005835 ], [ 374532.581595695461147, 4693125.197644216939807 ], [ 374931.213532066787593, 4693713.271628764458001 ], [ 375154.55407627474051, 4694505.142093501985073 ], [ 375449.231580549036153, 4695077.139278034679592 ], [ 375661.878492747084238, 4695831.143246736377478 ], [ 376031.360221091308631, 4696548.342607405036688 ], [ 376193.201373241958208, 4697542.495056331157684 ], [ 376454.553821485373192, 4698205.141840947791934 ], [ 376954.553565951180644, 4699360.768850023858249 ], [ 376856.555741859716363, 4699905.141586530953646 ], [ 376663.879901680280454, 4700845.80334740690887 ], [ 376556.555485580465756, 4701505.141588021069765 ], [ 376356.555997394141741, 4702481.606484930962324 ], [ 376544.372957568964921, 4703293.30056568607688 ], [ 377054.553310044226237, 4703705.14210207015276 ], [ 377629.236446579336189, 4704131.142486467026174 ], [ 377807.556830745539628, 4704652.139350952580571 ], [ 377954.554078882443719, 4705705.142103932797909 ], [ 378253.161695160553791, 4706736.965464893728495 ], [ 378261.877983168582432, 4707163.56488929130137 ], [ 378130.578655046294443, 4708190.639962247572839 ], [ 378281.336031186743639, 4709424.221019396558404 ], [ 379579.993312396225519, 4710195.144540114328265 ], [ 379939.124448730726726, 4710724.953948607668281 ], [ 380075.452640857663937, 4712118.716253905557096 ], [ 380617.7374413626967, 4712683.145054431632161 ], [ 381319.690466016414575, 4713044.753246768377721 ], [ 382200.794338836916722, 4712789.760862531140447 ], [ 383735.876836266717874, 4712821.083998559974134 ], [ 383955.457252471125685, 4712610.110302363522351 ], [ 384154.553572656703182, 4711703.140189519152045 ], [ 384336.463076826068573, 4710993.313628857955337 ], [ 383975.159012489602901, 4709229.287259214557707 ], [ 384353.55261284194421, 4708652.13935467787087 ], [ 384827.771109283552505, 4707952.541530026122928 ], [ 385144.544485578662716, 4706329.873240514658391 ], [ 385405.604069821652956, 4705791.787864013575017 ], [ 386256.555238614208065, 4704805.142359094694257 ], [ 386709.583079036208801, 4704194.021206525154412 ], [ 387846.594792095129378, 4704217.227094546891749 ], [ 387996.76541623484809, 4702528.359252974390984 ], [ 388333.582568548736162, 4701834.096468327566981 ], [ 389075.402985239517875, 4700898.464595455676317 ], [ 389932.043498037266545, 4700457.156435045413673 ], [ 390654.553322710213251, 4700605.141843182966113 ], [ 391580.993771572946571, 4700734.475091303698719 ], [ 391942.664427909883671, 4701081.947987627238035 ], [ 392282.043628225917928, 4701599.575892109423876 ], [ 392646.570220565306954, 4701607.021396116353571 ], [ 393050.476780941593461, 4701411.062611933797598 ], [ 393350.061293220496736, 4700829.519699391908944 ], [ 393533.215981391142122, 4699755.666258391924202 ], [ 393671.325933519867249, 4694884.133709855377674 ], [ 393393.714413261157461, 4693745.388364794664085 ], [ 392504.040684432606213, 4692734.048075852915645 ], [ 392254.553324200329371, 4692005.142347173765302 ], [ 392066.247916024993174, 4691424.831306632608175 ], [ 391491.321067489567213, 4690456.338249730877578 ], [ 390458.16753052722197, 4689281.887048637494445 ], [ 390441.126122511341237, 4688447.145799860358238 ], [ 390582.800618643290363, 4687143.129926645196974 ], [ 391221.594347238424234, 4686814.053190339356661 ], [ 392477.698284408194013, 4687071.328070579096675 ], [ 393477.185773339006118, 4686232.314693797379732 ], [ 394140.857581957126968, 4686005.142341585829854 ], [ 394715.980014492641203, 4686183.669573752209544 ], [ 395254.553838994237594, 4687005.141830516979098 ], [ 395757.898991463123821, 4687335.146310824900866 ], [ 396503.601392157492228, 4688341.103431761264801 ], [ 397292.517616892349906, 4688661.099336059764028 ], [ 397893.714161452255212, 4688815.176520202308893 ], [ 398856.555762348813005, 4689003.139912378042936 ], [ 400190.222579591092654, 4689303.140168657526374 ], [ 401083.069684422458522, 4689171.828552534803748 ], [ 402154.163445419981144, 4688142.73927157651633 ], [ 402941.394166153273545, 4687048.146758557297289 ], [ 404166.809847294469364, 4685064.846148709766567 ], [ 404421.936375532182865, 4683757.925187492743134 ], [ 404772.717815858894028, 4683222.891330994665623 ], [ 406227.3569212135626, 4683064.858434847556055 ], [ 406742.054137692903168, 4682815.139650614932179 ], [ 407120.520442045410164, 4682451.51622627582401 ], [ 407900.232954771607183, 4681039.297344961203635 ], [ 408563.806459389510565, 4680636.879680586047471 ], [ 409240.857852019951679, 4680405.142336370423436 ], [ 409553.845500311465003, 4680670.266176616773009 ], [ 409564.221692321239971, 4681179.409217091277242 ], [ 409292.614908068324439, 4682505.605954326689243 ], [ 409743.372540488024242, 4683193.142082966864109 ], [ 410552.551677241572179, 4683807.143747538328171 ], [ 411554.309374174685217, 4684293.142339991405606 ], [ 411566.394622185849585, 4684885.086020542308688 ], [ 411005.262077663210221, 4685740.945221339352429 ], [ 410356.556029059109278, 4686595.864390135742724 ], [ 410510.657789202756248, 4686924.953414442017674 ], [ 411209.314557853271253, 4687284.865862777456641 ], [ 412309.339390877750702, 4687438.430022920481861 ], [ 412556.555519108078443, 4687803.139911260455847 ], [ 412750.208255288307555, 4688202.2858956316486 ], [ 413632.556288110208698, 4688780.788552170619369 ], [ 414424.03660884720739, 4689823.855433141812682 ], [ 414866.810113259707578, 4690736.526153991930187 ], [ 415754.236162086133845, 4691589.138250785879791 ], [ 415758.606594090233557, 4691804.141386986710131 ], [ 415737.390338070341386, 4692844.094283955171704 ], [ 416044.690690356655978, 4693791.079244837164879 ], [ 417022.912771267700009, 4693394.289484467357397 ], [ 417654.603011855971999, 4693407.180620479397476 ], [ 417848.718596036662348, 4693205.142348291352391 ], [ 418773.571844898047857, 4693317.336908395402133 ], [ 419156.556037254747935, 4693503.139660568907857 ], [ 419538.660613610525616, 4693699.978060752153397 ], [ 419953.113349996623583, 4693834.475340876728296 ], [ 419959.632134002749808, 4694154.140493175014853 ], [ 419952.356613995856605, 4694510.867277506738901 ], [ 420256.555270279175602, 4694803.139405779540539 ], [ 420444.470534454216249, 4695574.013774497434497 ], [ 421349.378311297041364, 4696651.980623501352966 ], [ 421361.682695308350958, 4697254.1407520622015 ], [ 421350.64704729814548, 4697794.143056564964354 ], [ 421554.554119488107972, 4698105.142096854746342 ], [ 421842.981127756764181, 4698530.642769251018763 ], [ 421561.829639494768344, 4699397.024594057351351 ], [ 420751.208710739971139, 4700077.517650691792369 ], [ 420056.555782092851587, 4700532.949843116104603 ], [ 420172.131590200704522, 4700736.013139304704964 ], [ 420599.085318598314188, 4701365.896019890904427 ], [ 420456.555782465380616, 4701805.141844300553203 ], [ 420354.554118370520882, 4702003.139412485063076 ], [ 420160.437510189716704, 4702799.404885226860642 ], [ 419856.555269906646572, 4703247.720277643762529 ], [ 420381.360390395508148, 4703930.019670279696584 ], [ 421637.757191565469839, 4704539.565910846926272 ], [ 421783.04538370098453, 4705106.545495375059545 ], [ 421746.96064766717609, 4706875.491161022335291 ], [ 421860.364551772945561, 4707318.044505435042083 ], [ 421848.547591761802323, 4707897.707353974692523 ], [ 422263.953672148869373, 4708179.299162236973643 ], [ 423754.553609537077136, 4708311.855962360277772 ], [ 423656.555785445612855, 4708505.142106540501118 ], [ 423131.115784956258722, 4709156.06921114679426 ], [ 423158.606088982080109, 4710503.921500401571393 ], [ 422556.555528421304189, 4710861.31900473497808 ], [ 422812.244232659344561, 4710975.661916840821505 ], [ 424022.913289786898531, 4710727.688028610311449 ], [ 424336.438538079033606, 4711373.9159972127527 ], [ 424888.342794592841528, 4711194.826589045114815 ], [ 425838.90458747826051, 4710705.141596589237452 ], [ 426446.155020043835975, 4710847.634268721565604 ], [ 426605.505804192158394, 4711938.137949737720191 ], [ 426383.972619985812344, 4713525.01539121568203 ], [ 426156.555531774065457, 4714189.456223834306002 ], [ 426444.299532042001374, 4714502.895456125959754 ], [ 426650.818828234332614, 4714507.107168130576611 ], [ 427442.19982097146567, 4714236.233567877672613 ], [ 427972.449549465323798, 4714408.303456038236618 ], [ 428722.767118163988926, 4714794.826592397876084 ], [ 429171.277070581796579, 4714940.371808533556759 ], [ 429412.903182806796394, 4715684.9273292273283 ], [ 429757.557007127790712, 4715852.139361383393407 ], [ 430396.59444772277493, 4716181.350241689011455 ], [ 431394.177296651876532, 4715505.14160105958581 ], [ 431829.651729057426564, 4715743.081313281320035 ], [ 432563.904785741236992, 4716669.20432214345783 ], [ 433503.552786616492085, 4717306.1425627367571 ], [ 433956.556051038322039, 4717603.13942701369524 ], [ 434520.007955563138239, 4717985.085283368825912 ], [ 435936.194836882059462, 4718807.460708135738969 ], [ 438089.930006887880154, 4720322.402149545960128 ], [ 438654.553367413696833, 4720705.141605902463198 ], [ 440024.329496689490043, 4720816.818022007122636 ], [ 440156.555544812581502, 4721203.139430366456509 ], [ 440260.632856909534894, 4722267.281255356967449 ], [ 441175.744793761637993, 4722445.93136752396822 ], [ 441548.548378108884208, 4723594.814312594011426 ], [ 441745.422618292388506, 4723799.721832784824073 ], [ 442283.948314793757163, 4724119.393129082396626 ], [ 442844.909851316246204, 4724703.255401626229286 ], [ 444048.084252436761744, 4724938.14359384495765 ], [ 444556.55554891040083, 4725103.139689998701215 ], [ 445454.55337374669034, 4725905.141610745340586 ], [ 446135.75503838120494, 4726468.667243270203471 ], [ 446346.399006577325054, 4726877.536107650958002 ], [ 446056.555806307471357, 4727905.141612607985735 ], [ 445954.554142212378792, 4728203.139948885887861 ], [ 445770.545438041095622, 4728770.162541413679719 ], [ 445656.555805934942327, 4729005.141869632527232 ], [ 445154.554141467320733, 4729603.139438189566135 ], [ 444740.320541081600823, 4730300.96062283962965 ], [ 443754.260764163103886, 4730860.000111360102892 ], [ 442940.906779405777343, 4732027.596656447276473 ], [ 441680.285978231695481, 4733489.248113809153438 ], [ 441505.603866068995558, 4734342.141810603439808 ], [ 441654.553882207605056, 4735105.141619313508272 ], [ 441756.555546302697621, 4735403.139955591410398 ], [ 442130.848026651307009, 4736556.587892665527761 ], [ 442675.916059158858843, 4737543.820149584673345 ], [ 443761.975580170401372, 4739102.908279037103057 ], [ 444154.553628536057658, 4739305.142135225236416 ], [ 445051.404573371284641, 4739451.137911360710859 ], [ 445067.737373386393301, 4740250.595192105509341 ], [ 444856.555805189884268, 4741281.612665065564215 ], [ 445354.553629653644748, 4741705.142137460410595 ], [ 445831.214366097585298, 4741859.817337604239583 ], [ 446058.557726309285499, 4742301.137786015868187 ], [ 446344.543518575490452, 4742890.652538564056158 ], [ 446548.547870765556581, 4743102.974842762574553 ], [ 447240.027423409628682, 4743117.092730775475502 ], [ 447650.55004779191222, 4742722.671482408419251 ], [ 447756.555551890633069, 4742205.141881925985217 ], [ 447901.550880025723018, 4741018.508152821101248 ], [ 448149.426464256481268, 4740507.577208344824612 ], [ 448454.553888540598564, 4740403.139448247849941 ], [ 449256.555809287703596, 4740305.14162415638566 ], [ 449965.124897947418503, 4739940.121463816612959 ], [ 450764.319010691833682, 4739784.102775671519339 ], [ 450738.660642668022774, 4738526.583670499734581 ], [ 451333.703971222159453, 4737648.763765682466328 ], [ 451856.55529970896896, 4736505.142132617533207 ], [ 451979.212067823274992, 4735876.785012032836676 ], [ 452640.710948439431377, 4734513.302386762574315 ], [ 453343.494437093962915, 4734151.260018425062299 ], [ 453800.281381519162096, 4734372.873074632138014 ], [ 454477.747494150302373, 4734817.037171045318246 ], [ 454763.147558415890671, 4735114.089331321418285 ], [ 455356.555558968684636, 4735503.139699684455991 ], [ 456379.626791921560653, 4736403.139444522559643 ], [ 457354.944808829692192, 4736294.142836420796812 ], [ 457572.010281032067724, 4735660.012403830885887 ], [ 457550.672169012133963, 4734614.504306856542826 ], [ 457660.99895311484579, 4734292.183922556228936 ], [ 457873.06013731227722, 4732989.498225343413651 ], [ 458254.553385667619295, 4732203.13995261117816 ], [ 458454.700329854036681, 4731814.61489624902606 ], [ 458594.471209984156303, 4731098.641263581812382 ], [ 459156.556074507650919, 4730205.141870750114322 ], [ 459497.473322825157084, 4729630.831470215693116 ], [ 459954.676011250936426, 4729409.023854008875787 ], [ 460096.154923382797278, 4729117.373293736949563 ], [ 460700.549419945687987, 4728970.034029599279165 ], [ 461252.869420460076071, 4728285.829996962100267 ], [ 461257.605420464533381, 4728054.140780746936798 ], [ 461242.615084450575523, 4727319.656300062313676 ], [ 461441.028396635199897, 4727113.143147870898247 ], [ 461852.551469018566422, 4726901.138283672742546 ], [ 462846.399789944174699, 4726418.978667223826051 ], [ 463039.441198123968206, 4726044.265322875231504 ], [ 463062.683950145612471, 4724905.129833813756704 ], [ 462748.864813853171654, 4724803.292009718716145 ], [ 462556.555565674207173, 4724603.139945533126593 ], [ 462256.800045394920744, 4724315.138921264559031 ], [ 462252.625197391142137, 4724111.117161074653268 ], [ 462468.445485592237674, 4723781.948264768347144 ], [ 462807.556397908017971, 4723456.143208464607596 ], [ 462997.058862084406428, 4722485.397351561114192 ], [ 463599.719726645736955, 4721672.408934803679585 ], [ 464712.390959682059474, 4721455.197030601091683 ], [ 464954.55364790756721, 4721203.139430366456509 ], [ 465726.551344626466744, 4720952.627046133391559 ], [ 466428.162353279883973, 4720492.629861705005169 ], [ 466559.705393402487971, 4720087.246693327091634 ], [ 466851.404081674176268, 4719521.035108800046146 ], [ 466959.705393775017001, 4719187.245924488641322 ], [ 467356.823858144809492, 4718416.384867770597339 ], [ 467353.211186141357757, 4718239.321955606341362 ], [ 467459.436850240337662, 4717153.114978594705462 ], [ 468103.968050840659998, 4717485.146978903561831 ], [ 468740.857139433850534, 4717703.140195107087493 ], [ 469065.174323735875078, 4717428.42045085132122 ], [ 469454.553396098432131, 4716903.140194362029433 ], [ 469918.738740530679934, 4716598.806370078586042 ], [ 470126.062900723773055, 4715536.88048108946532 ], [ 470450.745653026155196, 4715198.941024774685502 ], [ 470756.506933310884051, 4715205.178208780474961 ], [ 471054.55339758854825, 4715003.139936592429876 ], [ 472454.553910892340355, 4714888.991584485396743 ], [ 472356.556086801108904, 4714403.139424033463001 ], [ 472027.966774495202117, 4713534.890847224742174 ], [ 472301.550902749993838, 4713250.136926959268749 ], [ 472607.556919034919702, 4712956.142430685460567 ], [ 472759.900471176835708, 4712797.573982537724078 ], [ 473156.556087546166964, 4712605.141854358837008 ], [ 473815.783736160141416, 4712205.374301986768842 ], [ 475569.788217793800868, 4712104.373085892759264 ], [ 476343.396666514105164, 4711705.861981521360576 ], [ 476756.556090898928232, 4711605.142365427687764 ], [ 477253.211451361537911, 4711477.859165308997035 ], [ 477718.078779794392176, 4712436.062046201899648 ], [ 478403.381564432638697, 4713285.036894991993904 ], [ 478709.119292717543431, 4714539.138912159949541 ], [ 479054.553405039128847, 4715005.141856594011188 ], [ 479556.556093506631441, 4715603.139425151050091 ], [ 480041.565501958481036, 4716602.834786081686616 ], [ 480254.480702156783082, 4716607.180642086081207 ], [ 480262.708542164298706, 4716204.140385710634291 ], [ 480251.452734153834172, 4715653.163873197510839 ], [ 480653.431102528120391, 4715458.145121015608311 ], [ 480656.579902531229891, 4715304.140640872530639 ], [ 480646.594878521864302, 4714815.492960417643189 ], [ 481032.507710881181993, 4714413.833056043833494 ], [ 481357.629759183968417, 4714256.106335896998644 ], [ 481347.399999174638651, 4713755.11740742996335 ], [ 481935.413567722192965, 4713469.851487164385617 ], [ 481461.828927281196229, 4709110.9282191041857 ], [ 481067.444542913814075, 4708529.11599456332624 ], [ 480955.847998809884302, 4706590.689112757332623 ], [ 479761.462589697563089, 4705443.142487688921392 ], [ 479750.769981687539257, 4704919.802711201831698 ], [ 479954.554173877346329, 4704403.139414720237255 ], [ 480056.555837972438894, 4704205.141846535727382 ], [ 480224.0361581282923, 4703859.902294213883579 ], [ 480726.940990596660413, 4703012.722517425194383 ], [ 481367.762239193427376, 4702848.501589272171259 ], [ 482254.553408019361086, 4703105.141589511185884 ], [ 483056.555328766233288, 4703203.139413602650166 ], [ 483653.479745322314557, 4703356.11886974517256 ], [ 483658.606913327123038, 4703104.141141510568559 ], [ 483650.476353319478221, 4702705.141589138656855 ], [ 484236.315969865012448, 4702892.714837313629687 ], [ 484790.345026381022763, 4703178.127189579419792 ], [ 485148.718402714817785, 4702805.142357232049108 ], [ 485456.555331001407467, 4702903.140181323513389 ], [ 485918.494019431702327, 4703061.258069470524788 ], [ 486078.455107580753975, 4702405.142356859520078 ], [ 486256.555331746465527, 4702603.139925044029951 ], [ 486459.681091935723089, 4703021.828949433751404 ], [ 486931.580228375154547, 4703475.222357856109738 ], [ 487081.604420514893718, 4704243.752790572121739 ], [ 487738.416453126759734, 4703905.398614256642759 ], [ 488651.916613977286033, 4703777.871702138334513 ], [ 489740.857670991565101, 4703405.141845790669322 ], [ 490780.457287959696259, 4703856.997206211090088 ], [ 491358.874952498532366, 4704207.75407053809613 ], [ 493356.555594358942471, 4704403.139414720237255 ], [ 493776.81953075027559, 4704510.854998820461333 ], [ 494355.750219289562665, 4704499.038038809783757 ], [ 494454.553931381436996, 4705005.141847280785441 ], [ 495054.553419940290041, 4705581.606743818148971 ], [ 494953.211211845860817, 4705916.201816129498184 ], [ 494637.610315552097745, 4706219.43586441129446 ], [ 496068.933964884956367, 4706606.484312771819532 ], [ 496644.788557421299629, 4706903.140185048803687 ], [ 497432.043854154529981, 4706538.82146470900625 ], [ 497765.24731046485249, 4706192.01928838621825 ], [ 498356.556111015495844, 4705905.141592118889093 ], [ 498959.583567577064969, 4705447.561047692783177 ], [ 499870.300496425363235, 4705625.344855858013034 ], [ 500054.553936596843414, 4706005.142360212281346 ], [ 501553.796433993324172, 4706168.032088363543153 ], [ 501560.657233999692835, 4706504.140632676891983 ], [ 501546.961233986949082, 4707175.491417301818728 ], [ 501658.484050090773962, 4707610.659673707559705 ], [ 501653.504338086000644, 4707854.141273934394121 ], [ 501656.580434088944457, 4708004.14089007396251 ], [ 501651.47784208424855, 4708254.141274306923151 ], [ 501660.437842092593201, 4708693.777242716401815 ], [ 501529.847121970844455, 4709075.344219071790576 ], [ 501946.912082359369379, 4709509.414747475646436 ], [ 502426.355026805889793, 4709499.63657146692276 ], [ 503070.300499405595474, 4709625.344859583303332 ], [ 503302.088019621442072, 4710103.140188029035926 ], [ 503803.283796088187955, 4709964.577627899125218 ], [ 504656.555348882800899, 4709405.14185137860477 ], [ 505134.509397328016348, 4709081.167707077227533 ], [ 506013.953366147004999, 4708866.762586876749992 ], [ 506176.062806298141368, 4707871.035225950181484 ], [ 506866.761046941275708, 4707702.65173779334873 ], [ 506853.284182928910013, 4707042.641753178089857 ], [ 507716.589911732764449, 4705769.033559991978109 ], [ 507949.890903950086795, 4704812.075863100588322 ], [ 508054.553944047424011, 4704703.139670999720693 ], [ 508556.555608515103813, 4704305.141590628772974 ], [ 509057.068376981129404, 4703901.113174252212048 ], [ 509625.086297510075383, 4703912.697686263360083 ], [ 510107.557209959602915, 4703756.142422117292881 ], [ 510794.88546659972053, 4703520.876373898237944 ], [ 511847.571803579921834, 4703862.478678217157722 ], [ 511857.605979589454364, 4704354.141014674678445 ], [ 511849.450843581813388, 4704753.103703046217561 ], [ 512560.633180244069081, 4705280.288599536754191 ], [ 513362.585948991007172, 4706210.122584402561188 ], [ 513352.429916981549468, 4706706.997080866247416 ], [ 514234.436957802972756, 4707799.624537883326411 ], [ 514374.866269933874719, 4709092.165467087179422 ], [ 515056.555358568555675, 4709203.139419190585613 ], [ 515540.393311019171961, 4709570.278235532343388 ], [ 516954.456416336237453, 4709800.478555746376514 ], [ 516962.365792343509383, 4710188.14959610812366 ], [ 516780.799328174558468, 4710718.618460602127016 ], [ 517407.556960758171044, 4711752.138589564710855 ], [ 517612.634464949253015, 4712384.14627015311271 ], [ 518354.554209640133195, 4712705.141598451882601 ], [ 518868.396386118780356, 4712907.814750640653074 ], [ 519454.553442664560862, 4713305.142111010849476 ], [ 520454.553955595882144, 4713857.241951525211334 ], [ 520304.895331456442364, 4714999.379808588884771 ], [ 520107.556195272714831, 4715406.143328967504203 ], [ 519656.555874852812849, 4716281.607009783387184 ], [ 519766.492514955054503, 4716756.740962225012481 ], [ 520240.17341139621567, 4717000.771426452323794 ], [ 520721.863011844863649, 4717010.598754461854696 ], [ 521153.552740246872418, 4716352.139105848968029 ], [ 521689.90550874650944, 4715560.903521111235023 ], [ 522154.553701179218479, 4714603.139936219900846 ], [ 522256.555365274078213, 4714405.142368035390973 ], [ 522354.554213365423493, 4713803.139935474842787 ], [ 522527.772005526698194, 4712787.673950528725982 ], [ 522701.9656696888851, 4710473.403228373266757 ], [ 522854.553957830998115, 4710003.139419935643673 ], [ 522956.55562192609068, 4709805.1418517511338 ], [ 523309.998438255337533, 4709076.61397907231003 ], [ 523748.743526663980447, 4708353.115994399413466 ], [ 523888.294246793841012, 4707495.962457600980997 ], [ 524465.564007331617177, 4706644.338520807214081 ], [ 524407.752039277576841, 4703811.856214169412851 ], [ 524710.681959559791721, 4703187.441493587568402 ], [ 525340.857704146648757, 4703403.139925789088011 ], [ 525638.025576423620805, 4703151.406933554448187 ], [ 525756.555624533793889, 4702805.142357232049108 ], [ 525900.062056667520665, 4701191.28661172837019 ], [ 526345.617769082426094, 4700511.73358709551394 ], [ 526846.692713549011387, 4700030.301010647788644 ], [ 527056.555369744542986, 4699305.142097972333431 ], [ 527304.139113975106739, 4698289.565521026030183 ], [ 528169.739626781200059, 4696895.571791728027165 ], [ 528893.177195455064066, 4696660.805455509573221 ], [ 529256.555883793509565, 4695405.141838340088725 ], [ 529372.180843901005574, 4694104.958797128871083 ], [ 529756.555628259084187, 4692605.141835732385516 ], [ 529854.553452350315638, 4692103.140171265229583 ], [ 530154.553708629799075, 4691066.50708229932934 ], [ 530028.772716512554325, 4690343.374665625393391 ], [ 529755.823468258487992, 4690202.773321494460106 ], [ 528863.196523427264765, 4690461.098825735971332 ], [ 528182.557034793309867, 4690110.476105408743024 ], [ 527454.553450115141459, 4689905.1415772177279 ], [ 527113.3187617972726, 4689673.831241002306342 ], [ 526013.221224772976711, 4689197.866824558936059 ], [ 525575.305576365091838, 4689206.802248567342758 ], [ 525054.55344787996728, 4689105.14157647266984 ], [ 524072.595814965548925, 4687918.11770336702466 ], [ 523178.333542132633738, 4687274.965830768458545 ], [ 521683.972452741058078, 4686505.142086051404476 ], [ 521192.566116283356678, 4686651.333446187898517 ], [ 520322.034019472426735, 4687557.400391031056643 ], [ 519664.466274860256817, 4688003.139399446547031 ], [ 518914.759010161913466, 4687859.048263312317431 ], [ 517395.642720747157, 4686399.526725953444839 ], [ 516959.143264340586029, 4685323.379524950869381 ], [ 516833.41142422350822, 4684339.651396034285426 ], [ 516869.738848257286008, 4682558.98707437608391 ], [ 516656.555360058671795, 4681803.139905672520399 ], [ 516389.490015810006298, 4681022.927680945955217 ], [ 515956.556127406773157, 4679448.830783479847014 ], [ 516054.553951498004608, 4678103.140158226713538 ], [ 516160.242015596595593, 4677483.559741649776697 ], [ 516150.745439587743022, 4677018.044221215881407 ], [ 516273.596767702023499, 4676538.6135647688061 ], [ 516241.272159671992995, 4674954.140475293621421 ], [ 516261.682527691009454, 4673954.140986362472177 ], [ 516236.169567667297088, 4672704.141113198362291 ], [ 516269.592927698395215, 4671066.787639673799276 ], [ 516142.932319580460899, 4670547.305271189659834 ], [ 515456.555358941142913, 4669214.907189948484302 ], [ 515692.004703160491772, 4669081.997109824791551 ], [ 516252.112223682110198, 4668810.268469572067261 ], [ 516391.12636781152105, 4668404.140853193588555 ], [ 516171.595103607221972, 4667762.734900595620275 ], [ 516815.295840206672437, 4667326.394164189696312 ], [ 517252.552032613777556, 4667101.137715980410576 ], [ 518054.553953360649757, 4666840.884019738063216 ], [ 517956.556129269418307, 4666603.139891516417265 ], [ 516860.364128248707857, 4665390.297906386666 ], [ 516854.504800243244972, 4665103.237938119098544 ], [ 517170.959712537820451, 4664323.098417392931879 ], [ 517056.555360431200825, 4662803.140399977564812 ], [ 516854.236512242932804, 4662104.055599326267838 ], [ 516956.55561633821344, 4661805.141807047650218 ], [ 517056.408928431221284, 4661293.667118571698666 ], [ 517313.367392670479603, 4660794.851118106395006 ], [ 517056.555360431200825, 4660403.140397742390633 ], [ 516456.751455872668885, 4659612.673837006092072 ], [ 516437.757279855082743, 4658682.229548139497638 ], [ 516606.287200011895038, 4657990.969131495803595 ], [ 517054.187872429029085, 4657121.51121068559587 ], [ 517061.682528436067514, 4656754.140970343723893 ], [ 517038.196064414107241, 4655604.1408412726596 ], [ 517058.435424432973377, 4654613.137192349880934 ], [ 516956.55561633821344, 4654403.140392154455185 ], [ 516656.555360058671795, 4653820.791591611690819 ], [ 516754.554208150075283, 4652203.13987810537219 ], [ 517351.673184706014581, 4651044.021029025316238 ], [ 517362.707808716339059, 4650504.140580522827804 ], [ 517343.958368698949926, 4649586.025251667946577 ], [ 517522.449760865070857, 4648189.528866367414594 ], [ 517256.555872617696878, 4646630.593312915414572 ], [ 517397.791072749183513, 4645726.235424073413014 ], [ 517633.704288968699984, 4645239.993119619786739 ], [ 518044.641633351449855, 4644613.223199035972357 ], [ 518462.122337740263902, 4644330.227486772462726 ], [ 520174.817635335377418, 4643384.634141892194748 ], [ 520956.555620063445531, 4642805.142301352694631 ], [ 522154.553701179218479, 4641703.140124326571822 ], [ 523056.555366019136272, 4641205.142299862578511 ], [ 524162.293095049099065, 4640232.411930955946445 ], [ 525317.004648124449886, 4639898.257178645581007 ], [ 526539.344233262701891, 4639923.195674668997526 ], [ 526909.118825607234612, 4639435.854618214070797 ], [ 527056.555369744542986, 4639005.141785813495517 ], [ 527281.213801953825168, 4638083.547928955405951 ], [ 527817.737578453379683, 4637525.137176435440779 ], [ 528153.55325876607094, 4637352.138520274311304 ], [ 529230.237035768921487, 4636829.787927787750959 ], [ 530606.213485050364397, 4635321.987862383015454 ], [ 531108.045165517716669, 4634581.643029693514109 ], [ 531839.563118199119344, 4633161.67246837168932 ], [ 532054.553966399282217, 4632322.744083589874208 ], [ 531932.752238285844214, 4631676.93185898847878 ], [ 531457.556845843209885, 4630952.138514313846827 ], [ 531043.103085457347333, 4630340.725521744228899 ], [ 530256.555372724775225, 4629090.395920579321682 ], [ 530368.982380829402246, 4624975.00238074734807 ], [ 530565.808493012678809, 4624368.484108181670308 ], [ 531145.666925552999601, 4622938.930954851210117 ], [ 531178.016109582851641, 4621353.506569374352694 ], [ 530872.546669298433699, 4620723.879688788205385 ], [ 530609.558893053559586, 4620450.136840532533824 ], [ 529703.333228209521621, 4619579.446023722179234 ], [ 528654.553451232728548, 4618405.14227862842381 ], [ 527972.107626597280614, 4617443.130117732100189 ], [ 526739.563881449284963, 4615996.230404384434223 ], [ 525108.509031930356286, 4614627.04102711006999 ], [ 524078.479718970949762, 4614209.219330720603466 ], [ 523129.480550087231677, 4614047.353602569550276 ], [ 521402.186084478511475, 4614258.413314766250551 ], [ 520354.554211502778344, 4614703.139587180688977 ], [ 519442.199906653142534, 4615173.13510761782527 ], [ 518801.135970055940561, 4615392.569091822952032 ], [ 517876.258145194675308, 4615653.433092065155506 ], [ 516258.557279688189737, 4616207.143684580922127 ], [ 515085.218142595258541, 4616587.905796935781837 ], [ 513585.046877198270522, 4617196.401413502171636 ], [ 512601.380188281997107, 4617216.469765521585941 ], [ 511276.721499048348051, 4616822.500101154670119 ], [ 509144.17800906219054, 4614773.598979245871305 ], [ 507656.555863676941954, 4612603.139841224998236 ], [ 506978.553175045293756, 4611763.223296443000436 ], [ 506256.555350372917019, 4609791.201022606343031 ], [ 506354.554198464262299, 4608703.13958159275353 ], [ 506538.56290263554547, 4608165.566205091774464 ], [ 506754.113878836273216, 4607324.453628309071064 ], [ 506762.170710843871348, 4606930.508539941161871 ], [ 506559.36341465509031, 4605940.346619019284844 ], [ 506536.633686633955222, 4604827.456249983049929 ], [ 506699.060566785163246, 4603829.77612105384469 ], [ 507322.546519365743734, 4602544.619255857542157 ], [ 507986.413911983952858, 4601853.652727213688195 ], [ 508608.532824563444592, 4601392.470774783752859 ], [ 509054.553432978806086, 4600526.674677977338433 ], [ 508826.282328766188584, 4600006.020853492431343 ], [ 508005.921112002222799, 4598795.766516365110874 ], [ 507756.555607769987546, 4597822.744307459332049 ], [ 507909.045591911883093, 4596703.091442416422069 ], [ 508332.556632306310348, 4595830.117105603218079 ], [ 508999.572824927628972, 4595135.87889695726335 ], [ 509944.543577807606198, 4594516.323056380264461 ], [ 510503.430490328115411, 4593779.775215693749487 ], [ 510810.193242613808252, 4592719.814382706768811 ], [ 510566.565210387052502, 4592217.641710239462554 ], [ 510456.555866284645163, 4592103.140078132972121 ], [ 509809.143129681644496, 4591589.85905365459621 ], [ 509436.756313334801234, 4590975.771373082883656 ], [ 509475.965273371373769, 4589054.141163293272257 ], [ 509452.967257349868305, 4587927.188202243298292 ], [ 509554.554201444494538, 4587303.140073662623763 ], [ 509754.553689630876761, 4586130.581224570050836 ], [ 509569.910105458809994, 4585325.210343820042908 ], [ 508990.344536919030361, 4584721.987303258851171 ], [ 508056.702296049450524, 4584109.853414688259363 ], [ 508042.883416036725976, 4583433.316070058383048 ], [ 508252.551512231933884, 4583001.137893655337393 ], [ 509050.184024974820204, 4581824.428772559389472 ], [ 509156.556121073837858, 4581305.141988076269627 ], [ 509292.151129200065043, 4580472.158947300165892 ], [ 509541.028185431961901, 4580213.149411058984697 ], [ 509921.497433786222246, 4580017.129186876118183 ], [ 510514.514266338548623, 4579814.150882687419653 ], [ 511255.554395028739236, 4579799.038690673187375 ], [ 511555.554651307989843, 4579805.166306679137051 ], [ 512105.554267820320092, 4579793.936098668724298 ], [ 512923.816284582368098, 4579810.635490683838725 ], [ 513627.234653237392195, 4579639.150306524708867 ], [ 514107.557213684893213, 4579006.143201935105026 ], [ 514360.999261920922436, 4578483.731169448234141 ], [ 514956.555614475510083, 4577605.142240630462766 ], [ 515054.553438566741534, 4577403.139808442443609 ], [ 515250.061662748805247, 4577023.647456089034677 ], [ 515272.473950769635849, 4575924.624095065519214 ], [ 514056.555869637464639, 4574603.1398058347404 ], [ 512658.387292335159145, 4573093.325532427988946 ], [ 512639.954268318018876, 4572190.126811587251723 ], [ 512794.153308461594861, 4571400.331994852051139 ], [ 513227.282780865090899, 4570739.688154236413538 ], [ 513544.861021160730161, 4570409.146073928102851 ], [ 513854.553437449154444, 4570303.139545829966664 ], [ 515781.580127243767492, 4569893.544665448367596 ], [ 516322.326879747561179, 4569223.647960824891925 ], [ 516456.55587187258061, 4568305.141463968902826 ], [ 516572.570975980604999, 4567474.063063194975257 ], [ 516970.544480351149105, 4566158.877397970296443 ], [ 517356.555616710684262, 4563605.142227591946721 ], [ 517490.564448835502844, 4562508.535506570711732 ], [ 517844.54384116519941, 4561417.641681554727256 ], [ 518199.549281495797914, 4561048.135377210564911 ], [ 518556.555617828271352, 4560705.141456890851259 ], [ 519078.552930314443074, 4559825.795792072080076 ], [ 519699.133794892521109, 4559405.141711680218577 ], [ 520353.088867501472123, 4559520.107215787284076 ], [ 521356.555620435974561, 4559803.139792051166296 ], [ 522413.51408542029094, 4560203.139792423695326 ], [ 522937.317733908188529, 4560053.505744284018874 ], [ 523056.555366019136272, 4559705.141967959702015 ], [ 523301.819750247639604, 4558448.769742789678276 ], [ 523854.55344676238019, 4557703.140046095475554 ], [ 524408.313191278022714, 4557017.128653456456959 ], [ 524754.554215600597672, 4556163.540684660896659 ], [ 524656.555367509252392, 4555903.13953241892159 ], [ 524160.462183047202416, 4554794.96161138638854 ], [ 524146.741607034462504, 4554122.402506760321558 ], [ 524550.476135410601273, 4553127.065289833582938 ], [ 524675.794279527268372, 4552392.30023314896971 ], [ 524549.914983410038985, 4551875.893960667774081 ], [ 524354.554215228068642, 4551305.141960136592388 ], [ 524256.555367136723362, 4551003.139783855527639 ], [ 524054.553958948585205, 4550705.141447577625513 ], [ 523856.55536676425254, 4550403.140295296907425 ], [ 522612.342117605614476, 4549050.527430037036538 ], [ 522254.553445272264071, 4548105.141957156360149 ], [ 522156.555621181090828, 4547703.140036782249808 ], [ 521965.857125003472902, 4546959.048388089053333 ], [ 521950.940516989561729, 4546228.16429140791297 ], [ 522200.696165222092532, 4545203.676866454072297 ], [ 522654.553445644793101, 4544403.140289708971977 ], [ 522986.268005953752436, 4543856.167617199011147 ], [ 523254.553958203527145, 4543303.14003268443048 ], [ 523448.547686384175904, 4542926.552768332883716 ], [ 523744.544102660031058, 4541771.572927257977426 ], [ 524054.553958948585205, 4539650.21049328148365 ], [ 523956.556134857353754, 4538803.140284493565559 ], [ 523789.734246702049859, 4538642.861756343394518 ], [ 523954.55421485559782, 4538303.139516027644277 ], [ 524694.617447544704191, 4537445.082811227999628 ], [ 525233.582440046709962, 4536334.097082193940878 ], [ 525871.644008641131222, 4535529.311929443851113 ], [ 527083.020649769343436, 4534497.402552483603358 ], [ 527613.221226262976415, 4533798.672055832110345 ], [ 528045.422954665496945, 4532799.722166901454329 ], [ 527611.560298261465505, 4532348.135094481520355 ], [ 526941.639017637586221, 4531704.507061881944537 ], [ 526180.945256929146126, 4530798.330549038015306 ], [ 526029.944168788497336, 4530209.097396489232779 ], [ 526071.008616826613434, 4528196.743858614936471 ], [ 525856.555368626955897, 4527003.139761503785849 ], [ 525635.437928421073593, 4526140.322480699978769 ], [ 525658.557800442562439, 4525007.021743644028902 ], [ 525503.55287229816895, 4524706.142895364202559 ], [ 525278.162280088174157, 4524241.542830931022763 ], [ 524156.555623043735977, 4523410.097838156856596 ], [ 524286.878055164939724, 4522868.935341653414071 ], [ 524854.553959693643264, 4522103.140012940391898 ], [ 525523.938664317247458, 4521273.916076167486608 ], [ 526422.010217153700069, 4519198.256810234859586 ], [ 526703.992169416160323, 4518374.404777467250824 ], [ 526854.553961556404829, 4517603.140264749526978 ], [ 527054.553449742612429, 4516626.675367839634418 ], [ 526894.177641593385488, 4513969.912485364824533 ], [ 526660.022633375250734, 4511814.565539358183742 ], [ 526354.554217090713792, 4510805.142178418114781 ], [ 526256.360808999161236, 4510302.13904194906354 ], [ 525316.346216124016792, 4510827.627170438878238 ], [ 524954.553703786921687, 4511003.139746602624655 ], [ 524566.809959425707348, 4511202.895522788167 ], [ 524069.886310962901916, 4511213.028002797625959 ], [ 523654.553958576114383, 4510905.141922511160374 ], [ 523013.342565979051869, 4510418.594466057606041 ], [ 522159.143269183463417, 4510401.16189004201442 ], [ 521277.64925236243289, 4510782.534306396730244 ], [ 520854.553955968352966, 4510505.141922138631344 ], [ 520356.556131504592486, 4510103.140001764521003 ], [ 519854.553443037148099, 4509705.141921393573284 ], [ 519356.555618573329411, 4509303.140001019462943 ], [ 518969.055586212431081, 4509115.152032843790948 ], [ 518419.812705700867809, 4508587.441824352368712 ], [ 517851.111777171434369, 4507870.131871684454381 ], [ 516894.470496280235238, 4507067.08035093639046 ], [ 516354.554207777488045, 4506805.142174692824483 ], [ 515970.984287420171313, 4506607.534750508144498 ], [ 515084.754270594974514, 4506478.041758388280869 ], [ 514954.553694473695941, 4506603.139742504805326 ], [ 514575.403358120645862, 4507181.435551043599844 ], [ 514456.555870009935461, 4507305.141919158399105 ], [ 514054.553949635359459, 4507603.140255436301231 ], [ 513165.857116807834245, 4508277.481120063923299 ], [ 512136.097115848795511, 4507924.990623735822737 ], [ 511505.554779261467047, 4508054.140575855970383 ] ] ] ] } },
{ "type": "Feature", "properties": { "ID": 3.0, "GRIDCODE": 4.0, "Shape_Leng": 437236.30457099999, "Name": "Weber", "Shape_Le_1": 437236.30457099999, "Shape_Area": 6412603224.039999 }, "geometry": { "type": "MultiPolygon", "coordinates": [ [ [ [ 420605.55495060433168, 4532254.141110394150019 ], [ 420679.065862672752701, 4532480.630454604513943 ], [ 421056.555271024233662, 4533103.139511184766889 ], [ 421441.931527383276261, 4533752.309431789442897 ], [ 421554.554119488107972, 4534143.545016153715551 ], [ 421150.403847111738287, 4534810.000056774355471 ], [ 420956.555526931188069, 4535605.142201514914632 ], [ 420844.909830827149563, 4536040.786617920733988 ], [ 420441.516294451546855, 4537035.268794846720994 ], [ 419903.55277395050507, 4537552.138939328491688 ], [ 419688.171781749813817, 4537776.308923536911607 ], [ 419952.527621996006928, 4538289.418940015137196 ], [ 420054.553862091037445, 4538636.196540337055922 ], [ 418963.733765075099654, 4539254.629052913747728 ], [ 418272.619780431617983, 4539423.110845070332289 ], [ 417769.665795963141136, 4539764.028093388304114 ], [ 417641.198851843480952, 4540946.474686489440501 ], [ 417248.719107478042133, 4541303.140030821785331 ], [ 417052.674307295470499, 4541099.087550630792975 ], [ 416705.554690972086973, 4541106.192062637768686 ], [ 416365.930754655855708, 4541099.258558630943298 ], [ 416050.818306362372823, 4541207.094974732026458 ], [ 415759.656194091192447, 4541201.161918726749718 ], [ 414268.640512702637352, 4541777.822399263270199 ], [ 413716.076800187933259, 4541912.515263388864696 ], [ 412660.510975204757415, 4541890.981567368842661 ], [ 411856.555262456065975, 4542305.141439754515886 ], [ 411546.521854167454876, 4542455.556799894198775 ], [ 410865.101053532795049, 4542104.507071567699313 ], [ 410244.788476955029182, 4542005.142207475379109 ], [ 409844.665596582344733, 4542211.26931166741997 ], [ 409367.688444138155319, 4543194.448576582595706 ], [ 409174.206715958076529, 4543380.337344756349921 ], [ 408275.843323121429421, 4543072.817856469191611 ], [ 407879.358714752015658, 4543485.488832853734493 ], [ 408158.582011012011208, 4544301.211329613812268 ], [ 407881.165050753741525, 4544839.737026114948094 ], [ 407706.165498590678908, 4545914.736323116347194 ], [ 407448.743162351078354, 4546414.419651581905782 ], [ 406654.553337611374445, 4547003.139780130237341 ], [ 406287.244537269347347, 4547498.62368459161371 ], [ 405819.763960834010504, 4549628.334790574386716 ], [ 405514.856696549919434, 4550519.130823404528201 ], [ 405174.573304233024828, 4551021.133511872030795 ], [ 404066.662647201330401, 4551842.422472637146711 ], [ 401770.227957062539645, 4553047.402185758575797 ], [ 398852.551922345184721, 4554101.138122740201652 ], [ 397728.576753298402764, 4554557.046475164592266 ], [ 396698.060016338597052, 4555422.133963970467448 ], [ 396125.940975805860944, 4556143.765196642838418 ], [ 395643.542767356499098, 4557138.051789568737149 ], [ 395363.80644709605258, 4558285.561550637707114 ], [ 395254.993134994641878, 4560841.714385017752647 ], [ 394954.553582714986987, 4562603.139794658869505 ], [ 394856.555758623522706, 4563647.499987631104887 ], [ 395356.555503089330159, 4564803.140308707952499 ], [ 395574.084847291815095, 4565354.677973221056163 ], [ 395854.553327553090639, 4566505.141974292695522 ], [ 396169.61764784657862, 4567425.649367149919271 ], [ 396408.826096069184132, 4570115.493593655526638 ], [ 397756.555505324504338, 4572503.140059879049659 ], [ 397894.543601452955045, 4572928.408284274861217 ], [ 398254.553329788264818, 4574405.142237650230527 ], [ 398762.951922261738218, 4576327.310047440230846 ], [ 398968.543474453152157, 4576726.43043181207031 ], [ 400064.196851473650895, 4577779.116768792271614 ], [ 400566.785267941770144, 4578625.747681580483913 ], [ 401656.555764956516214, 4578803.140321746468544 ], [ 402909.046006123186089, 4579277.138658187352121 ], [ 405063.95365613012109, 4580912.271075710654259 ], [ 405320.00792836851906, 4581440.053988201543689 ], [ 407656.555770544451661, 4583403.139814030379057 ], [ 409554.554108312237076, 4585005.141735522076488 ], [ 410232.996092944056727, 4585566.372584044933319 ], [ 410605.554941291105933, 4585954.14090440608561 ], [ 410791.198973463964649, 4586014.395112462341785 ], [ 412242.688254815642722, 4586603.139817010611296 ], [ 413056.555263573653065, 4586505.141992919147015 ], [ 414093.1770885392325, 4586205.141736639663577 ], [ 414956.555521343252622, 4586303.139560731127858 ], [ 415754.8218900867505, 4586405.165800825692713 ], [ 416354.8951066454174, 4586392.935144814662635 ], [ 416470.496514753089286, 4587103.139561476185918 ], [ 417371.545859592384659, 4587003.481833383440971 ], [ 418121.496836290811189, 4586617.128681023605168 ], [ 418999.842053108732216, 4586316.49456874281168 ], [ 419938.489605982904322, 4586297.353960725478828 ], [ 420156.55552618613001, 4586403.140328824520111 ], [ 420273.693958295159973, 4587003.139817383140326 ], [ 420491.321606497862376, 4586886.514409273862839 ], [ 421756.555527676246129, 4586005.142248453572392 ], [ 422354.554120233166032, 4585503.139559986069798 ], [ 422940.540168778854422, 4585118.96035962831229 ], [ 423836.463369613396935, 4584346.230502908118069 ], [ 424520.861962250783108, 4584112.001766690053046 ], [ 425237.879050918505527, 4584097.353446676395833 ], [ 426870.98394843947608, 4584603.139815147966146 ], [ 427856.555277357227169, 4583705.141990311443806 ], [ 428133.264653615071438, 4583417.128678043372929 ], [ 429020.056846440886147, 4582960.317157617770135 ], [ 429656.555791033781134, 4582805.142245473340154 ], [ 430693.176591999013908, 4582505.141989193856716 ], [ 431556.55604880314786, 4582603.139813285320997 ], [ 432649.036049820599146, 4582762.783461433835328 ], [ 433694.47041879419703, 4582558.706405243836343 ], [ 434493.81198753870558, 4581480.386276239529252 ], [ 435615.247636583051644, 4580629.458659446798265 ], [ 436221.497621147776954, 4580317.129443155601621 ], [ 437133.020437996718101, 4580005.142242865636945 ], [ 437727.820054550538771, 4580185.318115033209324 ], [ 438451.55048722459469, 4580558.14525138027966 ], [ 439095.105815824004821, 4580870.351587671786547 ], [ 439727.405336412950419, 4582173.647588884457946 ], [ 440671.765785292373039, 4583268.617957904934883 ], [ 441254.553881835076027, 4584229.653222799301147 ], [ 441156.556057743844576, 4584905.141991429030895 ], [ 440959.216921560117044, 4585675.18589614611119 ], [ 440946.7896575484192, 4586283.046632712706923 ], [ 441150.623001738335006, 4586703.139561103656888 ], [ 441456.555290023214184, 4586605.141737012192607 ], [ 442268.176666779094376, 4585905.14148036018014 ], [ 442656.555291140801273, 4586003.140328451991081 ], [ 443233.92437967855949, 4586394.521320816129446 ], [ 444144.202012526453473, 4586413.100776833482087 ], [ 444599.109916949993931, 4585976.01559242606163 ], [ 445193.37193350342568, 4584576.137959122657776 ], [ 446235.144478473695926, 4583107.607269754633307 ], [ 447045.032223228015937, 4583091.078885739669204 ], [ 447256.555807425058447, 4583403.139814030379057 ], [ 448007.067936123930849, 4584786.196199318394065 ], [ 448703.870240772957914, 4585024.697063540108502 ], [ 451826.404643681016751, 4585242.983143743127584 ], [ 452156.555555988452397, 4585403.139815893024206 ], [ 452348.718372167437337, 4585603.140328079462051 ], [ 453307.239717060117982, 4585448.599271934479475 ], [ 453660.559653389151208, 4585109.145319619216025 ], [ 454336.560422018752433, 4584405.556966964155436 ], [ 455186.97603881068062, 4584388.198118947446346 ], [ 455654.553895246121101, 4584705.14147924259305 ], [ 455856.555303434259258, 4584803.140327334403992 ], [ 456445.05629598244559, 4585202.066151705570519 ], [ 456766.052648281329311, 4585306.216167801991105 ], [ 457375.525160848977976, 4585719.351016187109053 ], [ 458218.689833634183742, 4584530.801383079960942 ], [ 458585.388329975656234, 4584282.241766848601401 ], [ 459535.828266860800795, 4583821.133542419411242 ], [ 460054.139179343706928, 4583323.134693956002593 ], [ 460060.120363349211402, 4583030.947557683102787 ], [ 459936.780587234417908, 4582066.0794607847929 ], [ 460187.561259467969649, 4581293.276900065131485 ], [ 460873.669932106859051, 4580579.164899399504066 ], [ 461966.809389124973677, 4579602.895586490631104 ], [ 462521.496877641533501, 4579317.128930224105716 ], [ 463110.803758190362714, 4579115.444962036795914 ], [ 464054.553903069230728, 4578903.140065839514136 ], [ 464656.555311629897915, 4578805.142241748049855 ], [ 465204.432176140253432, 4578692.934369643218815 ], [ 465874.67089676449541, 4578856.3135697953403 ], [ 466865.808689687517472, 4579656.387298541143537 ], [ 467732.04408249433618, 4580102.651618956588209 ], [ 468443.103539156378247, 4580117.15350697003305 ], [ 469564.611892200889997, 4579115.542242037132382 ], [ 471260.730677780578844, 4579004.873441933654249 ], [ 471639.025974132935517, 4578611.147489567287266 ], [ 471954.554166426765732, 4578503.140065466985106 ], [ 472618.274103044881485, 4578373.574369345791638 ], [ 472756.604215173632838, 4578105.068257095292211 ], [ 472738.415927156689577, 4577214.492384266108274 ], [ 472954.553655358147807, 4577103.139552162960172 ], [ 473349.597495725960471, 4576911.4897599844262 ], [ 474454.553912754985504, 4575903.139551045373082 ], [ 474816.9557050926378, 4575665.541854823939502 ], [ 475054.553401313838549, 4575303.140062486752868 ], [ 475370.496313608135097, 4574886.758110098540783 ], [ 475352.62546559155453, 4574011.123421283438802 ], [ 475554.554169779527001, 4573703.140060996636748 ], [ 475756.555577967665158, 4573605.142236905172467 ], [ 476653.503802802995779, 4572831.558364184573293 ], [ 477154.55417126964312, 4572703.139548065140843 ], [ 478370.130236401804723, 4572584.242907954379916 ], [ 478852.137276850524358, 4572121.132763522677124 ], [ 478877.893948874552734, 4570859.365082347765565 ], [ 478566.565180584671907, 4570217.641689750365913 ], [ 478188.342588232480921, 4569823.989465383812785 ], [ 477271.546171378693543, 4569222.915800823830068 ], [ 476772.44959491386544, 4568565.151448210701346 ], [ 476559.2169547152007, 4567733.096151435747743 ], [ 476553.040186709375121, 4567430.386391154490411 ], [ 476703.552826849627309, 4566352.138966150581837 ], [ 476856.555834992206655, 4565905.141461733728647 ], [ 477180.481851293821819, 4564756.703956664539874 ], [ 477989.148988046799786, 4564208.559828153811395 ], [ 478655.554876667563803, 4564194.961108140647411 ], [ 480024.426813942496665, 4564222.890708167105913 ], [ 480650.549566525616683, 4563812.392659785225987 ], [ 481254.553919087979011, 4562416.397010484710336 ], [ 481156.556094996747561, 4562203.139794286340475 ], [ 480754.554174622404389, 4561505.141457635909319 ], [ 480656.555326531059109, 4561303.140049448236823 ], [ 480462.56159835041035, 4560926.552785096690059 ], [ 480354.554174249875359, 4560505.141968704760075 ], [ 480256.555326158530079, 4560103.140048330649734 ], [ 480054.333757970365696, 4559314.077391595579684 ], [ 480083.289405997260474, 4557894.9854222740978 ], [ 479369.861437332700007, 4556424.453836903907359 ], [ 478956.555580947897397, 4555903.13953241892159 ], [ 478464.099644489237107, 4555293.081291850656271 ], [ 479142.8355171213625, 4555306.948299863375723 ], [ 479583.850813532131724, 4555163.833035729825497 ], [ 480399.841598291997798, 4554505.141963116824627 ], [ 480595.838270474574529, 4554627.725003231316805 ], [ 481152.552254993119277, 4555207.144139770418406 ], [ 481524.939071339904331, 4555564.907212103717029 ], [ 482116.810047891107388, 4556280.386252770200372 ], [ 482456.555840207613073, 4556503.140044977888465 ], [ 482954.553664671373554, 4556905.141965351998806 ], [ 483656.55584132525837, 4557303.140045722946525 ], [ 484231.897409860859625, 4557693.130446085706353 ], [ 484754.554178347694688, 4557905.14145428314805 ], [ 486247.058755737612955, 4558444.180174784734845 ], [ 486854.553924303443637, 4558905.141967214643955 ], [ 487156.556100584683008, 4559103.139535399153829 ], [ 487454.553412862238474, 4559305.141967587172985 ], [ 487767.151941153337248, 4559510.097615778446198 ], [ 488705.77491802762961, 4560487.001808688044548 ], [ 489574.841670836904086, 4560809.950928988866508 ], [ 489954.554183190572076, 4561205.142225356772542 ], [ 490556.55559175129747, 4561303.140049448236823 ], [ 490944.787784112733789, 4561503.139537634328008 ], [ 491325.86733646778157, 4561326.797521470114589 ], [ 491947.864393046998885, 4560729.165520912967622 ], [ 492211.389769292378332, 4560185.976528407074511 ], [ 493053.552970076794736, 4559752.138448003679514 ], [ 493898.060106863151304, 4559342.421711621806026 ], [ 494338.343243273382541, 4558256.948942610993981 ], [ 494530.896203452604823, 4555240.395467801019549 ], [ 494116.63905106682796, 4553963.808458612300456 ], [ 493456.555338452046271, 4552503.140041252598166 ], [ 493252.552010262035765, 4552107.143880883231759 ], [ 492969.861449998687021, 4551524.45306434109807 ], [ 492556.555593613884412, 4551003.139783855527639 ], [ 492094.812489183736034, 4550431.142599322833121 ], [ 491600.843080723774619, 4549616.568006563931704 ], [ 490854.553928028675728, 4547705.14195678383112 ], [ 490756.556103937444277, 4547103.139524223282933 ], [ 490654.553415842470713, 4546505.14195566624403 ], [ 490461.707591662998311, 4544533.3152658296749 ], [ 490259.900743474834599, 4543350.185664728283882 ], [ 490581.140807774034329, 4542535.732927969656885 ], [ 491355.87258449557703, 4542221.474495676346123 ], [ 493283.679562291072216, 4542182.143679640255868 ], [ 495116.419403997831978, 4542776.870592193678021 ], [ 495556.556108407792635, 4543103.139520497992635 ], [ 495954.554188778507523, 4543405.141696779057384 ], [ 496456.555853246129118, 4543703.14003305695951 ], [ 497438.635342160647269, 4544298.696385610848665 ], [ 498301.892942964739632, 4544316.298945628106594 ], [ 499003.625807618198451, 4543796.108993142843246 ], [ 499444.54382402880583, 4542940.200640345923603 ], [ 499669.592400238558184, 4541841.542847322300076 ], [ 499618.200912190484814, 4539323.354812977835536 ], [ 499754.553680317592807, 4538903.140028586611152 ], [ 499856.555344412452541, 4538605.141692308709025 ], [ 500074.523984615574591, 4537933.437627683393657 ], [ 501123.206481592147611, 4536591.958714433945715 ], [ 501656.555858089064714, 4535805.141689701005816 ], [ 502213.513554607634433, 4534955.654840909875929 ], [ 503151.37979548110161, 4533755.923127792775631 ], [ 504154.334548415034078, 4532014.492342170327902 ], [ 504187.80603644635994, 4530373.696180642582476 ], [ 503865.24706014583353, 4529708.803764022886753 ], [ 502993.055059333739337, 4529410.268851744942367 ], [ 501973.035346383578144, 4529211.147955560125411 ], [ 501585.535314022679813, 4529023.135411384515464 ], [ 500588.562769094365649, 4528065.248946492560208 ], [ 500256.921936785511207, 4527421.523633893579245 ], [ 500246.374736775527708, 4526904.140465411357582 ], [ 500270.032208797638305, 4525744.400048331357539 ], [ 500056.555856598890387, 4525203.140271827578545 ], [ 499754.553680317592807, 4524505.141935177147388 ], [ 499656.555856226361357, 4524203.13975889608264 ], [ 499286.926671882043593, 4523291.909806046634912 ], [ 499056.555343667394482, 4522618.837677420116961 ], [ 499383.606607972062193, 4522232.753837060183287 ], [ 500254.553424783167429, 4521903.139500753954053 ], [ 500834.87572932371404, 4521714.834092577919364 ], [ 501585.999186023313086, 4521268.935340163297951 ], [ 502332.556626718374901, 4519730.117290729656816 ], [ 502784.192851139174309, 4519260.049066292122006 ], [ 503286.658387607079931, 4518878.774953937157989 ], [ 504152.356180413276888, 4518311.220905408263206 ], [ 504162.707796422939282, 4517804.141224935650826 ], [ 504148.768084409995936, 4517121.205928300507367 ], [ 504438.562132679740898, 4516523.867815744131804 ], [ 504615.125332844327204, 4516340.07824757322669 ], [ 505454.553429626044817, 4515703.140006979927421 ], [ 506339.563862450304441, 4515122.914982439018786 ], [ 506761.267542843124829, 4514567.128741921856999 ], [ 507016.980823081103154, 4513569.351332992315292 ], [ 507169.128791222930886, 4512168.960675688460469 ], [ 507454.309719488373958, 4511615.395491172559559 ], [ 507737.586007752339356, 4510324.892321970313787 ], [ 508045.202776038902812, 4510004.702881672419608 ], [ 508687.927640637557488, 4509692.885665382258594 ], [ 509537.463641428563278, 4508808.682144558057189 ], [ 510124.988761975779198, 4508618.032800381071866 ], [ 511505.554779261467047, 4508054.140575855970383 ], [ 511444.178267204377335, 4507833.730719650164247 ], [ 511262.000475034699775, 4507597.695647430606186 ], [ 510625.623386442137416, 4507241.446047099307179 ], [ 510162.000218010158278, 4506897.695390778593719 ], [ 509381.922137283661868, 4506613.10121451318264 ], [ 509075.794264998636208, 4506376.796830293722451 ], [ 508636.878168589784764, 4505287.075485278852284 ], [ 508205.555032188189216, 4504954.141340969130397 ], [ 507753.650519767252263, 4505202.237085199914873 ], [ 506734.41211881802883, 4506086.221470022574067 ], [ 505113.391445308341645, 4506202.236574131064117 ], [ 503975.23285224835854, 4505964.102301909588277 ], [ 502657.459539021016099, 4505502.23631747905165 ], [ 501281.628497739729937, 4505314.199197303503752 ], [ 500533.924177043489181, 4504682.33897271566093 ], [ 499553.650000130408444, 4504106.045084178447723 ], [ 499312.536911905917805, 4503845.815963936969638 ], [ 498353.649999012821354, 4503306.045083433389664 ], [ 497035.608397785283159, 4502530.531994711607695 ], [ 495350.941004216321744, 4502078.482074290513992 ], [ 494351.355211285292171, 4501498.696345750242472 ], [ 492926.966089958907105, 4499961.391768318600953 ], [ 492679.529801728378516, 4499437.099671830423176 ], [ 492557.458761614689138, 4498347.280022815801203 ], [ 492757.849417801364325, 4497003.384469564072788 ], [ 492642.298185693682171, 4496673.696405257098377 ], [ 492053.650761145516299, 4495906.045588541775942 ], [ 491422.27796055766521, 4495010.464403707534075 ], [ 490600.110407791682519, 4494363.95483510568738 ], [ 490053.650759282871149, 4494106.045074865221977 ], [ 489539.807558804401197, 4493834.145426612347364 ], [ 489057.459526355029084, 4493502.236306303180754 ], [ 488603.699525932432152, 4493209.218706030398607 ], [ 487920.740677296533249, 4493106.045585934072733 ], [ 487438.611780847306363, 4493626.406546419486403 ], [ 487465.467204872402363, 4494304.140947050414979 ], [ 487448.938820856972598, 4494721.304211438633502 ], [ 487164.465476592245977, 4494984.877715684473515 ], [ 485713.464643240789883, 4494560.0733632883057 ], [ 484569.080130174872465, 4493772.622482554987073 ], [ 483627.381057297927327, 4492976.821905814111233 ], [ 483023.499584735487588, 4492691.811985548585653 ], [ 482206.336319974507205, 4492813.662865662015975 ], [ 481613.953343422734179, 4493021.30446585547179 ], [ 481115.735358958714642, 4493559.023250356316566 ], [ 480258.41081416036468, 4495081.996947774663568 ], [ 479204.504893178702332, 4496781.509269357658923 ], [ 478193.518908237223513, 4497637.881494155153632 ], [ 477624.402235707151704, 4497802.23656630795449 ], [ 476913.367355045047589, 4497425.991317957639694 ], [ 476057.459002247895114, 4496502.236821097321808 ], [ 475553.649977778666653, 4496106.045076727867126 ], [ 474957.458745223353617, 4495602.237076259218156 ], [ 474722.961721005034633, 4495491.567252156324685 ], [ 474333.630776642472483, 4495506.996884170919657 ], [ 473802.698040147894062, 4495787.954836431890726 ], [ 472842.249527253559791, 4496524.453525118529797 ], [ 472238.440758691052906, 4496809.41429338324815 ], [ 472005.554486474138685, 4496800.186005374416709 ], [ 471679.724854170694016, 4496813.100693386979401 ], [ 470529.333557099453174, 4497053.774485610425472 ], [ 469757.458740380476229, 4497706.045078217983246 ], [ 468737.537331430590712, 4497803.774614309892058 ], [ 468442.395955155720003, 4498122.305174605920911 ], [ 468457.532723169890232, 4498504.140438961796463 ], [ 468444.324147157487459, 4498837.539479272440076 ], [ 467666.565426433342509, 4500107.803288455121219 ], [ 467557.459250331739895, 4500906.045081198215485 ], [ 467273.8163700675359, 4501596.572313841432333 ], [ 467157.459249959210865, 4502206.044826408848166 ], [ 467053.650225862511434, 4502602.236570778302848 ], [ 466957.45873777277302, 4503806.044827898964286 ], [ 466836.170033659902401, 4504152.114844221621752 ], [ 466338.757937196525745, 4504302.23631636146456 ], [ 465757.45873665518593, 4503902.23631598893553 ], [ 464912.342319868155755, 4503426.504347546026111 ], [ 463671.96087871294003, 4503789.614747883751988 ], [ 463328.821550393360667, 4504025.747100103646517 ], [ 463057.459502140642144, 4503954.629276038147509 ], [ 463308.728622374706902, 4502511.562394693493843 ], [ 463650.037038692622446, 4501680.655001919716597 ], [ 463285.291310352855362, 4501342.715545605868101 ], [ 462342.957357475184835, 4501044.375193327665329 ], [ 462057.45898920937907, 4500602.236568915657699 ], [ 461828.089132995693944, 4500306.04559263959527 ], [ 461086.193964304751717, 4500566.079128881916404 ], [ 460527.551787784439512, 4500181.655192524194717 ], [ 460157.458731439779513, 4499302.236823705025017 ], [ 459992.517931286129169, 4498990.542487414553761 ], [ 459845.887275149696507, 4497917.544086415320635 ], [ 459367.639338704175316, 4497293.887125834822655 ], [ 459238.538538584136404, 4496483.461781079880893 ], [ 459279.285546621889807, 4495455.361684122122824 ], [ 458919.641386286937632, 4494579.799699306488037 ], [ 458224.32900163938757, 4494607.36373133212328 ], [ 457592.200489050825126, 4494828.921491539105773 ], [ 457061.267752556246705, 4495109.853843800723553 ], [ 456653.650216176756658, 4495302.236819979734719 ], [ 456457.458983993972652, 4495406.044820075854659 ], [ 455569.250599166727625, 4495779.824276424944401 ], [ 454113.391909810830839, 4495902.236308538354933 ], [ 453153.748260917025618, 4495701.455508351325989 ], [ 453030.115620802040212, 4496606.044821193441749 ], [ 452353.649956171982922, 4497102.236309655942023 ], [ 451740.637475601048209, 4497620.254358138889074 ], [ 451092.541730997501872, 4499160.293015573173761 ], [ 450695.27683462749701, 4499678.359192054718733 ], [ 449963.001121945562772, 4500356.851352686993778 ], [ 449675.745569677907042, 4501264.150169531814754 ], [ 449221.863713255268522, 4502304.21365850046277 ], [ 449261.511969292187132, 4503304.140443432144821 ], [ 449253.57699328486342, 4503504.140955618582666 ], [ 449265.466657295939513, 4503804.141211897134781 ], [ 449250.964769282494672, 4504170.181276238523424 ], [ 448851.453216910245828, 4504750.747292779386044 ], [ 448857.92284891626332, 4504913.662620930932462 ], [ 449257.458977288450114, 4505102.23631710652262 ], [ 449551.746337562450208, 4505257.949853251688182 ], [ 450069.495074044796638, 4505502.310045478865504 ], [ 450053.040418029413559, 4505917.494941866025329 ], [ 449853.65020984376315, 4506102.236830038018525 ], [ 449357.458721381495707, 4506806.04534269310534 ], [ 448478.650656563113444, 4507819.301535637117922 ], [ 448357.459232450346462, 4508706.045600462704897 ], [ 448248.938784349127673, 4509015.688864750787616 ], [ 447853.650207981118001, 4509202.237088925205171 ], [ 447625.329951768391766, 4509323.037345037795603 ], [ 447357.458719518850558, 4510366.274210009723902 ], [ 447657.458975798333995, 4510802.23709041532129 ], [ 447753.650463887839578, 4511124.258466714993119 ], [ 447458.410783612984233, 4511682.193059234879911 ], [ 447262.561567430500872, 4512504.434340000152588 ], [ 446719.250718924566172, 4512676.430500160902739 ], [ 446207.019294447381981, 4513374.820004811510444 ], [ 445537.366301823756658, 4513995.27901338879019 ], [ 445579.822365863365121, 4515066.542758386582136 ], [ 445781.45820605114568, 4515447.597734741866589 ], [ 445553.503517838777043, 4516002.578087258152664 ], [ 445558.875421843840741, 4516137.953959384933114 ], [ 445961.267486218712293, 4516898.427560092881322 ], [ 446160.095518403802998, 4517939.785385062918067 ], [ 446151.599390395800583, 4518154.141353262588382 ], [ 446157.581598401418887, 4518305.435305403545499 ], [ 446042.200350294006057, 4518856.899241916835308 ], [ 444809.461021145922132, 4519999.11185098066926 ], [ 443953.649948348873295, 4520502.236843449063599 ], [ 443857.459484259248711, 4520724.258475655689836 ], [ 444057.458972445572726, 4521102.236332007683814 ], [ 444271.351068644667976, 4521555.458732429891825 ], [ 444250.965276625822298, 4522070.180524909868836 ], [ 443943.689500339678489, 4522516.714157325215638 ], [ 442953.65045941749122, 4522902.236845684237778 ], [ 441757.45871430344414, 4523406.044846152886748 ], [ 441117.737241707625799, 4523608.583854341879487 ], [ 440884.875545490882359, 4523599.355566333979368 ], [ 440357.459224999765866, 4522702.236333497799933 ], [ 440184.31413683842402, 4522541.787821348756552 ], [ 439206.604055927949958, 4522797.988525587134063 ], [ 437994.470678798970766, 4523439.369902184233069 ], [ 437046.033685915754177, 4523401.772718149237335 ], [ 436857.458965740050189, 4523002.23658977728337 ], [ 436748.303637638338841, 4522795.937453584745526 ], [ 435671.375124635291286, 4522590.346925393678248 ], [ 434431.873299480997957, 4521871.377068724483252 ], [ 433405.554962525260635, 4521912.07594876177609 ], [ 433067.444498210330494, 4521898.671788749285042 ], [ 432441.052433626842685, 4521388.881580274552107 ], [ 431963.782417182461359, 4521163.638444065116346 ], [ 431513.049360762699507, 4521321.62116421200335 ], [ 430997.034256282146089, 4521186.391724086366594 ], [ 429613.269262993359007, 4520234.194603199139237 ], [ 428930.677006357698701, 4520413.051563366316259 ], [ 428461.365517920465209, 4520394.473131348378956 ], [ 427577.502989097381942, 4519853.261482844129205 ], [ 426862.878988431883045, 4519516.030634530819952 ], [ 426670.105868252343498, 4519307.949738336727023 ], [ 424664.563978384598158, 4519206.045354241505265 ], [ 423796.88781757641118, 4519958.583978942595422 ], [ 423187.610889009083621, 4520994.961067907512188 ], [ 422994.593032829114236, 4521604.604588476009667 ], [ 422852.698376697138883, 4523675.698862404562533 ], [ 422557.557000422268175, 4525939.296944512985647 ], [ 422787.951880636741407, 4526818.64260933175683 ], [ 423040.638216872117482, 4527539.565234003588557 ], [ 423416.003849221742712, 4528938.417843305505812 ], [ 423553.650953350006603, 4530146.303668431006372 ], [ 423034.705160866607912, 4531127.017141344025731 ], [ 422288.782600171980448, 4531608.706741793081164 ], [ 421257.337095211376436, 4532042.763958197087049 ], [ 420753.650950742303394, 4532202.236598345451057 ], [ 420605.55495060433168, 4532254.141110394150019 ] ] ] ] } },
{ "type": "Feature", "properties": { "ID": 6.0, "GRIDCODE": 5.0, "Shape_Leng": 604376.57065500005, "Name": "Jordan/Provo", "Shape_Le_1": 604376.57065500005, "Shape_Area": 9962538387.75 }, "geometry": { "type": "MultiPolygon", "coordinates": [ [ [ [ 399405.554930860293098, 4429654.140502840280533 ], [ 399574.988019018084742, 4430463.955543594434857 ], [ 399547.620594992418773, 4431154.14076023735106 ], [ 399562.683635006542318, 4431534.146136591210961 ], [ 399800.623347228043713, 4431983.803993009962142 ], [ 399953.650931370561011, 4432571.865689557045698 ], [ 399642.420467080897652, 4433329.580634263344109 ], [ 399457.459442908526398, 4434106.0450189858675 ], [ 399232.580850699101575, 4434874.233435701578856 ], [ 399263.757554728188552, 4435660.805724434554577 ], [ 399972.375795388012193, 4435829.604956591501832 ], [ 399935.730931353871711, 4436754.140765452757478 ], [ 399958.875379375531338, 4437337.953885996714234 ], [ 400292.029683685745113, 4437967.543902582488954 ], [ 401123.523828460252844, 4438165.615198766812682 ], [ 401289.124084614333697, 4438344.351326933130622 ], [ 401453.650164767750539, 4439206.045279735699296 ], [ 401580.335348885622807, 4439567.495776072144508 ], [ 401827.72248511610087, 4440034.999904507771134 ], [ 401543.909620851627551, 4440725.942881152033806 ], [ 401101.20882043952588, 4441136.123489533551037 ], [ 400806.31115616473835, 4442067.641954401507974 ], [ 400199.52459559973795, 4442544.790114845149219 ], [ 399888.904435310396366, 4442880.044643158093095 ], [ 400500.428019879967906, 4444624.844388782978058 ], [ 400301.746419694856741, 4445000.331877132877707 ], [ 400150.281459553749301, 4445321.255525431595743 ], [ 400162.097395564778708, 4445619.522149709053338 ], [ 401509.50936481973622, 4446679.067238695919514 ], [ 401753.650421047001146, 4447306.045031279325485 ], [ 401873.718517158762552, 4447417.299559383653104 ], [ 402566.028533803648315, 4447389.85840735770762 ], [ 402546.448629785445519, 4447883.998823817819357 ], [ 402053.650677326484583, 4448202.236520114354789 ], [ 401857.459445143700577, 4448546.303592435084283 ], [ 402257.459445516229607, 4449302.236777138896286 ], [ 402353.65093360573519, 4449724.257897531613708 ], [ 402125.818101393640973, 4450154.799721932969987 ], [ 401286.682868612115271, 4450315.029098082333803 ], [ 401457.459444771171547, 4450802.237034535966814 ], [ 401593.616628897958435, 4451232.290410935878754 ], [ 402082.898165353690274, 4451833.486955496482551 ], [ 401864.563957150443457, 4452456.387180076912045 ], [ 401495.15390880627092, 4454007.290477520786226 ], [ 401153.650932488148101, 4454902.236782354302704 ], [ 400810.314996168599464, 4456133.901935501024127 ], [ 400411.023603796609677, 4457105.971824406646192 ], [ 399653.650675091310404, 4458002.237041241489351 ], [ 399505.505522953229956, 4458624.135793820023537 ], [ 398886.438130376744084, 4459384.804978528991342 ], [ 399143.3474426161265, 4460612.710003672167659 ], [ 398824.768754319404252, 4461700.869748685508966 ], [ 398280.286449812236242, 4462729.848437644541264 ], [ 398057.458929604734294, 4463335.293558208271861 ], [ 398477.576433995855041, 4464129.238646947778761 ], [ 398346.64369787403848, 4464629.019255412742496 ], [ 398358.679793885326944, 4464932.900471695698798 ], [ 400131.336435536039062, 4465709.951608419418335 ], [ 399783.167219211929478, 4466703.35960934497416 ], [ 398577.819890089216642, 4468647.036539155058563 ], [ 398871.546098362770863, 4469650.38143608905375 ], [ 398852.79563434550073, 4470123.696764530614018 ], [ 398253.6501617875183, 4471102.236285441555083 ], [ 398143.762673684977926, 4471335.073405658826232 ], [ 398275.012849807390012, 4473605.948031773790717 ], [ 398549.842162063228898, 4474654.775936750695109 ], [ 398653.65016216004733, 4475301.016193352639675 ], [ 397444.30001703358721, 4476621.645442581735551 ], [ 397240.295664843753912, 4477478.066819379106164 ], [ 397023.401200641761534, 4479290.640005067922175 ], [ 397169.373424777644686, 4479847.696005586534739 ], [ 398146.496753687621094, 4480157.070981875061989 ], [ 398761.560306260478683, 4480580.312710268422961 ], [ 399197.717746666749008, 4480702.236294382251799 ], [ 400383.289587770705111, 4480454.189702151343226 ], [ 400331.140339722274803, 4481769.936519376933575 ], [ 400074.28017948300112, 4483987.465865442529321 ], [ 399685.559539120993577, 4485096.498826474882662 ], [ 399557.459187001804821, 4485520.937610870227218 ], [ 400025.403635437483899, 4486200.966795503161848 ], [ 400202.526963602402247, 4486760.414860025048256 ], [ 399983.65515539853368, 4488438.955661587417126 ], [ 400246.351091643213294, 4489441.494670521467924 ], [ 400353.650931743090041, 4490028.433039068244398 ], [ 399939.978483358048834, 4491035.488912005908787 ], [ 400071.057651480077766, 4492671.987345529720187 ], [ 400557.996275933575816, 4493592.251026387326419 ], [ 400481.873139862553217, 4495512.832660175859928 ], [ 400343.469299733755179, 4496041.030292667448521 ], [ 399694.129395129042678, 4496642.715285228565335 ], [ 399316.053234776831232, 4497050.747541608288884 ], [ 398920.251634408137761, 4497663.662742178887129 ], [ 398971.399410455836914, 4498954.141335381194949 ], [ 398949.329138435306959, 4499511.148183899000287 ], [ 398411.31646593415644, 4501238.100633507594466 ], [ 398475.378929993952624, 4502854.140571013092995 ], [ 398439.709937960724346, 4503754.141339851543307 ], [ 398459.167985978885554, 4504245.498524308204651 ], [ 398657.459442163468339, 4505002.236573013477027 ], [ 398753.650930252973922, 4505568.34985354077071 ], [ 398431.580401953193359, 4507107.680926974862814 ], [ 397928.552689484669827, 4507838.711455655284226 ], [ 396568.543472217977978, 4508678.213280437514186 ], [ 396405.554416066152044, 4508854.140576601028442 ], [ 396954.553584577632137, 4509105.141408834606409 ], [ 397315.906800913973711, 4509222.402720944024622 ], [ 399176.306930646649562, 4510889.712290496565402 ], [ 399633.31403507234063, 4511563.882147124037147 ], [ 400026.843379438738339, 4512327.846563836559653 ], [ 400328.016115719336085, 4513091.420836547389627 ], [ 400948.450548297143541, 4513687.514789102599025 ], [ 401584.85118888982106, 4514546.010789901949465 ], [ 402142.663925409433432, 4515081.948838400654495 ], [ 402382.337269632495008, 4515447.525030741468072 ], [ 403317.127414503251202, 4516345.669287578202784 ], [ 403907.824887053226121, 4517284.634280452504754 ], [ 403756.555510912439786, 4517905.141417030245066 ], [ 403556.556022726115771, 4518489.444009574130177 ], [ 403654.553846817347221, 4518905.141929961740971 ], [ 403756.555510912439786, 4519103.139498146250844 ], [ 403855.311095004319213, 4519709.780650710687041 ], [ 404154.382583283004351, 4519997.134506978094578 ], [ 404160.266487288405187, 4520285.244075247086585 ], [ 403956.5560230986448, 4520705.141419637948275 ], [ 403854.553335003671236, 4520903.140011822804809 ], [ 403728.870646886643954, 4521162.222252063453197 ], [ 403133.997302332543768, 4521515.34660439286381 ], [ 402454.553845699760132, 4522303.139501126483083 ], [ 402249.59819750895258, 4522615.738029417581856 ], [ 401956.556021235999651, 4522897.305261679925025 ], [ 402083.972341354587115, 4523427.603118173778057 ], [ 402352.552181604900397, 4523707.14385443367064 ], [ 402754.554101979243569, 4524093.374126793816686 ], [ 402656.555253887898289, 4524505.141935177147388 ], [ 402508.80229375034105, 4525081.704111713916063 ], [ 402697.425141926039942, 4526002.676400572061539 ], [ 402652.746997884358279, 4528191.421106610447168 ], [ 402817.883382038096897, 4528700.308147083967924 ], [ 403136.828662335290574, 4528706.826931090094149 ], [ 403554.554102724301629, 4528003.140274435281754 ], [ 404156.555511284968816, 4527305.141937784850597 ], [ 404350.183671465259977, 4526708.413105228915811 ], [ 404752.552183840074576, 4526501.138097035698593 ], [ 405358.557432404370047, 4526207.143600761890411 ], [ 406373.889273350010626, 4525518.886576121672988 ], [ 406956.555513892672025, 4525405.14168001525104 ], [ 407221.911802139715292, 4525000.38110363855958 ], [ 407505.554682403919287, 4525006.191279644146562 ], [ 407952.47845882026013, 4524997.061295635066926 ], [ 408056.604922917089425, 4525403.286192012950778 ], [ 408048.426234909449704, 4525802.968752386048436 ], [ 408305.554683148977347, 4525808.217776390723884 ], [ 408656.214267475646921, 4525801.065136384218931 ], [ 408775.843067587004043, 4526535.952049068175256 ], [ 410254.11404496373143, 4526283.827888833358884 ], [ 410257.629436967079528, 4526456.094384994357824 ], [ 409857.678588594426401, 4526650.137265174649656 ], [ 409852.91801259003114, 4526882.851505391299725 ], [ 410860.169469528249465, 4527128.408753620460629 ], [ 410852.60108552116435, 4527499.111089965328574 ], [ 411727.308030335814692, 4527798.501042244024575 ], [ 412161.682686740183271, 4527904.384690342471004 ], [ 412450.745599009445868, 4528205.263538623228669 ], [ 412556.433663108036853, 4528203.090610621497035 ], [ 412856.262911387137137, 4528305.728178716264665 ], [ 412954.944767478969879, 4528102.30955452658236 ], [ 413212.512511718901806, 4528235.000498650595546 ], [ 413556.263168039149605, 4528001.967794433236122 ], [ 413655.38432013138663, 4528408.511154811829329 ], [ 414056.555776504916139, 4528603.139762993901968 ], [ 414307.361024738638662, 4528732.338867113925517 ], [ 415948.718338267295621, 4528999.550643363036215 ], [ 416450.989314735052176, 4529482.119859812781215 ], [ 415756.555522088310681, 4529651.406515969894826 ], [ 415935.071490254602395, 4530295.791284570470452 ], [ 416254.553346552071162, 4530405.142196672037244 ], [ 416993.68985924043227, 4530525.454004784114659 ], [ 417601.550595806562342, 4531158.144693372771144 ], [ 417958.557956138974987, 4531501.137589693069458 ], [ 418434.436356582329609, 4531996.450486153364182 ], [ 419511.535877585294656, 4532322.37842245772481 ], [ 420454.553862463566475, 4532303.139510439708829 ], [ 420605.55495060433168, 4532254.141110394150019 ], [ 420753.650950742303394, 4532202.236598345451057 ], [ 421257.337095211376436, 4532042.763958197087049 ], [ 422288.782600171980448, 4531608.706741793081164 ], [ 423034.705160866607912, 4531127.017141344025731 ], [ 423553.650953350006603, 4530146.303668431006372 ], [ 423416.003849221742712, 4528938.417843305505812 ], [ 423040.638216872117482, 4527539.565234003588557 ], [ 422787.951880636741407, 4526818.64260933175683 ], [ 422557.557000422268175, 4525939.296944512985647 ], [ 422852.698376697138883, 4523675.698862404562533 ], [ 422994.593032829114236, 4521604.604588476009667 ], [ 423187.610889009083621, 4520994.961067907512188 ], [ 423796.88781757641118, 4519958.583978942595422 ], [ 424664.563978384598158, 4519206.045354241505265 ], [ 426670.105868252343498, 4519307.949738336727023 ], [ 426862.878988431883045, 4519516.030634530819952 ], [ 427577.502989097381942, 4519853.261482844129205 ], [ 428461.365517920465209, 4520394.473131348378956 ], [ 428930.677006357698701, 4520413.051563366316259 ], [ 429613.269262993359007, 4520234.194603199139237 ], [ 430997.034256282146089, 4521186.391724086366594 ], [ 431513.049360762699507, 4521321.62116421200335 ], [ 431963.782417182461359, 4521163.638444065116346 ], [ 432441.052433626842685, 4521388.881580274552107 ], [ 433067.444498210330494, 4521898.671788749285042 ], [ 433405.554962525260635, 4521912.07594876177609 ], [ 434431.873299480997957, 4521871.377068724483252 ], [ 435671.375124635291286, 4522590.346925393678248 ], [ 436748.303637638338841, 4522795.937453584745526 ], [ 436857.458965740050189, 4523002.23658977728337 ], [ 437046.033685915754177, 4523401.772718149237335 ], [ 437994.470678798970766, 4523439.369902184233069 ], [ 439206.604055927949958, 4522797.988525587134063 ], [ 440184.31413683842402, 4522541.787821348756552 ], [ 440357.459224999765866, 4522702.236333497799933 ], [ 440884.875545490882359, 4523599.355566333979368 ], [ 441117.737241707625799, 4523608.583854341879487 ], [ 441757.45871430344414, 4523406.044846152886748 ], [ 442953.65045941749122, 4522902.236845684237778 ], [ 443943.689500339678489, 4522516.714157325215638 ], [ 444250.965276625822298, 4522070.180524909868836 ], [ 444271.351068644667976, 4521555.458732429891825 ], [ 444057.458972445572726, 4521102.236332007683814 ], [ 443857.459484259248711, 4520724.258475655689836 ], [ 443953.649948348873295, 4520502.236843449063599 ], [ 444809.461021145922132, 4519999.11185098066926 ], [ 446042.200350294006057, 4518856.899241916835308 ], [ 446157.581598401418887, 4518305.435305403545499 ], [ 446151.599390395800583, 4518154.141353262588382 ], [ 446160.095518403802998, 4517939.785385062918067 ], [ 445961.267486218712293, 4516898.427560092881322 ], [ 445558.875421843840741, 4516137.953959384933114 ], [ 445553.503517838777043, 4516002.578087258152664 ], [ 445781.45820605114568, 4515447.597734741866589 ], [ 445579.822365863365121, 4515066.542758386582136 ], [ 445537.366301823756658, 4513995.27901338879019 ], [ 446207.019294447381981, 4513374.820004811510444 ], [ 446719.250718924566172, 4512676.430500160902739 ], [ 447262.561567430500872, 4512504.434340000152588 ], [ 447458.410783612984233, 4511682.193059234879911 ], [ 447753.650463887839578, 4511124.258466714993119 ], [ 447657.458975798333995, 4510802.23709041532129 ], [ 447357.458719518850558, 4510366.274210009723902 ], [ 447625.329951768391766, 4509323.037345037795603 ], [ 447853.650207981118001, 4509202.237088925205171 ], [ 448248.938784349127673, 4509015.688864750787616 ], [ 448357.459232450346462, 4508706.045600462704897 ], [ 448478.650656563113444, 4507819.301535637117922 ], [ 449357.458721381495707, 4506806.04534269310534 ], [ 449853.65020984376315, 4506102.236830038018525 ], [ 450053.040418029413559, 4505917.494941866025329 ], [ 450069.495074044796638, 4505502.310045478865504 ], [ 449551.746337562450208, 4505257.949853251688182 ], [ 449257.458977288450114, 4505102.23631710652262 ], [ 448857.92284891626332, 4504913.662620930932462 ], [ 448851.453216910245828, 4504750.747292779386044 ], [ 449250.964769282494672, 4504170.181276238523424 ], [ 449265.466657295939513, 4503804.141211897134781 ], [ 449253.57699328486342, 4503504.140955618582666 ], [ 449261.511969292187132, 4503304.140443432144821 ], [ 449221.863713255268522, 4502304.21365850046277 ], [ 449675.745569677907042, 4501264.150169531814754 ], [ 449963.001121945562772, 4500356.851352686993778 ], [ 450695.27683462749701, 4499678.359192054718733 ], [ 451092.541730997501872, 4499160.293015573173761 ], [ 451740.637475601048209, 4497620.254358138889074 ], [ 452353.649956171982922, 4497102.236309655942023 ], [ 453030.115620802040212, 4496606.044821193441749 ], [ 453153.748260917025618, 4495701.455508351325989 ], [ 454113.391909810830839, 4495902.236308538354933 ], [ 455569.250599166727625, 4495779.824276424944401 ], [ 456457.458983993972652, 4495406.044820075854659 ], [ 456653.650216176756658, 4495302.236819979734719 ], [ 457061.267752556246705, 4495109.853843800723553 ], [ 457592.200489050825126, 4494828.921491539105773 ], [ 458224.32900163938757, 4494607.36373133212328 ], [ 458919.641386286937632, 4494579.799699306488037 ], [ 459279.285546621889807, 4495455.361684122122824 ], [ 459238.538538584136404, 4496483.461781079880893 ], [ 459367.639338704175316, 4497293.887125834822655 ], [ 459845.887275149696507, 4497917.544086415320635 ], [ 459992.517931286129169, 4498990.542487414553761 ], [ 460157.458731439779513, 4499302.236823705025017 ], [ 460527.551787784439512, 4500181.655192524194717 ], [ 461086.193964304751717, 4500566.079128881916404 ], [ 461828.089132995693944, 4500306.04559263959527 ], [ 462057.45898920937907, 4500602.236568915657699 ], [ 462342.957357475184835, 4501044.375193327665329 ], [ 463285.291310352855362, 4501342.715545605868101 ], [ 463650.037038692622446, 4501680.655001919716597 ], [ 463308.728622374706902, 4502511.562394693493843 ], [ 463057.459502140642144, 4503954.629276038147509 ], [ 463328.821550393360667, 4504025.747100103646517 ], [ 463671.96087871294003, 4503789.614747883751988 ], [ 464912.342319868155755, 4503426.504347546026111 ], [ 465757.45873665518593, 4503902.23631598893553 ], [ 466338.757937196525745, 4504302.23631636146456 ], [ 466836.170033659902401, 4504152.114844221621752 ], [ 466957.45873777277302, 4503806.044827898964286 ], [ 467053.650225862511434, 4502602.236570778302848 ], [ 467157.459249959210865, 4502206.044826408848166 ], [ 467273.8163700675359, 4501596.572313841432333 ], [ 467557.459250331739895, 4500906.045081198215485 ], [ 467666.565426433342509, 4500107.803288455121219 ], [ 468444.324147157487459, 4498837.539479272440076 ], [ 468457.532723169890232, 4498504.140438961796463 ], [ 468442.395955155720003, 4498122.305174605920911 ], [ 468737.537331430590712, 4497803.774614309892058 ], [ 469757.458740380476229, 4497706.045078217983246 ], [ 470529.333557099453174, 4497053.774485610425472 ], [ 471679.724854170694016, 4496813.100693386979401 ], [ 472005.554486474138685, 4496800.186005374416709 ], [ 472238.440758691052906, 4496809.41429338324815 ], [ 472842.249527253559791, 4496524.453525118529797 ], [ 473802.698040147894062, 4495787.954836431890726 ], [ 474333.630776642472483, 4495506.996884170919657 ], [ 474722.961721005034633, 4495491.567252156324685 ], [ 474957.458745223353617, 4495602.237076259218156 ], [ 475553.649977778666653, 4496106.045076727867126 ], [ 476057.459002247895114, 4496502.236821097321808 ], [ 476913.367355045047589, 4497425.991317957639694 ], [ 477624.402235707151704, 4497802.23656630795449 ], [ 478193.518908237223513, 4497637.881494155153632 ], [ 479204.504893178702332, 4496781.509269357658923 ], [ 480258.41081416036468, 4495081.996947774663568 ], [ 481115.735358958714642, 4493559.023250356316566 ], [ 481613.953343422734179, 4493021.30446585547179 ], [ 482206.336319974507205, 4492813.662865662015975 ], [ 483023.499584735487588, 4492691.811985548585653 ], [ 483627.381057297927327, 4492976.821905814111233 ], [ 484569.080130174872465, 4493772.622482554987073 ], [ 485713.464643240789883, 4494560.0733632883057 ], [ 487164.465476592245977, 4494984.877715684473515 ], [ 487448.938820856972598, 4494721.304211438633502 ], [ 487465.467204872402363, 4494304.140947050414979 ], [ 487438.611780847306363, 4493626.406546419486403 ], [ 487920.740677296533249, 4493106.045585934072733 ], [ 488603.699525932432152, 4493209.218706030398607 ], [ 489057.459526355029084, 4493502.236306303180754 ], [ 489539.807558804401197, 4493834.145426612347364 ], [ 490053.650759282871149, 4494106.045074865221977 ], [ 490600.110407791682519, 4494363.95483510568738 ], [ 491422.27796055766521, 4495010.464403707534075 ], [ 492053.650761145516299, 4495906.045588541775942 ], [ 492642.298185693682171, 4496673.696405257098377 ], [ 492757.849417801364325, 4497003.384469564072788 ], [ 492557.458761614689138, 4498347.280022815801203 ], [ 492679.529801728378516, 4499437.099671830423176 ], [ 492926.966089958907105, 4499961.391768318600953 ], [ 494351.355211285292171, 4501498.696345750242472 ], [ 495350.941004216321744, 4502078.482074290513992 ], [ 497035.608397785283159, 4502530.531994711607695 ], [ 498353.649999012821354, 4503306.045083433389664 ], [ 499312.536911905917805, 4503845.815963936969638 ], [ 499553.650000130408444, 4504106.045084178447723 ], [ 500533.924177043489181, 4504682.33897271566093 ], [ 501281.628497739729937, 4505314.199197303503752 ], [ 502657.459539021016099, 4505502.23631747905165 ], [ 503975.23285224835854, 4505964.102301909588277 ], [ 505113.391445308341645, 4506202.236574131064117 ], [ 506734.41211881802883, 4506086.221470022574067 ], [ 507753.650519767252263, 4505202.237085199914873 ], [ 508205.555032188189216, 4504954.141340969130397 ], [ 508106.677592096035369, 4504291.006108351051807 ], [ 508453.650776419206522, 4503635.292827740311623 ], [ 508257.459544236480724, 4503202.237083337269723 ], [ 507443.762519478681497, 4502166.103706371970475 ], [ 506957.458775025676005, 4501302.236825567670166 ], [ 506485.315926585928537, 4500488.246936809271574 ], [ 506112.244054238661192, 4498342.080150811001658 ], [ 505809.363285956555046, 4497700.332182213664055 ], [ 505403.211093578196596, 4496932.754069497808814 ], [ 505063.904597262328025, 4495964.663444596342742 ], [ 505028.625749229337089, 4495074.574995767325163 ], [ 505398.938965574256144, 4494194.595474948175251 ], [ 505754.944853905995842, 4493521.816210322082043 ], [ 505856.165206000092439, 4492886.465169729664922 ], [ 506253.650262370356359, 4492135.29358503036201 ], [ 506098.206038225558586, 4491435.464336378499866 ], [ 505480.921429650799837, 4491108.828816073946655 ], [ 503218.176339543308131, 4490988.149391962215304 ], [ 502259.754322650725953, 4490759.853711749427021 ], [ 502242.663762634736486, 4490328.969871347770095 ], [ 502582.26414695114363, 4489803.042446858249605 ], [ 503948.694868223625235, 4488328.310413484461606 ], [ 505348.816213527636137, 4487424.184972642920911 ], [ 505383.386453559796792, 4486552.090251830406487 ], [ 504989.12392519263085, 4485941.543563261628151 ], [ 504414.441812657401897, 4485790.957195121794939 ], [ 502941.125971285335254, 4485556.26458690315485 ], [ 502400.501074781757779, 4485207.144074577838182 ], [ 501784.876370208454318, 4484755.606154156848788 ], [ 501457.459537903429009, 4484402.237065828405321 ], [ 500853.650769341213163, 4483906.045577365905046 ], [ 500035.608912579424214, 4483196.547720705159009 ], [ 498353.649999012821354, 4482306.045575875788927 ], [ 497844.983118539093994, 4481612.539527229964733 ], [ 497230.603597966837697, 4480949.478022612631321 ], [ 496605.456717384629883, 4480545.79162223637104 ], [ 496098.86548491299618, 4480157.290117874741554 ], [ 495453.650252312072553, 4479906.045573640614748 ], [ 495090.100555973534938, 4479713.662597461603582 ], [ 494452.137291379156522, 4479580.190341337583959 ], [ 492368.128329438332003, 4479398.599301168695092 ], [ 491462.903112595318817, 4478844.351108651608229 ], [ 490974.622024140669964, 4478673.207940492779016 ], [ 490157.458759379456751, 4478502.236804333515465 ], [ 488773.206342090270482, 4478381.606532221660018 ], [ 487764.270405150600709, 4478188.97984404116869 ], [ 486187.390275682264473, 4477607.949955500662327 ], [ 485454.748994999681599, 4476929.092226868495345 ], [ 485007.312194583180826, 4476345.620098324492574 ], [ 484466.052418079110794, 4475105.312385169789195 ], [ 484681.165122279373463, 4473869.888128018938005 ], [ 484605.555010208976455, 4473654.140543818473816 ], [ 483856.555329511349555, 4473308.071551496163011 ], [ 482120.960319894948043, 4473075.943039279431105 ], [ 481439.539519260288216, 4472763.19807898811996 ], [ 480819.37337468273472, 4472209.097342472523451 ], [ 480292.370750191970728, 4471529.043581839650869 ], [ 479864.001853793044575, 4470595.693180969916284 ], [ 479176.086845152429305, 4469329.775227790698409 ], [ 479053.772093038423918, 4467637.929594215005636 ], [ 478625.305916639394127, 4467024.526969644241035 ], [ 478265.638204304384999, 4466362.636921027675271 ], [ 478358.533436390920542, 4464804.140663576312363 ], [ 478344.519996377988718, 4464569.107063356786966 ], [ 478452.747580478782766, 4463301.333622176200151 ], [ 478565.369148583500646, 4462134.463093089871109 ], [ 478376.892732408014126, 4461723.818612707778811 ], [ 477911.170363974175416, 4461398.525556404143572 ], [ 476359.656762529280968, 4460722.866803774610162 ], [ 475358.361913596861996, 4459901.333107009530067 ], [ 474639.099192927009426, 4459379.335794523358345 ], [ 474128.382264451240189, 4458253.213297475129366 ], [ 475431.678265665075742, 4457709.487728968262672 ], [ 476144.764218329102732, 4457072.37848037481308 ], [ 476534.924602692597546, 4456222.280303583480418 ], [ 477315.75941941968631, 4455304.360558728687465 ], [ 477533.558075622539036, 4454697.402990163303912 ], [ 477311.169851415441372, 4454448.525933931581676 ], [ 476961.73189908999484, 4454136.2939976407215 ], [ 476774.793530915980227, 4452199.257707837037742 ], [ 477464.001851557870395, 4451212.588650917634368 ], [ 477652.747579733724706, 4450801.332842534407973 ], [ 477998.620988055714406, 4450355.019370119087398 ], [ 478277.600572315626778, 4449747.158633553422987 ], [ 478991.736124980612658, 4449109.097064958885312 ], [ 479728.211261666496284, 4448158.755432073958218 ], [ 480052.747581968898885, 4447601.332839554175735 ], [ 480644.617534519988112, 4446837.564006843604147 ], [ 480704.676158575923182, 4445830.14154190570116 ], [ 480558.361918439739384, 4445201.332837319001555 ], [ 480418.493758309516124, 4444679.116388833150268 ], [ 480802.356542667024769, 4443806.997092020697892 ], [ 480952.747326807002537, 4443001.333347270265222 ], [ 481058.630974905681796, 4442505.727586809545755 ], [ 481037.684030886157416, 4442154.141282482072711 ], [ 481064.905022911378182, 4441697.37789005599916 ], [ 480793.884990658960305, 4441198.647905591875315 ], [ 480506.848574391682632, 4439861.270112345926464 ], [ 479772.717373707913794, 4439524.331104032695293 ], [ 480020.593981938785873, 4438833.560159388929605 ], [ 479358.361917322152294, 4437885.513310506008565 ], [ 479456.408893413492478, 4437278.603869941085577 ], [ 479746.032957683200948, 4436745.644637444987893 ], [ 479479.969085435266607, 4436004.140636754222214 ], [ 479676.038461618009023, 4435457.705564245581627 ], [ 479558.362429508357309, 4435201.332828005775809 ], [ 479264.417085234657861, 4434780.507739614695311 ], [ 478873.572668870561756, 4434061.269594945013523 ], [ 479082.313021065085195, 4432942.959193903021514 ], [ 479553.820989504107274, 4432521.670233510434628 ], [ 479740.686653678189032, 4431916.567128947004676 ], [ 480310.4371822088724, 4431606.948440658859909 ], [ 480754.284862622036599, 4431775.894104816019535 ], [ 482584.14316832635086, 4433401.333338329568505 ], [ 482701.258048435382079, 4433252.43145019095391 ], [ 482852.747584576602094, 4432601.333337584510446 ], [ 482958.36192067497177, 4432206.948953217826784 ], [ 483052.747072762693278, 4431701.333592746406794 ], [ 483658.3621773266932, 4431006.948952100239694 ], [ 483952.746817601029761, 4430501.333591628819704 ], [ 485126.892866694484837, 4429232.925270447507501 ], [ 485464.001859008450992, 4428612.588117869570851 ], [ 485736.511811262113042, 4427441.348180779255927 ], [ 486092.420419593690895, 4426881.704532258212566 ], [ 486505.554243978462182, 4426754.140756139531732 ], [ 486923.474244367680512, 4426319.155795734375715 ], [ 487867.761989247170277, 4426203.774547627195716 ], [ 488556.555589888652321, 4425405.141586882993579 ], [ 488683.557190007006284, 4424754.6292022773996 ], [ 489054.553414352354594, 4424503.139922043308616 ], [ 489851.599175094743259, 4424347.549265897832811 ], [ 489862.04909510439029, 4423835.878993421792984 ], [ 489664.612678920500912, 4423025.966672667302191 ], [ 488756.556102074799128, 4421993.74087970610708 ], [ 489154.554182445514016, 4421803.139663528650999 ], [ 489666.02887092193123, 4421703.286351434886456 ], [ 490244.788551460893359, 4421405.14158315770328 ], [ 490656.555335844284855, 4421503.139407249167562 ], [ 491097.547080254997127, 4421654.092367389239371 ], [ 492040.906057133688591, 4421347.96449510473758 ], [ 493654.382922636228614, 4420711.587406511418521 ], [ 493662.415178643888794, 4420318.374478145502508 ], [ 493277.307210285100155, 4419669.619277541525662 ], [ 491557.312840683327522, 4417879.433803874067962 ], [ 490449.719623651704751, 4417001.30874705594033 ], [ 490067.835207295953296, 4416214.150730323046446 ], [ 489470.959942740271799, 4415809.561161946505308 ], [ 488755.554630073835142, 4415794.960969932377338 ], [ 487468.811588875600137, 4415821.206089956685901 ], [ 487056.750916491844691, 4415213.34535339102149 ], [ 487042.199876478349324, 4414499.795528726652265 ], [ 487254.553924675914459, 4412838.417991179041564 ], [ 486956.555588398477994, 4412103.164486494846642 ], [ 486654.553412117180414, 4411605.117510030977428 ], [ 486555.481412024819292, 4410592.177733086980879 ], [ 486265.564483754977118, 4409745.205828298814595 ], [ 486247.180611737887375, 4408843.59430745895952 ], [ 486354.554179837810807, 4408403.164739048108459 ], [ 486653.260100115905516, 4407666.738754362799227 ], [ 486664.123716126137879, 4407134.609985867515206 ], [ 486495.032643968588673, 4406613.564993381500244 ], [ 484925.30617850687122, 4406495.400513271801174 ], [ 484590.979394195252098, 4405123.916351994499564 ], [ 484298.596673922962509, 4404973.281855854205787 ], [ 483956.55609760445077, 4405205.11750407051295 ], [ 483254.55392095062416, 4405603.16473644040525 ], [ 482466.223424216615967, 4406264.931905057281256 ], [ 482056.555839835084043, 4406405.11750518810004 ], [ 481397.498175221146084, 4406565.810753337107599 ], [ 480859.558206720161252, 4407082.656321818940341 ], [ 480664.172862538252957, 4407884.121666565537453 ], [ 479997.693245917442255, 4408014.248514686711133 ], [ 479761.682749697822146, 4408500.723267139866948 ], [ 479306.360125273582526, 4408656.533059284090996 ], [ 477921.716539984219708, 4408454.189635096117854 ], [ 477056.55532317829784, 4408805.117507423274219 ], [ 476479.260986640700139, 4409032.852035635150969 ], [ 475756.555577967665158, 4409405.116995981894433 ], [ 475162.683705414528958, 4409693.25216425023973 ], [ 474958.215481224120595, 4410090.126916619949043 ], [ 474724.7690810066415, 4410917.812805390916765 ], [ 474113.245496437302791, 4411554.287173983640969 ], [ 473579.065655939630233, 4411727.626822144724429 ], [ 472794.95915920950938, 4412203.164230587892234 ], [ 472268.103990718838759, 4411988.368966387584805 ], [ 472121.717046582489274, 4411089.199685550294816 ], [ 471462.170933968271129, 4410875.136581351049244 ], [ 471344.397621858515777, 4409791.299140341579914 ], [ 470754.554165309178643, 4409505.117764075286686 ], [ 470364.611892945948057, 4409304.287811887450516 ], [ 469540.564276178483851, 4409189.248579780571163 ], [ 469570.83781220682431, 4407705.166402398608625 ], [ 469456.555316100246273, 4407003.164225745014846 ], [ 469246.546227904618718, 4406595.498561365529895 ], [ 469260.65694791788701, 4405904.140864721499383 ], [ 469245.056307903374545, 4405140.176448009908199 ], [ 469371.595060021267273, 4404646.42617554962635 ], [ 469150.03729981475044, 4404189.736511124297976 ], [ 467948.30366669560317, 4403669.765694640576839 ], [ 466569.129265411174856, 4403826.406974785961211 ], [ 465754.55364865262527, 4403505.117758487351239 ], [ 465256.55582418886479, 4403303.164478299207985 ], [ 464854.553903814288788, 4403205.117502207867801 ], [ 464322.937135319341905, 4402989.49279800709337 ], [ 463356.555566419265233, 4403009.219134025275707 ], [ 463454.553390510496683, 4402503.164477554149926 ], [ 463654.553902696701698, 4401526.650428644381464 ], [ 463525.061934576253407, 4401495.595580615103245 ], [ 462962.536750052240677, 4401507.070524626411498 ], [ 462364.636461495538242, 4401115.078204261139035 ], [ 461960.632621119148098, 4400519.082555705681443 ], [ 461684.559148862143047, 4399441.787450702860951 ], [ 461370.911020569852553, 4398013.027897371910512 ], [ 460956.11626818368677, 4397614.492217000573874 ], [ 460490.272043749806471, 4396654.28741610608995 ], [ 459627.259178946143948, 4396358.876727831549942 ], [ 458837.415210210368969, 4396561.318456020206213 ], [ 458456.555817855871283, 4396303.163959779776633 ], [ 457324.890408801729791, 4395678.360119197517633 ], [ 456822.40029633382801, 4395155.361334710381925 ], [ 456170.886439727037214, 4394638.808630229905248 ], [ 456009.021735576330684, 4394305.11774991825223 ], [ 455854.553383432445116, 4394403.164726009592414 ], [ 455356.555558968684636, 4394805.117494384758174 ], [ 455154.554150780546479, 4394903.164470476098359 ], [ 454417.468710094108246, 4395498.135095030069351 ], [ 453274.158373029320501, 4395205.117494757287204 ], [ 452754.5541485453723, 4395303.164470848627388 ], [ 452256.55530008149799, 4395505.117751035839319 ], [ 451754.553635614109226, 4395703.164471221156418 ], [ 450850.525474772206508, 4396094.277175584807992 ], [ 449942.883617926738225, 4395653.945911174640059 ], [ 449451.575585469254293, 4394826.309174404479563 ], [ 448854.065440912847407, 4394680.654390268027782 ], [ 448356.556064449367113, 4394303.163957917131484 ], [ 447646.497055788175203, 4394203.994677824899554 ], [ 447054.505247236811556, 4393899.062837541103363 ], [ 446412.024094638531096, 4393912.148533552885056 ], [ 445754.553630026173778, 4393805.116981453262269 ], [ 445307.55714960990008, 4393652.138549311086535 ], [ 444387.219740752712823, 4393472.451125143095851 ], [ 443879.602460279944353, 4392426.162740169093013 ], [ 442985.583899447345175, 4391675.674163470044732 ], [ 442080.945434604887851, 4391209.658931035548449 ], [ 441456.555290023214184, 4391103.163954936899245 ], [ 440183.752984837978147, 4390964.833842808380723 ], [ 439457.898776161833666, 4390612.685362479649484 ], [ 439066.565911797457375, 4390205.361714100465178 ], [ 438655.554839414660819, 4390197.012018092907965 ], [ 438063.660310863400809, 4390209.072690104134381 ], [ 437356.555542204878293, 4389903.163953819312155 ], [ 436657.849621554021724, 4389766.738481692038476 ], [ 436654.529813550994731, 4389604.140593540854752 ], [ 436662.610197558649816, 4389208.974897172302008 ], [ 436356.799765273812227, 4388615.37131262011826 ], [ 436349.817109267343767, 4388272.988720300607383 ], [ 436854.553877737256698, 4387503.163951584137976 ], [ 437256.555798111832701, 4387005.116975120268762 ], [ 437838.123286653426476, 4386220.644910389557481 ], [ 438454.553879227372818, 4385703.164461907930672 ], [ 439041.467671773978509, 4385318.349357549101114 ], [ 439221.936407942208461, 4383729.531436069868505 ], [ 438856.55579960194882, 4382803.164715206250548 ], [ 438154.553622948122211, 4382405.117482836358249 ], [ 437740.783894562744536, 4382091.152938543818891 ], [ 436178.186517107416876, 4382123.086378573440015 ], [ 435627.405588594381697, 4381705.117226184345782 ], [ 435149.646100149606355, 4381804.141098276712 ], [ 434574.54926761391107, 4382402.724394833669066 ], [ 433888.440594975021668, 4382416.738858846947551 ], [ 433270.251794399111532, 4382205.116970649920404 ], [ 432951.013650101958774, 4382498.183722922578454 ], [ 432554.992913733120076, 4383314.491947682574391 ], [ 432254.553361453232355, 4383603.164715951308608 ], [ 431898.914065122022294, 4384202.236460509710014 ], [ 431754.724624987808056, 4384205.166124512441456 ], [ 431010.974992295145057, 4384052.822572370991111 ], [ 430679.431439986336045, 4384371.42583666741848 ], [ 430454.553871776792221, 4384703.163948976434767 ], [ 430214.95425555377733, 4385196.963373435661197 ], [ 429454.553358845529146, 4385303.164461535401642 ], [ 429065.613582483376376, 4385436.270125659182668 ], [ 426654.553356237825938, 4385305.11722953710705 ], [ 425383.191819053725339, 4385044.766253294423223 ], [ 423856.555273631936871, 4385305.11722953710705 ], [ 422337.317128217197023, 4385428.994605652056634 ], [ 421428.74855137092527, 4385797.548589995130897 ], [ 421005.554950976860709, 4385806.191150004044175 ], [ 420284.729606305365451, 4385791.494701989926398 ], [ 419987.219718028442003, 4385935.830574124120176 ], [ 419856.555269906646572, 4386205.116974375210702 ], [ 419113.807109214947559, 4386350.136878510005772 ], [ 418946.496773059130646, 4386510.879278659820557 ], [ 418962.536709074047394, 4387296.328239391557872 ], [ 418401.062148551107384, 4388124.64900816231966 ], [ 417964.881156145012937, 4388971.328048950992525 ], [ 417759.876355954096653, 4389603.018289539963007 ], [ 417172.571395407081582, 4389615.029809550382197 ], [ 416754.554115017759614, 4389305.117233262397349 ], [ 416274.548994570621289, 4388805.556784796528518 ], [ 416055.554306366830133, 4388801.064496792852879 ], [ 415455.554817807977088, 4388813.320752804167569 ], [ 414260.364544694893993, 4388788.955696781165898 ], [ 413956.556032411870547, 4389105.117745075374842 ], [ 413235.608831740566529, 4389533.095473474822938 ], [ 412932.28774345794227, 4389824.502321746200323 ], [ 412364.318974929046817, 4390995.253810836002231 ], [ 411778.357502383296378, 4391468.251699276268482 ], [ 410256.555260965949856, 4391962.100275736302137 ], [ 410354.554109057295136, 4392405.117492149583995 ], [ 410648.767741331248544, 4393421.816373095847666 ], [ 410669.812989350990392, 4394453.359158056788146 ], [ 410554.553597243619151, 4394903.164470476098359 ], [ 410435.144957132288255, 4395758.437943272292614 ], [ 409880.237308615469374, 4396835.6347442753613 ], [ 409736.047868481255136, 4398898.574906196445227 ], [ 408769.959163581603207, 4399472.06098673120141 ], [ 408456.555771289509721, 4400244.766267450526357 ], [ 408673.132795491372235, 4401076.504124225117266 ], [ 409954.554108684766106, 4403563.955774541944265 ], [ 409149.890811935416423, 4403957.265982908196747 ], [ 408323.37740316556301, 4403531.484734511002898 ], [ 407989.295354854431935, 4403879.238206835463643 ], [ 406856.653049799497239, 4404100.332095040939748 ], [ 406848.913657792494632, 4404479.580735394731164 ], [ 407048.547577978228219, 4405094.814271967858076 ], [ 407154.554106077062897, 4405205.11750407051295 ], [ 407538.562298434670083, 4405574.062656413763762 ], [ 407731.359994614147581, 4405948.330560762435198 ], [ 407883.948282756260596, 4406885.732929635792971 ], [ 408453.821691287099384, 4407991.982658665627241 ], [ 408561.194235387141816, 4408432.41222707554698 ], [ 408854.211835659923963, 4409288.467011872678995 ], [ 408861.390075666713528, 4409640.17619620077312 ], [ 408556.555515382788144, 4410105.117252633906901 ], [ 408164.490491017582826, 4410621.81638911459595 ], [ 408055.603450916125439, 4411512.83258194476366 ], [ 407556.556026451406069, 4412481.630790847353637 ], [ 407676.013818562612869, 4413363.588679668493569 ], [ 408374.35314721299801, 4413917.251144183799624 ], [ 409456.555260220891796, 4415103.139401288703084 ], [ 409574.841596331098117, 4415950.38061807770282 ], [ 409854.553340591606684, 4416493.374026583507657 ], [ 409734.729980480042286, 4416630.044234710745513 ], [ 409459.216636223369278, 4416894.74106695689261 ], [ 409321.716988095431589, 4417431.313995456323028 ], [ 409454.553340219077654, 4417705.14183571189642 ], [ 409622.937852375791408, 4418031.972940016537905 ], [ 409363.48902013420593, 4418301.992524268105626 ], [ 408556.555515382788144, 4418405.142092363908887 ], [ 407669.129466556361876, 4418513.588812464848161 ], [ 407479.748858380015008, 4419676.919373547658324 ], [ 407085.608186012716033, 4420087.149133929982781 ], [ 406665.149689621175639, 4420303.750734131783247 ], [ 405979.309304982540198, 4420415.395406235940754 ], [ 405756.555512775084935, 4421205.142094971612096 ], [ 405556.55602458876092, 4421593.374287333339453 ], [ 405837.146360850078054, 4422318.642768008634448 ], [ 406552.893689516582526, 4423261.904464887455106 ], [ 405954.554104959475808, 4424003.140177577733994 ], [ 405204.040952260489576, 4425386.196562865749002 ], [ 404856.555767936748452, 4425505.142354976385832 ], [ 403720.861942879273556, 4425628.530259091407061 ], [ 402903.553270117961802, 4426602.139219997450709 ], [ 402426.257653673528694, 4427246.010964597575366 ], [ 401857.043701143353246, 4427792.909909106791019 ], [ 401755.310325048514642, 4428210.268757495097816 ], [ 401464.661236778018065, 4428489.516629755496979 ], [ 401053.772020395263098, 4429043.789398271590471 ], [ 400254.553331650909968, 4429303.139926513656974 ], [ 399556.556019000825472, 4429605.142102794721723 ], [ 399405.554930860293098, 4429654.140502840280533 ] ] ] ] } }
]
}
